"","LME1636","LME1637","LME1656","LME1663","LME1668","LME1670","LME1679","LME1689","LME1692","LME1695","LME1698","LME1701","LME1702","LME1705","LME1708","LME1714"
"ASV1",9485,5117,15573,5881,15253,9213,7455,2036,434,16655,24710,23995,21726,24967,16183,15554
"ASV2",2789,1483,7142,2323,6084,3412,1929,498,228,5033,7680,8020,8904,13359,5361,5273
"ASV3",523,168,1435,917,1517,1281,791,171,56,2638,3930,3671,1976,4613,2142,2064
"ASV4",710,277,4103,1345,2662,1216,1777,514,75,2577,1590,1829,2503,908,2901,2497
"ASV5",720,0,1713,0,1936,1000,760,138,0,1946,1825,3008,1568,4958,1217,2507
"ASV6",4271,1945,19,18,131,985,7482,670,4911,688,32,45,327,32,211,661
"ASV7",159,0,176,0,39,0,561,4278,14088,0,0,39,0,0,0,0
"ASV8",624,320,0,0,0,232,2116,106,1172,177,0,0,0,0,78,153
"ASV11",0,0,11,0,472,541,64,239,71,0,142,250,772,212,543,377
"ASV12",0,0,46,0,444,247,72,32,38,224,0,666,395,87,294,369
"ASV13",0,0,279,0,341,294,0,0,0,328,0,0,0,484,658,455
"ASV14",170,218,235,0,139,425,153,236,0,104,30,0,0,105,496,0
"ASV16",0,0,0,0,0,0,0,0,0,0,601,321,337,385,0,0
"ASV18",0,0,0,0,773,0,0,0,0,122,0,0,445,0,0,220
"ASV19",0,0,25,0,184,160,222,0,132,0,47,68,226,59,179,99
"ASV20",150,45,82,0,0,0,57,0,0,395,0,348,58,42,0,56
"ASV21",0,0,0,0,0,0,0,0,1097,0,0,0,0,0,0,0
"ASV24",0,0,8,0,269,0,0,0,0,331,18,0,342,0,0,0
"ASV25",382,56,0,0,45,0,45,0,0,43,0,102,146,0,72,60
"ASV26",0,0,0,0,0,0,0,0,0,639,0,263,0,0,0,0
"ASV27",0,0,40,0,0,0,0,0,0,90,317,163,103,182,0,0
"ASV28",277,0,0,0,0,0,402,0,205,0,0,0,0,0,0,0
"ASV29",0,0,832,0,0,0,0,0,0,0,0,0,0,0,0,0
"ASV31",9,0,93,89,0,24,24,84,0,43,289,0,0,59,43,20
"ASV32",0,0,772,0,0,0,0,0,0,0,0,0,0,0,0,0
"ASV34",21,57,26,76,6,0,92,231,185,11,13,5,0,0,34,0
"ASV35",0,0,0,0,0,0,0,0,0,63,191,156,94,231,0,0
"ASV38",0,0,640,0,0,0,0,0,0,0,0,0,0,0,0,0
"ASV39",86,0,50,0,0,0,0,0,0,207,0,214,78,0,0,0
"ASV40",22,0,0,0,0,126,172,81,61,0,0,67,48,0,41,0
"ASV41",34,34,83,0,46,148,41,49,0,37,0,0,0,39,105,0
"ASV42",0,0,611,0,0,0,0,0,0,0,0,0,0,0,0,0
"ASV43",0,0,593,0,0,0,0,0,0,0,0,0,0,0,0,0
"ASV44",0,0,590,0,0,0,0,0,0,0,0,0,0,0,0,0
"ASV45",0,0,588,0,0,0,0,0,0,0,0,0,0,0,0,0
"ASV47",0,0,577,0,0,0,0,0,0,0,0,0,0,0,0,0
"ASV48",0,0,572,0,0,0,0,0,0,0,0,0,0,0,0,0
"ASV49",0,0,0,0,0,92,82,107,47,0,0,0,87,20,53,69
"ASV50",237,0,0,273,0,0,0,0,0,0,0,0,0,44,0,0
"ASV52",32,0,47,0,0,174,26,60,0,0,0,0,0,0,201,0
"ASV53",0,0,520,0,0,0,0,0,0,0,0,0,0,0,0,0
"ASV54",0,0,486,0,0,0,0,0,0,0,0,0,0,0,0,0
"ASV55",0,0,472,0,0,0,0,0,0,0,0,0,0,0,0,0
"ASV56",11,0,458,0,0,0,0,0,0,0,0,0,0,0,0,0
"ASV57",0,0,466,0,0,0,0,0,0,0,0,0,0,0,0,0
"ASV58",0,0,465,0,0,0,0,0,0,0,0,0,0,0,0,0
"ASV60",0,0,0,0,448,0,13,0,0,0,0,0,0,0,0,0
"ASV65",0,0,0,0,0,0,0,0,0,0,0,147,288,0,0,0
"ASV67",0,0,429,0,0,0,0,0,0,0,0,0,0,0,0,0
"ASV70",0,0,421,0,0,0,0,0,0,0,0,0,0,0,0,0
"ASV71",0,0,0,0,0,0,0,0,405,0,0,0,0,0,0,0
"ASV73",0,0,0,0,0,0,0,327,53,0,0,0,0,0,0,0
"ASV74",0,0,377,0,0,0,0,0,0,0,0,0,0,0,0,0
"ASV77",0,0,369,0,0,0,0,0,0,0,0,0,0,0,0,0
"ASV78",0,0,359,0,0,0,0,0,0,0,0,0,0,0,0,0
"ASV81",0,0,347,0,0,0,0,0,0,0,0,0,0,0,0,0
"ASV83",0,0,0,0,0,0,0,0,0,200,0,0,0,138,0,0
"ASV84",0,0,320,0,0,0,0,0,0,0,0,0,0,0,0,0
"ASV85",0,0,320,0,0,0,0,0,0,0,0,0,0,0,0,0
"ASV87",0,0,318,0,0,0,0,0,0,0,0,0,0,0,0,0
"ASV88",0,0,0,0,0,0,0,0,303,0,0,0,0,0,0,0
"ASV89",49,0,0,0,69,0,0,0,0,0,0,0,182,0,0,0
"ASV90",0,0,296,0,0,0,0,0,0,0,0,0,0,0,0,0
"ASV91",0,0,294,0,0,0,0,0,0,0,0,0,0,0,0,0
"ASV93",0,0,0,0,0,0,0,0,0,152,0,0,140,0,0,0
"ASV94",0,0,289,0,0,0,0,0,0,0,0,0,0,0,0,0
"ASV95",243,0,0,0,0,0,0,0,0,0,0,0,0,45,0,0
"ASV97",166,0,0,0,0,0,0,0,0,0,0,0,0,110,0,0
"ASV99",0,0,0,0,0,153,0,0,0,0,0,0,0,0,122,0
"ASV100",0,0,0,0,0,0,0,0,275,0,0,0,0,0,0,0
"ASV101",0,0,274,0,0,0,0,0,0,0,0,0,0,0,0,0
"ASV102",0,0,274,0,0,0,0,0,0,0,0,0,0,0,0,0
"ASV104",0,0,271,0,0,0,0,0,0,0,0,0,0,0,0,0
"ASV105",0,0,0,0,0,0,0,0,262,0,0,0,0,0,0,0
"ASV107",0,0,248,0,0,0,0,0,0,0,0,0,0,0,0,0
"ASV109",0,0,246,0,0,0,0,0,0,0,0,0,0,0,0,0
"ASV114",186,0,0,0,0,0,0,0,0,0,0,0,0,50,0,0
"ASV115",126,0,0,0,65,0,0,0,0,0,0,0,0,44,0,0
"ASV117",23,27,0,0,6,13,0,13,0,0,24,13,30,0,0,85
"ASV120",0,0,0,0,0,0,0,0,0,13,194,23,0,0,0,0
"ASV121",0,0,0,0,183,0,0,0,0,23,0,0,23,0,0,0
"ASV123",0,0,0,0,0,15,57,32,41,0,0,22,24,0,35,0
"ASV124",0,0,223,0,0,0,0,0,0,0,0,0,0,0,0,0
"ASV125",11,0,20,0,0,16,0,0,2,0,0,34,32,37,20,43
"ASV127",30,0,0,0,0,0,0,39,0,0,0,0,0,0,91,52
"ASV128",0,0,210,0,0,0,0,0,0,0,0,0,0,0,0,0
"ASV129",0,0,208,0,0,0,0,0,0,0,0,0,0,0,0,0
"ASV130",0,0,0,0,0,0,148,0,56,0,0,0,0,0,0,0
"ASV131",0,0,0,0,0,0,0,0,0,0,0,0,203,0,0,0
"ASV132",158,0,0,0,0,0,0,0,0,0,0,0,0,44,0,0
"ASV133",0,0,199,0,0,0,0,0,0,0,0,0,0,0,0,0
"ASV135",0,0,195,0,0,0,0,0,0,0,0,0,0,0,0,0
"ASV137",0,0,192,0,0,0,0,0,0,0,0,0,0,0,0,0
"ASV140",0,0,186,0,0,0,0,0,0,0,0,0,0,0,0,0
"ASV143",132,0,0,0,0,0,0,0,0,0,0,0,0,51,0,0
"ASV146",0,32,0,0,0,0,0,0,7,0,54,0,51,13,0,22
"ASV151",0,0,174,0,0,0,0,0,0,0,0,0,0,0,0,0
"ASV152",0,0,0,0,0,0,0,0,0,0,0,0,55,0,0,117
"ASV154",167,0,0,0,0,0,0,0,0,0,0,0,0,0,0,0
"ASV155",0,0,0,0,0,27,0,0,0,0,0,74,0,66,0,0
"ASV157",0,0,0,0,0,0,0,0,0,130,0,0,0,36,0,0
"ASV158",0,0,164,0,0,0,0,0,0,0,0,0,0,0,0,0
"ASV159",66,0,0,0,0,0,97,0,0,0,0,0,0,0,0,0
"ASV160",0,0,0,0,0,163,0,0,0,0,0,0,0,0,0,0
"ASV161",0,0,0,0,0,12,0,0,0,0,0,0,32,37,27,55
"ASV162",0,0,0,0,0,0,0,0,0,0,43,0,0,0,120,0
"ASV165",0,0,0,0,0,17,0,5,0,0,0,0,92,0,48,0
"ASV167",0,0,159,0,0,0,0,0,0,0,0,0,0,0,0,0
"ASV170",0,0,0,0,0,29,0,0,0,0,64,0,0,56,0,0
"ASV171",0,0,0,0,0,0,0,0,113,0,0,0,0,0,0,35
"ASV174",146,0,0,0,0,0,0,0,0,0,0,0,0,0,0,0
"ASV177",0,0,0,0,143,0,0,0,0,0,0,0,0,0,0,0
"ASV179",0,0,142,0,0,0,0,0,0,0,0,0,0,0,0,0
"ASV180",141,0,0,0,0,0,0,0,0,0,0,0,0,0,0,0
"ASV182",0,0,140,0,0,0,0,0,0,0,0,0,0,0,0,0
"ASV183",0,0,0,0,0,0,0,140,0,0,0,0,0,0,0,0
"ASV188",0,0,0,0,110,0,0,0,0,0,0,0,0,0,13,10
"ASV189",0,0,0,0,0,0,129,0,0,0,0,0,0,0,0,0
"ASV195",0,0,0,0,0,0,24,0,0,44,33,0,0,0,22,0
"ASV197",0,0,0,0,56,0,0,0,0,35,0,0,0,0,31,0
"ASV198",28,0,0,0,0,0,0,0,0,0,0,0,0,0,36,57
"ASV200",119,0,0,0,0,0,0,0,0,0,0,0,0,0,0,0
"ASV201",0,0,0,0,65,0,0,0,0,37,0,0,0,0,17,0
"ASV202",0,0,0,0,0,0,0,0,0,0,0,0,0,0,0,119
"ASV203",88,0,0,0,0,0,0,0,0,0,0,0,0,30,0,0
"ASV204",0,0,0,0,69,0,0,0,0,36,0,0,0,0,13,0
"ASV206",115,0,0,0,0,0,0,0,0,0,0,0,0,0,0,0
"ASV207",114,0,0,0,0,0,0,0,0,0,0,0,0,0,0,0
"ASV211",112,0,0,0,0,0,0,0,0,0,0,0,0,0,0,0
"ASV216",0,0,0,0,0,76,0,0,0,0,0,0,0,0,34,0
"ASV218",0,0,0,0,109,0,0,0,0,0,0,0,0,0,0,0
"ASV219",108,0,0,0,0,0,0,0,0,0,0,0,0,0,0,0
"ASV223",0,0,18,0,0,35,0,0,0,7,0,0,0,0,44,4
"ASV224",0,0,0,0,0,0,108,0,0,0,0,0,0,0,0,0
"ASV226",0,0,0,0,77,0,0,0,0,30,0,0,0,0,0,0
"ASV229",0,0,0,0,0,0,0,0,0,0,0,38,45,23,0,0
"ASV231",0,0,103,0,0,0,0,0,0,0,0,0,0,0,0,0
"ASV233",102,0,0,0,0,0,0,0,0,0,0,0,0,0,0,0
"ASV235",23,0,0,0,0,0,14,0,0,0,0,0,0,0,64,0
"ASV236",0,0,0,0,0,0,41,0,0,0,0,52,0,0,0,6
"ASV243",0,0,96,0,0,0,0,0,0,0,0,0,0,0,0,0
"ASV244",0,0,0,0,0,0,96,0,0,0,0,0,0,0,0,0
"ASV247",72,0,0,0,0,0,0,0,0,0,0,0,0,22,0,0
"ASV248",8,0,0,0,0,14,19,18,0,0,0,0,0,0,17,17
"ASV251",0,0,0,0,0,0,0,0,0,42,0,0,0,0,50,0
"ASV254",0,0,0,0,86,0,0,0,0,0,0,0,0,0,0,0
"ASV257",0,0,0,0,0,0,55,0,0,0,0,0,30,0,0,0
"ASV265",81,0,0,0,0,0,0,0,0,0,0,0,0,0,0,0
"ASV267",0,0,0,0,0,0,0,0,0,30,0,0,0,0,51,0
"ASV268",0,0,0,0,0,0,0,0,0,0,0,81,0,0,0,0
"ASV269",0,0,80,0,0,0,0,0,0,0,0,0,0,0,0,0
"ASV270",0,0,0,0,80,0,0,0,0,0,0,0,0,0,0,0
"ASV275",0,0,0,0,0,0,0,64,15,0,0,0,0,0,0,0
"ASV276",0,0,0,0,0,0,0,0,0,79,0,0,0,0,0,0
"ASV281",0,0,74,0,0,0,0,0,0,0,0,0,0,0,0,0
"ASV282",0,0,0,0,0,0,0,0,0,33,0,0,0,0,41,0
"ASV284",0,0,72,0,0,0,0,0,0,0,0,0,0,0,0,0
"ASV286",0,0,71,0,0,0,0,0,0,0,0,0,0,0,0,0
"ASV289",0,0,70,0,0,0,0,0,0,0,0,0,0,0,0,0
"ASV290",69,0,0,0,0,0,0,0,0,0,0,0,0,0,0,0
"ASV299",0,0,0,0,0,4,0,0,0,0,0,0,0,0,0,63
"ASV302",0,0,0,0,0,0,0,0,0,12,0,7,6,18,8,14
"ASV303",64,0,0,0,0,0,0,0,0,0,0,0,0,0,0,0
"ASV305",0,0,64,0,0,0,0,0,0,0,0,0,0,0,0,0
"ASV306",0,0,0,0,0,39,0,0,0,0,0,0,0,0,25,0
"ASV309",0,0,0,0,0,63,0,0,0,0,0,0,0,0,0,0
"ASV312",0,62,0,0,0,0,0,0,0,0,0,0,0,0,0,0
"ASV314",0,0,0,0,0,0,0,0,0,10,0,19,4,7,2,20
"ASV315",0,0,61,0,0,0,0,0,0,0,0,0,0,0,0,0
"ASV316",0,0,61,0,0,0,0,0,0,0,0,0,0,0,0,0
"ASV317",0,0,61,0,0,0,0,0,0,0,0,0,0,0,0,0
"ASV318",0,0,0,0,0,61,0,0,0,0,0,0,0,0,0,0
"ASV319",0,0,0,0,0,0,0,61,0,0,0,0,0,0,0,0
"ASV320",0,0,0,0,0,0,0,51,10,0,0,0,0,0,0,0
"ASV322",0,0,0,0,60,0,0,0,0,0,0,0,0,0,0,0
"ASV323",0,0,59,0,0,0,0,0,0,0,0,0,0,0,0,0
"ASV325",14,0,12,0,0,12,0,0,0,0,11,0,0,9,0,0
"ASV327",0,0,58,0,0,0,0,0,0,0,0,0,0,0,0,0
"ASV328",0,0,0,0,0,0,0,0,0,0,58,0,0,0,0,0
"ASV329",0,0,0,0,0,0,0,0,0,0,0,0,58,0,0,0
"ASV330",57,0,0,0,0,0,0,0,0,0,0,0,0,0,0,0
"ASV334",0,0,0,0,57,0,0,0,0,0,0,0,0,0,0,0
"ASV335",28,0,28,0,0,0,0,0,0,0,0,0,0,0,0,0
"ASV338",0,0,0,0,56,0,0,0,0,0,0,0,0,0,0,0
"ASV339",0,0,0,0,26,0,0,0,0,0,0,0,0,0,30,0
"ASV342",55,0,0,0,0,0,0,0,0,0,0,0,0,0,0,0
"ASV343",55,0,0,0,0,0,0,0,0,0,0,0,0,0,0,0
"ASV347",29,0,0,0,0,0,0,0,0,0,0,8,16,0,0,0
"ASV348",0,53,0,0,0,0,0,0,0,0,0,0,0,0,0,0
"ASV350",0,0,0,0,53,0,0,0,0,0,0,0,0,0,0,0
"ASV351",0,0,0,0,53,0,0,0,0,0,0,0,0,0,0,0
"ASV352",52,0,0,0,0,0,0,0,0,0,0,0,0,0,0,0
"ASV353",0,0,52,0,0,0,0,0,0,0,0,0,0,0,0,0
"ASV354",0,0,0,0,0,0,0,0,0,0,52,0,0,0,0,0
"ASV357",0,0,51,0,0,0,0,0,0,0,0,0,0,0,0,0
"ASV358",0,0,51,0,0,0,0,0,0,0,0,0,0,0,0,0
"ASV359",0,0,0,0,0,51,0,0,0,0,0,0,0,0,0,0
"ASV363",0,49,0,0,0,0,0,0,0,0,0,0,0,0,0,0
"ASV364",0,0,49,0,0,0,0,0,0,0,0,0,0,0,0,0
"ASV366",0,0,49,0,0,0,0,0,0,0,0,0,0,0,0,0
"ASV367",0,0,49,0,0,0,0,0,0,0,0,0,0,0,0,0
"ASV368",0,0,0,0,49,0,0,0,0,0,0,0,0,0,0,0
"ASV369",0,0,0,0,0,0,0,0,0,0,0,49,0,0,0,0
"ASV372",0,0,48,0,0,0,0,0,0,0,0,0,0,0,0,0
"ASV373",0,0,0,36,0,0,0,0,0,0,12,0,0,0,0,0
"ASV376",0,0,47,0,0,0,0,0,0,0,0,0,0,0,0,0
"ASV377",0,0,47,0,0,0,0,0,0,0,0,0,0,0,0,0
"ASV378",0,0,0,0,47,0,0,0,0,0,0,0,0,0,0,0
"ASV381",0,0,0,0,0,0,46,0,0,0,0,0,0,0,0,0
"ASV382",0,0,0,0,0,0,0,0,0,0,0,0,0,28,0,18
"ASV383",11,0,0,0,12,0,0,0,0,0,9,0,13,0,0,0
"ASV384",0,0,0,0,45,0,0,0,0,0,0,0,0,0,0,0
"ASV391",0,0,44,0,0,0,0,0,0,0,0,0,0,0,0,0
"ASV392",0,0,0,0,44,0,0,0,0,0,0,0,0,0,0,0
"ASV393",0,0,0,0,44,0,0,0,0,0,0,0,0,0,0,0
"ASV394",0,0,0,0,32,0,0,0,0,0,0,0,0,12,0,0
"ASV395",0,0,0,0,30,0,0,0,0,0,0,14,0,0,0,0
"ASV396",0,0,0,0,0,0,0,0,44,0,0,0,0,0,0,0
"ASV397",0,0,0,0,0,0,0,0,0,44,0,0,0,0,0,0
"ASV400",0,0,0,0,43,0,0,0,0,0,0,0,0,0,0,0
"ASV401",0,0,0,0,33,0,0,0,0,0,0,0,0,10,0,0
"ASV404",0,0,0,0,0,0,0,0,0,0,0,0,0,0,43,0
"ASV406",20,0,0,0,0,0,0,0,0,0,0,0,22,0,0,0
"ASV408",0,0,42,0,0,0,0,0,0,0,0,0,0,0,0,0
"ASV410",0,0,0,0,0,42,0,0,0,0,0,0,0,0,0,0
"ASV412",0,0,0,0,0,0,0,0,0,0,0,0,0,42,0,0
"ASV415",0,0,41,0,0,0,0,0,0,0,0,0,0,0,0,0
"ASV416",0,0,0,0,0,0,0,0,0,25,16,0,0,0,0,0
"ASV419",0,0,0,0,0,0,0,0,0,0,0,41,0,0,0,0
"ASV423",0,0,40,0,0,0,0,0,0,0,0,0,0,0,0,0
"ASV426",0,0,0,0,40,0,0,0,0,0,0,0,0,0,0,0
"ASV428",0,0,0,0,0,0,0,0,0,28,12,0,0,0,0,0
"ASV434",0,0,39,0,0,0,0,0,0,0,0,0,0,0,0,0
"ASV441",0,0,0,0,0,0,0,0,0,37,0,0,0,0,0,0
"ASV444",0,0,0,0,36,0,0,0,0,0,0,0,0,0,0,0
"ASV445",0,0,0,0,36,0,0,0,0,0,0,0,0,0,0,0
"ASV447",0,0,0,0,0,0,36,0,0,0,0,0,0,0,0,0
"ASV450",0,0,0,0,0,0,0,0,0,0,36,0,0,0,0,0
"ASV451",0,0,0,0,0,0,0,0,0,0,0,0,0,0,36,0
"ASV463",0,0,0,0,0,0,0,0,0,34,0,0,0,0,0,0
"ASV464",0,0,0,0,0,0,0,0,0,0,34,0,0,0,0,0
"ASV467",0,0,0,0,33,0,0,0,0,0,0,0,0,0,0,0
"ASV472",0,0,32,0,0,0,0,0,0,0,0,0,0,0,0,0
"ASV473",0,0,32,0,0,0,0,0,0,0,0,0,0,0,0,0
"ASV478",0,0,0,0,0,0,0,0,0,32,0,0,0,0,0,0
"ASV479",0,0,0,0,0,0,0,0,0,0,0,0,32,0,0,0
"ASV480",0,0,0,0,0,0,0,0,0,0,0,0,32,0,0,0
"ASV482",31,0,0,0,0,0,0,0,0,0,0,0,0,0,0,0
"ASV483",31,0,0,0,0,0,0,0,0,0,0,0,0,0,0,0
"ASV491",0,0,0,0,0,0,0,0,0,0,0,0,0,0,31,0
"ASV496",0,0,0,0,0,0,0,0,0,30,0,0,0,0,0,0
"ASV497",0,0,0,0,0,0,0,0,0,13,17,0,0,0,0,0
"ASV498",0,0,0,0,0,0,0,0,0,0,30,0,0,0,0,0
"ASV504",0,0,0,0,29,0,0,0,0,0,0,0,0,0,0,0
"ASV505",0,0,0,0,0,29,0,0,0,0,0,0,0,0,0,0
"ASV508",0,0,0,0,0,0,0,0,0,0,0,29,0,0,0,0
"ASV510",0,0,0,0,0,0,0,0,0,0,0,0,0,0,29,0
"ASV511",0,0,0,0,0,0,0,0,0,0,0,0,0,0,29,0
"ASV512",0,0,0,0,0,0,0,0,0,0,0,0,0,0,0,29
"ASV513",28,0,0,0,0,0,0,0,0,0,0,0,0,0,0,0
"ASV514",28,0,0,0,0,0,0,0,0,0,0,0,0,0,0,0
"ASV519",0,0,0,0,0,0,0,0,0,0,0,0,0,0,28,0
"ASV527",0,0,0,0,0,0,0,27,0,0,0,0,0,0,0,0
"ASV530",0,0,0,0,0,0,0,0,0,1,0,0,9,17,0,0
"ASV531",0,0,0,0,0,0,0,0,0,0,27,0,0,0,0,0
"ASV532",0,0,0,0,0,0,0,0,0,0,27,0,0,0,0,0
"ASV533",0,0,0,0,0,0,0,0,0,0,0,0,0,0,27,0
"ASV537",0,0,0,0,26,0,0,0,0,0,0,0,0,0,0,0
"ASV538",0,0,0,0,0,0,26,0,0,0,0,0,0,0,0,0
"ASV539",0,0,0,0,0,0,0,0,0,26,0,0,0,0,0,0
"ASV540",0,0,0,0,0,0,0,0,0,0,0,0,0,0,26,0
"ASV541",0,0,0,0,0,0,0,0,0,0,0,0,0,0,26,0
"ASV542",0,0,0,0,0,0,0,0,0,0,0,0,0,0,26,0
"ASV543",0,0,0,0,0,0,0,0,0,0,0,0,0,0,0,26
"ASV544",25,0,0,0,0,0,0,0,0,0,0,0,0,0,0,0
"ASV547",0,0,25,0,0,0,0,0,0,0,0,0,0,0,0,0
"ASV551",0,0,0,0,0,0,25,0,0,0,0,0,0,0,0,0
"ASV560",0,0,0,0,0,0,0,0,0,0,0,0,0,0,24,0
"ASV561",0,0,0,0,0,0,0,0,0,0,0,0,0,0,24,0
"ASV574",0,0,0,0,0,0,0,0,0,0,23,0,0,0,0,0
"ASV575",0,0,0,0,0,0,0,0,0,0,0,8,0,0,15,0
"ASV582",0,0,0,0,0,0,0,0,0,22,0,0,0,0,0,0
"ASV583",0,0,0,0,0,0,0,0,0,22,0,0,0,0,0,0
"ASV595",0,0,0,0,21,0,0,0,0,0,0,0,0,0,0,0
"ASV596",0,0,0,0,0,0,0,21,0,0,0,0,0,0,0,0
"ASV597",0,0,0,0,0,0,0,0,21,0,0,0,0,0,0,0
"ASV601",0,0,0,0,0,0,0,0,0,0,0,0,0,21,0,0
"ASV602",0,0,0,0,0,0,0,0,0,0,0,0,0,0,21,0
"ASV609",0,0,0,0,0,0,0,0,0,0,20,0,0,0,0,0
"ASV624",0,0,0,0,0,0,0,0,0,0,0,0,19,0,0,0
"ASV625",0,0,0,0,0,0,0,0,0,0,0,0,19,0,0,0
"ASV626",0,0,0,0,0,0,0,0,0,0,0,0,19,0,0,0
"ASV627",0,18,0,0,0,0,0,0,0,0,0,0,0,0,0,0
"ASV630",0,0,0,0,0,18,0,0,0,0,0,0,0,0,0,0
"ASV634",0,0,0,0,0,0,0,0,0,0,18,0,0,0,0,0
"ASV639",0,0,17,0,0,0,0,0,0,0,0,0,0,0,0,0
"ASV643",0,0,0,0,17,0,0,0,0,0,0,0,0,0,0,0
"ASV644",0,0,0,0,17,0,0,0,0,0,0,0,0,0,0,0
"ASV647",0,0,0,0,0,0,0,10,7,0,0,0,0,0,0,0
"ASV649",0,0,0,0,0,0,0,0,0,17,0,0,0,0,0,0
"ASV658",0,0,0,0,0,0,0,16,0,0,0,0,0,0,0,0
"ASV662",0,0,0,0,0,0,0,0,0,0,0,0,0,16,0,0
"ASV664",15,0,0,0,0,0,0,0,0,0,0,0,0,0,0,0
"ASV670",0,0,0,0,0,0,0,15,0,0,0,0,0,0,0,0
"ASV671",0,0,0,0,0,0,0,0,15,0,0,0,0,0,0,0
"ASV674",0,0,0,0,0,0,0,0,0,0,0,0,15,0,0,0
"ASV675",0,0,0,0,0,0,0,0,0,0,0,0,0,15,0,0
"ASV677",0,0,0,0,0,0,0,0,0,0,0,0,0,0,15,0
"ASV679",0,0,0,0,0,0,0,0,0,0,0,0,0,0,0,15
"ASV687",0,0,14,0,0,0,0,0,0,0,0,0,0,0,0,0
"ASV689",0,0,0,0,14,0,0,0,0,0,0,0,0,0,0,0
"ASV690",0,0,0,0,14,0,0,0,0,0,0,0,0,0,0,0
"ASV691",0,0,0,0,14,0,0,0,0,0,0,0,0,0,0,0
"ASV693",0,0,0,0,0,0,14,0,0,0,0,0,0,0,0,0
"ASV697",0,0,0,0,0,0,0,0,0,14,0,0,0,0,0,0
"ASV702",0,0,0,0,0,0,0,0,0,0,0,0,0,0,14,0
"ASV705",0,0,13,0,0,0,0,0,0,0,0,0,0,0,0,0
"ASV713",0,0,0,0,0,0,0,0,0,13,0,0,0,0,0,0
"ASV714",0,0,0,0,0,0,0,0,0,13,0,0,0,0,0,0
"ASV716",0,0,0,0,0,0,0,0,0,0,0,13,0,0,0,0
"ASV720",12,0,0,0,0,0,0,0,0,0,0,0,0,0,0,0
"ASV725",0,0,12,0,0,0,0,0,0,0,0,0,0,0,0,0
"ASV726",0,0,12,0,0,0,0,0,0,0,0,0,0,0,0,0
"ASV727",0,0,12,0,0,0,0,0,0,0,0,0,0,0,0,0
"ASV732",0,0,0,0,12,0,0,0,0,0,0,0,0,0,0,0
"ASV734",0,0,0,0,2,4,4,0,0,0,0,0,0,0,2,0
"ASV735",0,0,0,0,0,0,0,12,0,0,0,0,0,0,0,0
"ASV736",0,0,0,0,0,0,0,12,0,0,0,0,0,0,0,0
"ASV739",0,0,0,0,0,0,0,0,0,12,0,0,0,0,0,0
"ASV741",0,0,0,0,0,0,0,0,0,0,0,0,0,12,0,0
"ASV742",0,0,0,0,0,0,0,0,0,0,0,0,0,0,0,12
"ASV743",11,0,0,0,0,0,0,0,0,0,0,0,0,0,0,0
"ASV753",0,0,0,0,0,0,11,0,0,0,0,0,0,0,0,0
"ASV755",0,0,0,0,0,0,0,0,11,0,0,0,0,0,0,0
"ASV756",0,0,0,0,0,0,0,0,11,0,0,0,0,0,0,0
"ASV757",0,0,0,0,0,0,0,0,0,11,0,0,0,0,0,0
"ASV759",0,0,0,0,0,0,0,0,0,0,0,0,11,0,0,0
"ASV762",0,0,0,0,0,0,0,0,0,0,0,0,0,11,0,0
"ASV764",0,0,0,0,0,0,0,0,0,0,0,0,0,0,11,0
"ASV765",0,0,0,0,0,0,0,0,0,0,0,0,0,0,0,11
"ASV766",10,0,0,0,0,0,0,0,0,0,0,0,0,0,0,0
"ASV767",10,0,0,0,0,0,0,0,0,0,0,0,0,0,0,0
"ASV773",0,0,0,0,10,0,0,0,0,0,0,0,0,0,0,0
"ASV778",0,0,0,0,0,0,0,0,0,10,0,0,0,0,0,0
"ASV780",0,0,0,0,0,0,0,0,0,10,0,0,0,0,0,0
"ASV781",0,0,0,0,0,0,0,0,0,0,0,0,0,10,0,0
"ASV782",0,0,0,0,0,0,0,0,0,0,0,0,0,10,0,0
"ASV784",0,0,0,0,0,0,0,0,0,0,0,0,0,0,10,0
"ASV785",0,0,0,0,0,0,0,0,0,0,0,0,0,0,10,0
"ASV786",0,0,0,0,0,0,0,0,0,0,0,0,0,0,0,10
"ASV788",9,0,0,0,0,0,0,0,0,0,0,0,0,0,0,0
"ASV790",0,0,9,0,0,0,0,0,0,0,0,0,0,0,0,0
"ASV792",0,0,9,0,0,0,0,0,0,0,0,0,0,0,0,0
"ASV793",0,0,9,0,0,0,0,0,0,0,0,0,0,0,0,0
"ASV795",0,0,0,9,0,0,0,0,0,0,0,0,0,0,0,0
"ASV796",0,0,0,0,9,0,0,0,0,0,0,0,0,0,0,0
"ASV801",0,0,0,0,0,0,9,0,0,0,0,0,0,0,0,0
"ASV802",0,0,0,0,0,0,9,0,0,0,0,0,0,0,0,0
"ASV806",0,0,0,0,0,0,0,0,9,0,0,0,0,0,0,0
"ASV810",0,0,0,0,0,0,0,0,0,0,0,9,0,0,0,0
"ASV813",0,0,0,0,0,0,0,0,0,0,0,0,9,0,0,0
"ASV816",0,0,8,0,0,0,0,0,0,0,0,0,0,0,0,0
"ASV817",0,0,8,0,0,0,0,0,0,0,0,0,0,0,0,0
"ASV818",0,0,8,0,0,0,0,0,0,0,0,0,0,0,0,0
"ASV820",0,0,0,0,8,0,0,0,0,0,0,0,0,0,0,0
"ASV836",0,0,0,0,0,0,0,0,0,0,8,0,0,0,0,0
"ASV840",0,0,0,0,0,0,0,0,0,0,0,0,8,0,0,0
"ASV842",0,0,0,0,0,0,0,0,0,0,0,0,8,0,0,0
"ASV843",0,0,0,0,0,0,0,0,0,0,0,0,0,8,0,0
"ASV844",0,0,0,0,0,0,0,0,0,0,0,0,0,0,8,0
"ASV845",0,0,0,0,0,0,0,0,0,0,0,0,0,0,0,8
"ASV846",0,0,0,0,0,0,0,0,0,0,0,0,0,0,0,8
"ASV854",0,0,7,0,0,0,0,0,0,0,0,0,0,0,0,0
"ASV855",0,0,7,0,0,0,0,0,0,0,0,0,0,0,0,0
"ASV856",0,0,7,0,0,0,0,0,0,0,0,0,0,0,0,0
"ASV859",0,0,0,0,0,7,0,0,0,0,0,0,0,0,0,0
"ASV862",0,0,0,0,0,0,7,0,0,0,0,0,0,0,0,0
"ASV865",0,0,0,0,0,0,0,0,7,0,0,0,0,0,0,0
"ASV867",0,0,0,0,0,0,0,0,7,0,0,0,0,0,0,0
"ASV871",0,0,0,0,0,0,0,0,0,0,7,0,0,0,0,0
"ASV873",0,0,0,0,0,0,0,0,0,0,0,0,7,0,0,0
"ASV874",0,0,0,0,0,0,0,0,0,0,0,0,0,7,0,0
"ASV876",0,0,0,0,0,0,0,0,0,0,0,0,0,7,0,0
"ASV879",0,0,0,0,0,0,0,0,0,0,0,0,0,0,7,0
"ASV880",0,0,0,0,0,0,0,0,0,0,0,0,0,0,0,7
"ASV881",6,0,0,0,0,0,0,0,0,0,0,0,0,0,0,0
"ASV886",0,0,6,0,0,0,0,0,0,0,0,0,0,0,0,0
"ASV897",0,0,0,0,0,6,0,0,0,0,0,0,0,0,0,0
"ASV902",0,0,0,0,0,0,0,0,6,0,0,0,0,0,0,0
"ASV903",0,0,0,0,0,0,0,0,6,0,0,0,0,0,0,0
"ASV905",0,0,0,0,0,0,0,0,6,0,0,0,0,0,0,0
"ASV908",0,0,0,0,0,0,0,0,6,0,0,0,0,0,0,0
"ASV909",0,0,0,0,0,0,0,0,0,6,0,0,0,0,0,0
"ASV914",0,0,0,0,0,0,0,0,0,0,6,0,0,0,0,0
"ASV915",0,0,0,0,0,0,0,0,0,0,0,6,0,0,0,0
"ASV919",0,0,0,0,0,0,0,0,0,0,0,0,6,0,0,0
"ASV921",0,0,0,0,0,0,0,0,0,0,0,0,0,6,0,0
"ASV922",0,0,0,0,0,0,0,0,0,0,0,0,0,0,6,0
"ASV923",0,0,0,0,0,0,0,0,0,0,0,0,0,0,0,6
"ASV925",5,0,0,0,0,0,0,0,0,0,0,0,0,0,0,0
"ASV935",0,0,5,0,0,0,0,0,0,0,0,0,0,0,0,0
"ASV938",0,0,0,0,5,0,0,0,0,0,0,0,0,0,0,0
"ASV942",0,0,0,0,0,5,0,0,0,0,0,0,0,0,0,0
"ASV943",0,0,0,0,0,5,0,0,0,0,0,0,0,0,0,0
"ASV951",0,0,0,0,0,0,0,0,5,0,0,0,0,0,0,0
"ASV955",0,0,0,0,0,0,0,0,5,0,0,0,0,0,0,0
"ASV961",0,0,0,0,0,0,0,0,0,0,5,0,0,0,0,0
"ASV962",0,0,0,0,0,0,0,0,0,0,0,5,0,0,0,0
"ASV966",0,0,0,0,0,0,0,0,0,0,0,0,5,0,0,0
"ASV968",0,0,0,0,0,0,0,0,0,0,0,0,0,5,0,0
"ASV969",0,0,0,0,0,0,0,0,0,0,0,0,0,5,0,0
"ASV971",0,0,0,0,0,0,0,0,0,0,0,0,0,3,2,0
"ASV972",0,0,0,0,0,0,0,0,0,0,0,0,0,0,5,0
"ASV973",0,0,0,0,0,0,0,0,0,0,0,0,0,0,5,0
"ASV975",0,0,0,0,0,0,0,0,0,0,0,0,0,0,0,5
"ASV976",0,0,0,0,0,0,0,0,0,0,0,0,0,0,0,5
"ASV977",4,0,0,0,0,0,0,0,0,0,0,0,0,0,0,0
"ASV981",4,0,0,0,0,0,0,0,0,0,0,0,0,0,0,0
"ASV990",0,0,4,0,0,0,0,0,0,0,0,0,0,0,0,0
"ASV993",0,0,0,0,0,4,0,0,0,0,0,0,0,0,0,0
"ASV995",0,0,0,0,0,0,4,0,0,0,0,0,0,0,0,0
"ASV999",0,0,0,0,0,0,4,0,0,0,0,0,0,0,0,0
"ASV1014",0,0,0,0,0,0,0,0,4,0,0,0,0,0,0,0
"ASV1017",0,0,0,0,0,0,0,0,0,4,0,0,0,0,0,0
"ASV1026",0,0,0,0,0,0,0,0,0,0,0,0,0,4,0,0
"ASV1028",0,0,0,0,0,0,0,0,0,0,0,0,0,0,4,0
"ASV1029",0,0,0,0,0,0,0,0,0,0,0,0,0,0,4,0
"ASV1031",0,0,0,0,0,0,0,0,0,0,0,0,0,0,0,4
"ASV1032",0,0,0,0,0,0,0,0,0,0,0,0,0,0,0,4
"ASV1033",0,0,0,0,0,0,0,0,0,0,0,0,0,0,0,4
"ASV1035",0,0,0,0,0,0,0,0,0,0,0,0,0,0,0,4
"ASV1037",3,0,0,0,0,0,0,0,0,0,0,0,0,0,0,0
"ASV1040",0,3,0,0,0,0,0,0,0,0,0,0,0,0,0,0
"ASV1041",0,3,0,0,0,0,0,0,0,0,0,0,0,0,0,0
"ASV1053",0,0,3,0,0,0,0,0,0,0,0,0,0,0,0,0
"ASV1057",0,0,0,0,3,0,0,0,0,0,0,0,0,0,0,0
"ASV1058",0,0,0,0,3,0,0,0,0,0,0,0,0,0,0,0
"ASV1060",0,0,0,0,0,3,0,0,0,0,0,0,0,0,0,0
"ASV1061",0,0,0,0,0,3,0,0,0,0,0,0,0,0,0,0
"ASV1064",0,0,0,0,0,3,0,0,0,0,0,0,0,0,0,0
"ASV1066",0,0,0,0,0,3,0,0,0,0,0,0,0,0,0,0
"ASV1068",0,0,0,0,0,3,0,0,0,0,0,0,0,0,0,0
"ASV1072",0,0,0,0,0,0,3,0,0,0,0,0,0,0,0,0
"ASV1086",0,0,0,0,0,0,0,0,3,0,0,0,0,0,0,0
"ASV1087",0,0,0,0,0,0,0,0,3,0,0,0,0,0,0,0
"ASV1089",0,0,0,0,0,0,0,0,3,0,0,0,0,0,0,0
"ASV1090",0,0,0,0,0,0,0,0,3,0,0,0,0,0,0,0
"ASV1094",0,0,0,0,0,0,0,0,3,0,0,0,0,0,0,0
"ASV1100",0,0,0,0,0,0,0,0,0,3,0,0,0,0,0,0
"ASV1102",0,0,0,0,0,0,0,0,0,3,0,0,0,0,0,0
"ASV1103",0,0,0,0,0,0,0,0,0,3,0,0,0,0,0,0
"ASV1104",0,0,0,0,0,0,0,0,0,0,3,0,0,0,0,0
"ASV1114",0,0,0,0,0,0,0,0,0,0,0,0,3,0,0,0
"ASV1116",0,0,0,0,0,0,0,0,0,0,0,0,3,0,0,0
"ASV1123",0,0,0,0,0,0,0,0,0,0,0,0,0,0,3,0
"ASV1125",0,0,0,0,0,0,0,0,0,0,0,0,0,0,0,3
"ASV1137",2,0,0,0,0,0,0,0,0,0,0,0,0,0,0,0
"ASV1146",0,0,2,0,0,0,0,0,0,0,0,0,0,0,0,0
"ASV1153",0,0,0,0,2,0,0,0,0,0,0,0,0,0,0,0
"ASV1154",0,0,0,0,0,2,0,0,0,0,0,0,0,0,0,0
"ASV1157",0,0,0,0,0,2,0,0,0,0,0,0,0,0,0,0
"ASV1159",0,0,0,0,0,2,0,0,0,0,0,0,0,0,0,0
"ASV1160",0,0,0,0,0,2,0,0,0,0,0,0,0,0,0,0
"ASV1178",0,0,0,0,0,0,2,0,0,0,0,0,0,0,0,0
"ASV1190",0,0,0,0,0,0,0,0,2,0,0,0,0,0,0,0
"ASV1206",0,0,0,0,0,0,0,0,2,0,0,0,0,0,0,0
"ASV1209",0,0,0,0,0,0,0,0,0,2,0,0,0,0,0,0
"ASV1215",0,0,0,0,0,0,0,0,0,0,2,0,0,0,0,0
"ASV1233",0,0,0,0,0,0,0,0,0,0,0,0,0,2,0,0
"ASV1234",0,0,0,0,0,0,0,0,0,0,0,0,0,2,0,0
"ASV1235",0,0,0,0,0,0,0,0,0,0,0,0,0,2,0,0
"ASV1237",0,0,0,0,0,0,0,0,0,0,0,0,0,2,0,0
"ASV1238",0,0,0,0,0,0,0,0,0,0,0,0,0,2,0,0
"ASV1240",0,0,0,0,0,0,0,0,0,0,0,0,0,2,0,0
"ASV1241",0,0,0,0,0,0,0,0,0,0,0,0,0,2,0,0
"ASV1242",0,0,0,0,0,0,0,0,0,0,0,0,0,0,2,0
"ASV1245",0,0,0,0,0,0,0,0,0,0,0,0,0,0,2,0
"ASV1252",0,0,0,0,0,0,0,0,0,0,0,0,0,0,2,0
"ASV1256",0,0,0,0,0,0,0,0,0,0,0,0,0,0,2,0
"ASV1257",0,0,0,0,0,0,0,0,0,0,0,0,0,0,2,0
"ASV1261",0,0,0,0,0,0,0,0,0,0,0,0,0,0,0,2
"ASV1312",0,0,0,0,0,1,0,0,0,0,0,0,0,0,0,0
"ASV1336",0,0,0,0,0,0,0,1,0,0,0,0,0,0,0,0
"ASV1337",0,0,0,0,0,0,0,1,0,0,0,0,0,0,0,0
"ASV1374",0,0,0,0,0,0,0,0,0,0,0,1,0,0,0,0
