ASV_ID,LME1634,LME1635,LME1636,LME1637,LME1646,LME1652,LME1656,LME1663,LME1668,LME1670,LME1679,LME1689,LME1692,LME1695,LME1698,LME1701,LME1702,LME1705,LME1708,LME1714
ASV1,2026,0,6271,1824,9042,13361,7361,2250,0,9615,0,3079,10423,18139,17136,18156,17408,23781,14565,8496
ASV10,0,3001,299,1554,307,69,0,0,0,168,300,47,109,0,0,0,0,384,219,55
ASV100,0,0,0,0,0,0,0,177,0,39,8,57,0,0,0,0,0,0,0,26
ASV101,303,0,0,0,0,0,0,0,0,0,0,0,0,0,0,0,0,0,0,0
ASV102,0,0,0,0,0,129,0,0,0,173,0,0,0,0,0,0,0,0,0,0
ASV103,0,41,0,235,0,0,0,0,0,0,16,0,0,0,0,0,0,0,0,0
ASV105,0,55,0,106,0,0,0,9,0,0,95,0,0,0,0,0,0,0,0,0
ASV107,256,0,0,0,0,0,0,0,0,0,0,0,0,0,0,0,0,0,0,0
ASV108,0,0,0,0,13,20,0,0,0,0,0,0,0,42,0,8,0,37,135,0
ASV109,0,247,0,0,0,0,0,0,0,0,0,0,0,0,0,0,0,0,0,0
ASV11,0,1567,85,684,962,215,52,0,0,140,0,0,853,273,512,28,0,76,241,96
ASV110,0,83,0,19,0,75,0,4,0,0,64,0,0,0,0,0,0,0,0,0
ASV111,0,0,0,0,0,0,0,0,0,241,0,0,0,0,0,0,0,0,0,0
ASV112,234,0,0,0,0,0,0,0,0,0,0,0,0,0,0,0,0,0,0,0
ASV114,171,21,0,12,0,0,3,0,0,0,22,0,0,0,0,0,0,0,0,0
ASV115,0,0,0,0,0,0,0,0,0,0,227,0,0,0,0,0,0,0,0,0
ASV116,0,0,0,0,0,0,0,0,0,0,226,0,0,0,0,0,0,0,0,0
ASV118,0,51,0,166,0,0,0,0,0,0,0,0,0,0,0,0,0,0,0,0
ASV119,0,0,0,0,0,0,0,104,0,0,113,0,0,0,0,0,0,0,0,0
ASV12,0,0,2597,0,0,0,0,0,0,0,0,0,0,2827,0,0,0,0,0,0
ASV120,0,25,0,89,0,0,0,0,100,0,0,0,0,2,0,0,0,0,0,0
ASV121,0,27,0,15,0,135,0,0,0,0,29,0,0,0,0,4,0,0,2,0
ASV122,0,0,0,0,0,204,0,0,0,0,0,0,0,0,0,0,0,0,0,0
ASV123,0,0,0,0,11,33,157,0,0,0,0,0,0,0,0,0,0,0,0,0
ASV125,0,50,0,66,0,0,0,0,0,0,83,0,0,0,0,0,0,0,0,0
ASV126,0,0,0,0,0,0,0,0,196,0,0,0,0,0,0,0,0,0,0,0
ASV127,0,0,0,0,0,0,0,0,0,0,195,0,0,0,0,0,0,0,0,0
ASV128,194,0,0,0,0,0,0,0,0,0,0,0,0,0,0,0,0,0,0,0
ASV129,0,0,0,0,0,0,0,0,194,0,0,0,0,0,0,0,0,0,0,0
ASV13,0,409,316,195,0,528,1655,34,0,208,368,0,111,1365,42,0,0,0,165,0
ASV130,0,0,0,0,0,0,0,0,0,0,192,0,0,0,0,0,0,0,0,0
ASV131,0,188,0,0,0,0,0,0,0,0,0,0,0,0,0,0,0,0,0,0
ASV132,0,0,0,0,0,0,152,19,0,16,0,0,0,0,0,0,0,0,0,0
ASV133,0,0,0,0,0,0,0,187,0,0,0,0,0,0,0,0,0,0,0,0
ASV134,0,0,0,0,0,0,0,0,187,0,0,0,0,0,0,0,0,0,0,0
ASV135,0,0,0,66,0,0,0,20,0,0,100,0,0,0,0,0,0,0,0,0
ASV136,0,0,0,0,0,68,0,0,0,0,0,0,54,40,0,22,0,0,0,0
ASV137,0,0,0,0,0,0,0,0,0,0,184,0,0,0,0,0,0,0,0,0
ASV138,0,0,0,177,0,0,0,0,0,0,0,0,0,0,0,0,0,0,0,0
ASV139,0,0,0,0,0,0,0,0,0,0,0,0,0,0,0,9,0,167,0,0
ASV14,0,0,104,690,986,423,0,0,0,226,2251,0,0,76,116,0,0,155,226,0
ASV141,0,0,0,0,0,173,0,0,0,0,0,0,0,0,0,0,0,0,0,0
ASV142,0,0,0,0,0,0,0,0,0,0,173,0,0,0,0,0,0,0,0,0
ASV143,0,35,0,0,0,0,0,0,0,0,137,0,0,0,0,0,0,0,0,0
ASV144,0,33,0,45,0,0,0,0,0,5,89,0,0,0,0,0,0,0,0,0
ASV145,0,0,0,0,0,0,0,0,0,0,172,0,0,0,0,0,0,0,0,0
ASV146,0,58,0,44,0,0,0,6,0,0,62,0,0,0,0,0,0,0,0,0
ASV147,0,0,0,0,0,0,0,0,0,0,169,0,0,0,0,0,0,0,0,0
ASV148,0,0,0,0,0,0,0,168,0,0,0,0,0,0,0,0,0,0,0,0
ASV149,0,0,0,0,0,167,0,0,0,0,0,0,0,0,0,0,0,0,0,0
ASV150,0,0,0,0,0,0,0,0,164,0,0,0,0,0,0,0,0,0,0,0
ASV151,0,116,0,0,0,0,0,0,0,0,44,0,0,0,0,0,0,0,0,0
ASV152,0,0,0,0,0,0,0,0,158,0,0,0,0,0,0,0,0,0,0,0
ASV154,0,0,0,0,0,0,0,0,157,0,0,0,0,0,0,0,0,0,0,0
ASV156,0,0,0,0,0,0,0,150,0,0,0,0,0,0,0,0,0,0,0,0
ASV157,0,0,0,149,0,0,0,0,0,0,0,0,0,0,0,0,0,0,0,0
ASV159,0,0,0,0,0,0,0,0,0,0,0,0,0,0,0,146,0,0,0,0
ASV16,699,0,0,0,0,0,0,0,2529,0,0,0,0,0,0,0,0,0,0,0
ASV162,0,10,0,18,0,0,0,0,0,0,110,0,0,0,0,0,0,0,0,0
ASV164,0,83,0,36,0,0,0,4,0,0,10,0,0,0,0,0,0,0,0,0
ASV166,0,0,0,0,133,0,0,0,0,0,0,0,0,0,0,0,0,0,0,0
ASV168,0,0,0,0,0,0,132,0,0,0,0,0,0,0,0,0,0,0,0,0
ASV169,0,8,5,17,0,6,0,0,0,0,95,0,0,0,0,0,0,0,0,0
ASV17,0,2847,61,102,0,0,0,0,0,0,0,46,0,0,0,0,0,0,0,0
ASV170,0,10,0,0,0,0,0,0,0,0,118,0,0,0,0,0,0,0,0,0
ASV172,0,0,0,0,0,0,0,0,127,0,0,0,0,0,0,0,0,0,0,0
ASV173,0,0,0,0,0,0,0,0,126,0,0,0,0,0,0,0,0,0,0,0
ASV174,0,0,0,105,0,0,0,0,0,0,0,0,3,17,0,0,0,0,0,0
ASV177,0,0,0,0,0,0,0,0,0,0,0,0,0,0,0,0,0,0,0,124
ASV178,0,3,0,0,0,0,0,4,95,0,20,0,0,0,0,0,0,0,0,0
ASV179,0,0,0,0,72,17,0,0,0,0,0,0,33,0,0,0,0,0,0,0
ASV18,0,0,0,0,0,0,0,0,2707,0,0,0,0,0,0,0,0,0,0,0
ASV180,0,0,0,0,0,79,0,0,0,0,0,0,42,0,0,0,0,0,0,0
ASV183,0,0,0,0,117,0,0,0,0,0,0,0,0,0,0,0,0,0,0,0
ASV184,0,42,0,15,0,0,0,0,0,0,57,0,0,0,0,0,0,0,0,0
ASV185,0,0,0,68,0,0,0,0,0,0,46,0,0,0,0,0,0,0,0,0
ASV186,0,21,0,26,0,0,0,0,0,0,66,0,0,0,0,0,0,0,0,0
ASV187,0,10,0,18,0,0,0,0,0,0,83,0,0,0,0,2,0,0,0,0
ASV188,0,0,0,0,0,84,0,0,0,0,0,0,29,0,0,0,0,0,0,0
ASV189,0,0,0,0,0,0,93,0,0,20,0,0,0,0,0,0,0,0,0,0
ASV19,0,798,605,222,0,64,0,0,0,26,407,0,11,0,0,0,0,0,0,0
ASV191,0,14,0,14,0,0,0,0,0,0,84,0,0,0,0,0,0,0,0,0
ASV192,0,0,0,0,0,0,0,0,0,0,0,0,0,0,61,0,0,50,0,0
ASV193,0,0,0,0,0,0,0,10,0,0,18,0,0,0,0,0,0,82,0,0
ASV194,109,0,0,0,0,0,0,0,0,0,0,0,0,0,0,0,0,0,0,0
ASV197,0,0,0,0,0,0,0,0,0,0,107,0,0,0,0,0,0,0,0,0
ASV198,0,0,0,0,0,0,0,0,0,0,106,0,0,0,0,0,0,0,0,0
ASV199,0,0,0,0,0,0,0,0,0,0,0,103,0,0,0,0,0,0,0,0
ASV2,8863,1363,1597,2533,0,449,2968,8931,3428,471,176,7498,0,0,0,0,0,0,228,0
ASV200,0,0,0,0,0,0,0,0,102,0,0,0,0,0,0,0,0,0,0,0
ASV201,0,73,0,28,0,0,0,0,0,0,0,0,0,0,0,0,0,0,0,0
ASV202,0,0,0,0,0,99,0,0,0,0,0,0,0,0,0,0,0,0,0,0
ASV204,0,10,0,0,0,0,0,0,0,0,87,0,0,0,0,0,0,0,0,0
ASV206,0,0,0,0,0,0,0,0,0,0,0,0,0,0,92,0,5,0,0,0
ASV208,0,60,0,36,0,0,0,0,0,0,0,0,0,0,0,0,0,0,0,0
ASV21,116,0,0,0,235,223,266,0,0,259,0,0,0,0,0,198,411,257,0,0
ASV210,0,16,0,9,0,0,0,0,0,0,69,0,0,0,0,0,0,0,0,0
ASV212,0,0,0,0,0,0,0,0,93,0,0,0,0,0,0,0,0,0,0,0
ASV213,0,0,0,22,0,0,0,46,0,0,24,0,0,0,0,0,0,0,0,0
ASV214,0,0,0,0,0,0,0,0,0,0,92,0,0,0,0,0,0,0,0,0
ASV215,0,13,0,37,0,0,0,0,0,0,41,0,0,0,0,0,0,0,0,0
ASV216,0,0,0,0,0,0,0,0,0,0,0,0,0,0,0,91,0,0,0,0
ASV217,0,89,0,0,0,0,0,0,0,0,0,0,0,0,0,0,0,0,0,0
ASV218,0,0,0,88,0,0,0,0,0,0,0,0,0,0,0,0,0,0,0,0
ASV219,0,0,0,0,0,0,0,0,88,0,0,0,0,0,0,0,0,0,0,0
ASV22,0,0,0,0,0,0,0,0,0,0,0,0,0,0,0,0,0,0,1510,450
ASV221,0,0,0,0,0,0,0,0,0,0,88,0,0,0,0,0,0,0,0,0
ASV223,0,0,0,0,0,0,0,0,0,0,0,0,0,0,0,0,0,85,0,0
ASV228,0,0,0,0,0,0,0,0,2,0,79,0,0,0,0,0,0,0,0,0
ASV23,0,0,0,0,0,0,0,0,0,0,1848,0,0,0,0,0,0,0,0,0
ASV231,0,36,0,0,0,0,0,0,0,0,43,0,0,0,0,0,0,0,0,0
ASV232,0,7,0,0,0,0,0,0,0,0,72,0,0,0,0,0,0,0,0,0
ASV233,0,77,0,0,0,0,0,0,0,0,0,0,0,0,0,0,0,0,0,0
ASV234,0,0,0,0,0,0,0,0,0,0,76,0,0,0,0,0,0,0,0,0
ASV235,0,20,0,28,0,0,0,0,0,0,27,0,0,0,0,0,0,0,0,0
ASV236,0,0,0,0,0,0,0,0,75,0,0,0,0,0,0,0,0,0,0,0
ASV238,0,0,73,0,0,0,0,0,0,0,0,0,0,0,0,0,0,0,0,0
ASV239,0,0,0,0,0,0,73,0,0,0,0,0,0,0,0,0,0,0,0,0
ASV24,0,0,9,0,14,0,0,0,0,0,0,0,0,1711,0,0,0,0,0,0
ASV241,0,0,0,0,0,0,0,0,0,0,0,0,0,0,0,0,0,73,0,0
ASV243,0,0,0,0,28,44,0,0,0,0,0,0,0,0,0,0,0,0,0,0
ASV244,0,0,0,0,0,0,0,67,0,5,0,0,0,0,0,0,0,0,0,0
ASV245,0,0,0,0,0,0,0,0,0,0,71,0,0,0,0,0,0,0,0,0
ASV248,0,70,0,0,0,0,0,0,0,0,0,0,0,0,0,0,0,0,0,0
ASV25,0,505,34,0,86,49,0,0,0,124,90,82,688,0,0,0,12,0,0,0
ASV250,0,0,0,0,0,0,0,59,0,0,11,0,0,0,0,0,0,0,0,0
ASV252,0,0,0,0,0,0,0,0,69,0,0,0,0,0,0,0,0,0,0,0
ASV253,0,11,0,0,0,0,0,8,0,0,49,0,0,0,0,0,0,0,0,0
ASV255,0,0,0,0,0,0,0,0,0,0,68,0,0,0,0,0,0,0,0,0
ASV257,0,36,0,17,0,0,0,0,0,0,12,0,0,0,0,0,0,0,0,0
ASV259,0,0,0,64,0,0,0,0,0,0,0,0,0,0,0,0,0,0,0,0
ASV263,0,62,0,0,0,0,0,0,0,0,0,0,0,0,0,0,0,0,0,0
ASV264,0,14,0,21,0,0,0,0,0,0,27,0,0,0,0,0,0,0,0,0
ASV265,0,0,0,14,0,0,0,0,0,0,19,0,0,0,0,0,0,29,0,0
ASV267,0,0,0,0,0,0,0,0,0,0,0,0,0,0,0,0,62,0,0,0
ASV269,0,0,0,26,0,0,0,3,0,0,32,0,0,0,0,0,0,0,0,0
ASV27,0,354,0,297,0,0,0,123,0,0,701,0,0,0,0,0,0,0,0,0
ASV271,0,33,0,0,0,0,0,0,0,0,27,0,0,0,0,0,0,0,0,0
ASV272,0,0,0,0,0,0,0,0,0,0,60,0,0,0,0,0,0,0,0,0
ASV273,0,0,0,0,0,0,0,0,0,0,0,0,60,0,0,0,0,0,0,0
ASV274,0,0,0,0,0,0,0,0,0,0,0,0,32,0,0,0,0,28,0,0
ASV276,0,0,0,0,0,0,0,0,0,0,0,0,0,0,0,0,0,0,59,0
ASV277,0,0,0,0,0,0,0,0,58,0,0,0,0,0,0,0,0,0,0,0
ASV278,0,0,0,0,0,0,0,0,58,0,0,0,0,0,0,0,0,0,0,0
ASV279,0,57,0,0,0,0,0,0,0,0,0,0,0,0,0,0,0,0,0,0
ASV28,0,0,0,0,0,0,0,0,0,0,0,0,0,0,1407,0,21,0,0,0
ASV280,0,0,0,0,0,0,0,0,0,0,57,0,0,0,0,0,0,0,0,0
ASV282,0,0,0,0,0,0,0,0,0,0,0,0,0,0,0,0,0,0,57,0
ASV284,0,56,0,0,0,0,0,0,0,0,0,0,0,0,0,0,0,0,0,0
ASV285,0,0,0,0,0,0,56,0,0,0,0,0,0,0,0,0,0,0,0,0
ASV288,0,34,0,0,0,0,3,18,0,0,0,0,0,0,0,0,0,0,0,0
ASV289,0,5,0,0,0,0,0,22,0,0,28,0,0,0,0,0,0,0,0,0
ASV29,0,0,0,0,0,0,0,0,0,0,0,0,0,0,0,0,0,0,994,407
ASV290,0,0,0,0,0,0,0,0,0,0,55,0,0,0,0,0,0,0,0,0
ASV292,0,0,0,0,0,0,0,0,0,0,54,0,0,0,0,0,0,0,0,0
ASV293,0,23,0,0,0,0,0,0,0,0,30,0,0,0,0,0,0,0,0,0
ASV295,0,15,0,0,0,0,0,7,0,0,30,0,0,0,0,0,0,0,0,0
ASV296,0,51,0,0,0,0,0,0,0,0,0,0,0,0,0,0,0,0,0,0
ASV297,0,0,0,22,0,0,0,0,0,0,29,0,0,0,0,0,0,0,0,0
ASV3,0,0,0,0,4046,8583,0,0,0,1932,0,0,4121,3538,313,1628,334,247,0,0
ASV30,0,0,0,464,0,76,0,109,0,0,141,95,305,29,0,0,0,0,0,0
ASV300,0,14,0,0,0,15,0,0,0,0,21,0,0,0,0,0,0,0,0,0
ASV301,0,11,0,0,0,0,0,23,0,0,16,0,0,0,0,0,0,0,0,0
ASV302,0,0,0,0,0,50,0,0,0,0,0,0,0,0,0,0,0,0,0,0
ASV303,0,0,0,0,0,0,0,0,0,0,50,0,0,0,0,0,0,0,0,0
ASV304,0,0,0,0,0,0,0,0,0,0,0,0,5,0,11,20,0,14,0,0
ASV306,0,30,0,0,0,0,0,3,0,0,16,0,0,0,0,0,0,0,0,0
ASV307,0,25,0,6,0,0,0,0,0,0,18,0,0,0,0,0,0,0,0,0
ASV308,0,20,0,29,0,0,0,0,0,0,0,0,0,0,0,0,0,0,0,0
ASV31,0,0,0,0,0,0,0,0,0,0,0,0,0,0,0,1209,0,0,0,0
ASV310,0,10,0,0,0,0,0,13,0,0,25,0,0,0,0,0,0,0,0,0
ASV311,0,0,0,48,0,0,0,0,0,0,0,0,0,0,0,0,0,0,0,0
ASV312,0,0,0,0,0,0,0,48,0,0,0,0,0,0,0,0,0,0,0,0
ASV313,0,0,0,0,0,0,0,0,0,0,48,0,0,0,0,0,0,0,0,0
ASV314,0,0,0,0,0,0,0,0,0,0,48,0,0,0,0,0,0,0,0,0
ASV316,0,47,0,0,0,0,0,0,0,0,0,0,0,0,0,0,0,0,0,0
ASV317,0,0,0,36,0,0,0,0,0,0,11,0,0,0,0,0,0,0,0,0
ASV319,0,0,0,0,0,0,0,0,0,0,47,0,0,0,0,0,0,0,0,0
ASV32,0,0,0,0,0,0,0,0,0,0,1208,0,0,0,0,0,0,0,0,0
ASV322,0,8,0,0,0,0,0,10,0,0,28,0,0,0,0,0,0,0,0,0
ASV324,0,39,0,0,0,0,0,0,0,0,6,0,0,0,0,0,0,0,0,0
ASV325,0,9,0,0,0,0,0,0,0,0,36,0,0,0,0,0,0,0,0,0
ASV326,0,23,0,0,0,0,0,21,0,0,0,0,0,0,0,0,0,0,0,0
ASV327,0,0,0,0,0,0,0,0,0,0,44,0,0,0,0,0,0,0,0,0
ASV328,0,19,0,0,0,0,0,0,0,0,24,0,0,0,0,0,0,0,0,0
ASV329,0,7,0,0,0,0,0,0,0,0,36,0,0,0,0,0,0,0,0,0
ASV33,0,693,0,40,0,0,0,0,0,0,345,60,0,0,0,0,0,0,0,0
ASV330,0,0,43,0,0,0,0,0,0,0,0,0,0,0,0,0,0,0,0,0
ASV331,0,0,0,0,0,0,30,0,13,0,0,0,0,0,0,0,0,0,0,0
ASV334,0,12,0,0,0,0,0,0,0,0,30,0,0,0,0,0,0,0,0,0
ASV335,0,0,0,42,0,0,0,0,0,0,0,0,0,0,0,0,0,0,0,0
ASV336,0,0,0,0,0,0,0,0,42,0,0,0,0,0,0,0,0,0,0,0
ASV337,0,0,0,0,0,0,0,0,0,0,0,0,0,42,0,0,0,0,0,0
ASV339,0,0,0,0,41,0,0,0,0,0,0,0,0,0,0,0,0,0,0,0
ASV340,0,0,0,0,0,0,0,0,0,0,41,0,0,0,0,0,0,0,0,0
ASV341,0,22,0,0,0,0,0,0,0,0,18,0,0,0,0,0,0,0,0,0
ASV342,0,17,0,23,0,0,0,0,0,0,0,0,0,0,0,0,0,0,0,0
ASV345,0,0,0,0,0,0,0,0,0,0,39,0,0,0,0,0,0,0,0,0
ASV346,0,38,0,0,0,0,0,0,0,0,0,0,0,0,0,0,0,0,0,0
ASV347,0,18,0,0,0,0,0,0,0,0,20,0,0,0,0,0,0,0,0,0
ASV348,0,0,38,0,0,0,0,0,0,0,0,0,0,0,0,0,0,0,0,0
ASV349,0,0,0,0,0,0,0,38,0,0,0,0,0,0,0,0,0,0,0,0
ASV35,0,0,0,0,76,0,0,0,0,683,0,0,0,0,262,0,0,30,0,0
ASV351,0,0,0,0,0,0,0,0,38,0,0,0,0,0,0,0,0,0,0,0
ASV352,0,37,0,0,0,0,0,0,0,0,0,0,0,0,0,0,0,0,0,0
ASV353,0,0,0,0,0,37,0,0,0,0,0,0,0,0,0,0,0,0,0,0
ASV354,0,0,0,0,0,0,0,0,0,37,0,0,0,0,0,0,0,0,0,0
ASV355,0,0,0,13,0,0,0,0,0,0,23,0,0,0,0,0,0,0,0,0
ASV356,0,0,0,0,0,0,0,36,0,0,0,0,0,0,0,0,0,0,0,0
ASV357,0,0,0,0,0,0,0,0,0,0,36,0,0,0,0,0,0,0,0,0
ASV358,0,0,0,35,0,0,0,0,0,0,0,0,0,0,0,0,0,0,0,0
ASV36,0,1050,0,0,0,0,0,0,0,0,0,0,0,0,0,0,0,0,0,0
ASV360,0,25,0,6,0,0,0,0,0,0,3,0,0,0,0,0,0,0,0,0
ASV361,0,8,0,26,0,0,0,0,0,0,0,0,0,0,0,0,0,0,0,0
ASV363,0,0,0,0,0,0,0,0,0,0,34,0,0,0,0,0,0,0,0,0
ASV364,0,0,0,0,0,0,0,0,0,0,34,0,0,0,0,0,0,0,0,0
ASV366,0,0,0,12,0,0,0,0,0,0,21,0,0,0,0,0,0,0,0,0
ASV370,0,0,0,8,0,0,0,0,0,0,24,0,0,0,0,0,0,0,0,0
ASV371,0,0,0,0,0,0,0,32,0,0,0,0,0,0,0,0,0,0,0,0
ASV372,0,0,0,0,0,0,0,0,0,0,32,0,0,0,0,0,0,0,0,0
ASV373,0,0,0,0,0,0,0,0,0,0,32,0,0,0,0,0,0,0,0,0
ASV374,0,31,0,0,0,0,0,0,0,0,0,0,0,0,0,0,0,0,0,0
ASV375,0,31,0,0,0,0,0,0,0,0,0,0,0,0,0,0,0,0,0,0
ASV376,0,0,0,0,0,31,0,0,0,0,0,0,0,0,0,0,0,0,0,0
ASV377,0,0,0,0,0,0,0,0,31,0,0,0,0,0,0,0,0,0,0,0
ASV378,0,0,0,0,0,0,0,0,0,0,31,0,0,0,0,0,0,0,0,0
ASV379,0,0,0,0,0,0,0,0,0,0,31,0,0,0,0,0,0,0,0,0
ASV38,0,261,0,374,0,0,0,23,0,0,335,0,0,0,0,0,0,12,0,0
ASV380,0,0,0,0,0,0,0,0,0,0,31,0,0,0,0,0,0,0,0,0
ASV381,0,0,0,0,0,0,0,0,0,0,0,0,0,0,31,0,0,0,0,0
ASV382,0,0,8,0,0,0,0,0,0,0,0,0,0,0,0,5,4,13,0,0
ASV383,0,0,0,0,18,0,0,0,0,0,0,0,0,0,0,12,0,0,0,0
ASV385,0,0,0,0,0,0,0,0,0,0,30,0,0,0,0,0,0,0,0,0
ASV386,0,0,0,0,0,0,0,0,0,0,30,0,0,0,0,0,0,0,0,0
ASV387,0,0,0,0,0,0,0,0,0,0,30,0,0,0,0,0,0,0,0,0
ASV389,0,0,0,0,0,0,29,0,0,0,0,0,0,0,0,0,0,0,0,0
ASV390,0,0,0,0,0,0,0,29,0,0,0,0,0,0,0,0,0,0,0,0
ASV391,0,0,0,0,0,0,0,0,0,0,29,0,0,0,0,0,0,0,0,0
ASV392,0,0,0,0,0,0,0,0,0,0,16,0,0,0,0,0,0,13,0,0
ASV394,0,28,0,0,0,0,0,0,0,0,0,0,0,0,0,0,0,0,0,0
ASV396,0,15,0,13,0,0,0,0,0,0,0,0,0,0,0,0,0,0,0,0
ASV397,0,13,0,0,0,0,0,0,0,0,15,0,0,0,0,0,0,0,0,0
ASV398,0,11,0,0,0,0,0,0,0,0,17,0,0,0,0,0,0,0,0,0
ASV399,0,6,0,0,3,15,0,0,0,0,0,4,0,0,0,0,0,0,0,0
ASV4,0,0,0,0,0,0,0,0,12366,0,0,0,0,0,0,0,0,0,0,0
ASV40,0,0,0,0,0,0,291,0,0,76,0,0,237,0,44,185,0,31,0,0
ASV400,0,3,0,0,0,0,0,0,0,0,25,0,0,0,0,0,0,0,0,0
ASV401,0,0,0,18,0,0,0,0,0,0,10,0,0,0,0,0,0,0,0,0
ASV402,0,0,0,8,0,0,0,0,0,0,20,0,0,0,0,0,0,0,0,0
ASV404,0,0,0,0,0,0,0,0,0,0,28,0,0,0,0,0,0,0,0,0
ASV405,0,0,0,0,0,0,0,0,0,0,0,0,0,0,28,0,0,0,0,0
ASV406,0,27,0,0,0,0,0,0,0,0,0,0,0,0,0,0,0,0,0,0
ASV407,0,27,0,0,0,0,0,0,0,0,0,0,0,0,0,0,0,0,0,0
ASV408,0,0,0,0,0,0,0,27,0,0,0,0,0,0,0,0,0,0,0,0
ASV409,0,0,0,0,0,0,0,5,2,0,20,0,0,0,0,0,0,0,0,0
ASV41,0,0,0,0,0,0,0,0,0,0,0,0,0,0,0,0,862,0,0,0
ASV410,0,0,0,0,0,0,0,0,0,0,27,0,0,0,0,0,0,0,0,0
ASV413,0,26,0,0,0,0,0,0,0,0,0,0,0,0,0,0,0,0,0,0
ASV414,0,0,0,26,0,0,0,0,0,0,0,0,0,0,0,0,0,0,0,0
ASV416,0,0,0,0,0,0,0,0,0,0,26,0,0,0,0,0,0,0,0,0
ASV417,0,0,0,0,0,0,0,0,0,0,26,0,0,0,0,0,0,0,0,0
ASV418,0,0,0,0,0,0,0,0,0,0,26,0,0,0,0,0,0,0,0,0
ASV419,0,0,0,0,0,0,0,0,0,0,0,0,0,0,26,0,0,0,0,0
ASV42,0,32,0,26,0,0,0,0,0,0,766,0,0,0,0,0,0,0,0,0
ASV421,0,0,0,6,0,0,0,0,0,0,19,0,0,0,0,0,0,0,0,0
ASV423,0,0,0,0,0,0,0,0,0,0,25,0,0,0,0,0,0,0,0,0
ASV424,0,0,0,0,0,0,0,0,0,0,25,0,0,0,0,0,0,0,0,0
ASV425,0,0,0,0,0,0,0,0,0,0,25,0,0,0,0,0,0,0,0,0
ASV426,0,0,0,0,0,0,0,0,0,0,25,0,0,0,0,0,0,0,0,0
ASV428,0,0,0,0,0,0,0,0,0,0,24,0,0,0,0,0,0,0,0,0
ASV429,0,0,0,0,0,0,0,0,0,0,24,0,0,0,0,0,0,0,0,0
ASV432,0,12,0,0,0,0,0,0,0,0,11,0,0,0,0,0,0,0,0,0
ASV433,0,9,0,14,0,0,0,0,0,0,0,0,0,0,0,0,0,0,0,0
ASV434,0,3,0,20,0,0,0,0,0,0,0,0,0,0,0,0,0,0,0,0
ASV435,0,0,0,10,0,0,0,0,0,0,13,0,0,0,0,0,0,0,0,0
ASV438,0,0,0,0,0,0,0,0,0,0,23,0,0,0,0,0,0,0,0,0
ASV439,0,0,0,0,0,0,0,0,0,0,23,0,0,0,0,0,0,0,0,0
ASV44,0,0,0,0,0,0,0,0,730,0,0,0,0,0,0,0,0,0,0,0
ASV440,0,0,0,0,0,0,0,0,0,0,23,0,0,0,0,0,0,0,0,0
ASV441,0,0,0,0,0,0,0,0,0,0,23,0,0,0,0,0,0,0,0,0
ASV442,0,0,0,0,0,0,0,0,0,0,23,0,0,0,0,0,0,0,0,0
ASV443,0,0,0,0,0,0,0,0,0,0,0,0,0,23,0,0,0,0,0,0
ASV444,0,22,0,0,0,0,0,0,0,0,0,0,0,0,0,0,0,0,0,0
ASV445,0,22,0,0,0,0,0,0,0,0,0,0,0,0,0,0,0,0,0,0
ASV446,0,0,0,4,0,0,0,0,0,0,18,0,0,0,0,0,0,0,0,0
ASV447,0,0,0,0,22,0,0,0,0,0,0,0,0,0,0,0,0,0,0,0
ASV449,0,0,0,0,0,0,0,22,0,0,0,0,0,0,0,0,0,0,0,0
ASV45,0,0,701,0,0,0,0,0,0,0,0,0,0,13,0,0,0,0,0,0
ASV450,0,0,0,0,0,0,0,0,0,0,22,0,0,0,0,0,0,0,0,0
ASV451,0,0,0,0,0,0,0,0,0,0,22,0,0,0,0,0,0,0,0,0
ASV452,0,0,0,0,0,0,0,0,0,0,22,0,0,0,0,0,0,0,0,0
ASV453,0,0,0,0,0,0,0,0,0,0,0,0,0,22,0,0,0,0,0,0
ASV454,0,21,0,0,0,0,0,0,0,0,0,0,0,0,0,0,0,0,0,0
ASV455,0,13,0,0,0,0,0,0,0,0,8,0,0,0,0,0,0,0,0,0
ASV457,0,0,0,0,0,0,0,0,0,0,21,0,0,0,0,0,0,0,0,0
ASV46,0,0,0,0,0,0,0,0,0,0,0,0,0,0,0,0,0,0,702,0
ASV460,0,0,0,20,0,0,0,0,0,0,0,0,0,0,0,0,0,0,0,0
ASV462,0,0,0,0,0,0,0,0,0,0,20,0,0,0,0,0,0,0,0,0
ASV463,0,0,0,0,0,0,0,0,0,0,20,0,0,0,0,0,0,0,0,0
ASV464,0,0,0,0,0,0,0,0,0,0,20,0,0,0,0,0,0,0,0,0
ASV466,0,0,0,0,0,0,0,0,0,0,0,0,0,0,0,0,0,0,20,0
ASV467,0,19,0,0,0,0,0,0,0,0,0,0,0,0,0,0,0,0,0,0
ASV468,0,0,0,19,0,0,0,0,0,0,0,0,0,0,0,0,0,0,0,0
ASV469,0,0,0,19,0,0,0,0,0,0,0,0,0,0,0,0,0,0,0,0
ASV47,0,0,0,0,0,439,0,0,0,0,262,0,0,0,0,0,0,0,0,0
ASV470,0,0,0,0,0,0,0,7,0,0,0,12,0,0,0,0,0,0,0,0
ASV471,0,0,0,0,0,0,0,0,0,19,0,0,0,0,0,0,0,0,0,0
ASV472,0,0,0,0,0,0,0,0,0,0,19,0,0,0,0,0,0,0,0,0
ASV473,0,0,0,0,0,0,0,0,0,0,19,0,0,0,0,0,0,0,0,0
ASV474,0,0,0,0,0,0,0,0,0,0,19,0,0,0,0,0,0,0,0,0
ASV475,0,0,0,18,0,0,0,0,0,0,0,0,0,0,0,0,0,0,0,0
ASV476,0,0,0,0,0,0,0,18,0,0,0,0,0,0,0,0,0,0,0,0
ASV477,0,0,0,0,0,0,0,18,0,0,0,0,0,0,0,0,0,0,0,0
ASV479,0,0,0,0,0,0,0,0,0,0,18,0,0,0,0,0,0,0,0,0
ASV48,0,63,0,124,0,0,0,0,0,0,513,0,0,0,0,0,0,0,0,0
ASV480,0,17,0,0,0,0,0,0,0,0,0,0,0,0,0,0,0,0,0,0
ASV483,0,0,0,0,0,0,3,0,14,0,0,0,0,0,0,0,0,0,0,0
ASV484,0,0,0,0,0,0,0,0,0,0,17,0,0,0,0,0,0,0,0,0
ASV485,0,0,0,0,0,0,0,0,0,0,17,0,0,0,0,0,0,0,0,0
ASV486,0,0,0,0,0,0,0,0,0,0,17,0,0,0,0,0,0,0,0,0
ASV487,0,0,0,0,0,0,0,0,0,0,17,0,0,0,0,0,0,0,0,0
ASV488,0,0,0,0,0,0,0,0,0,0,17,0,0,0,0,0,0,0,0,0
ASV489,0,0,0,0,0,0,0,0,0,0,17,0,0,0,0,0,0,0,0,0
ASV490,0,0,0,0,0,0,0,0,0,0,17,0,0,0,0,0,0,0,0,0
ASV491,0,7,0,0,0,0,0,9,0,0,0,0,0,0,0,0,0,0,0,0
ASV492,0,5,0,0,0,0,0,0,0,0,11,0,0,0,0,0,0,0,0,0
ASV493,0,5,0,11,0,0,0,0,0,0,0,0,0,0,0,0,0,0,0,0
ASV494,0,0,0,0,16,0,0,0,0,0,0,0,0,0,0,0,0,0,0,0
ASV495,0,0,0,0,0,16,0,0,0,0,0,0,0,0,0,0,0,0,0,0
ASV496,0,0,0,0,0,0,0,0,0,0,16,0,0,0,0,0,0,0,0,0
ASV497,0,0,0,0,0,0,0,0,0,0,16,0,0,0,0,0,0,0,0,0
ASV498,0,0,0,0,0,0,0,0,0,0,16,0,0,0,0,0,0,0,0,0
ASV499,0,0,0,0,0,0,0,0,0,0,16,0,0,0,0,0,0,0,0,0
ASV5,797,0,558,277,0,352,2765,3717,225,485,0,1123,226,358,0,0,0,0,544,371
ASV50,666,0,0,0,0,0,0,0,0,0,0,0,0,0,0,0,0,0,0,0
ASV500,0,0,0,0,0,0,0,0,0,0,16,0,0,0,0,0,0,0,0,0
ASV501,0,0,0,0,0,0,0,0,0,0,16,0,0,0,0,0,0,0,0,0
ASV502,0,0,0,0,0,0,0,0,0,0,16,0,0,0,0,0,0,0,0,0
ASV503,0,0,0,0,0,0,0,0,0,0,16,0,0,0,0,0,0,0,0,0
ASV506,0,15,0,0,0,0,0,0,0,0,0,0,0,0,0,0,0,0,0,0
ASV507,0,15,0,0,0,0,0,0,0,0,0,0,0,0,0,0,0,0,0,0
ASV508,0,11,0,0,0,0,0,0,0,0,4,0,0,0,0,0,0,0,0,0
ASV509,0,0,0,4,0,0,0,0,0,0,11,0,0,0,0,0,0,0,0,0
ASV51,0,0,0,0,0,0,282,313,0,61,0,0,0,0,0,0,0,0,0,0
ASV510,0,0,0,0,0,0,0,0,0,0,15,0,0,0,0,0,0,0,0,0
ASV511,0,0,0,0,0,0,0,0,0,0,15,0,0,0,0,0,0,0,0,0
ASV512,0,0,0,0,0,0,0,0,0,0,15,0,0,0,0,0,0,0,0,0
ASV513,0,0,0,0,0,0,0,0,0,0,15,0,0,0,0,0,0,0,0,0
ASV514,0,0,0,0,0,0,0,0,0,0,15,0,0,0,0,0,0,0,0,0
ASV515,0,14,0,0,0,0,0,0,0,0,0,0,0,0,0,0,0,0,0,0
ASV517,0,0,0,0,0,0,9,5,0,0,0,0,0,0,0,0,0,0,0,0
ASV518,0,0,0,0,0,0,0,14,0,0,0,0,0,0,0,0,0,0,0,0
ASV519,0,0,0,0,0,0,0,0,0,0,14,0,0,0,0,0,0,0,0,0
ASV52,0,30,0,0,0,587,0,0,0,0,9,0,0,21,0,0,0,0,0,0
ASV520,0,0,0,0,0,0,0,0,0,0,14,0,0,0,0,0,0,0,0,0
ASV521,0,0,0,0,0,0,0,0,0,0,14,0,0,0,0,0,0,0,0,0
ASV522,0,0,0,0,0,0,0,0,0,0,14,0,0,0,0,0,0,0,0,0
ASV523,0,13,0,0,0,0,0,0,0,0,0,0,0,0,0,0,0,0,0,0
ASV524,0,13,0,0,0,0,0,0,0,0,0,0,0,0,0,0,0,0,0,0
ASV525,0,13,0,0,0,0,0,0,0,0,0,0,0,0,0,0,0,0,0,0
ASV526,0,13,0,0,0,0,0,0,0,0,0,0,0,0,0,0,0,0,0,0
ASV527,0,0,0,0,0,0,13,0,0,0,0,0,0,0,0,0,0,0,0,0
ASV528,0,0,0,0,0,0,0,13,0,0,0,0,0,0,0,0,0,0,0,0
ASV529,0,0,0,0,0,0,0,13,0,0,0,0,0,0,0,0,0,0,0,0
ASV53,539,0,104,0,0,0,0,0,0,0,0,0,0,0,0,0,0,0,0,0
ASV530,0,0,0,0,0,0,0,0,0,13,0,0,0,0,0,0,0,0,0,0
ASV531,0,0,0,0,0,0,0,0,0,0,13,0,0,0,0,0,0,0,0,0
ASV532,0,0,0,0,0,0,0,0,0,0,13,0,0,0,0,0,0,0,0,0
ASV533,0,0,0,0,0,0,0,0,0,0,13,0,0,0,0,0,0,0,0,0
ASV534,0,0,0,0,0,0,0,0,0,0,13,0,0,0,0,0,0,0,0,0
ASV535,0,0,0,0,0,0,0,0,0,0,13,0,0,0,0,0,0,0,0,0
ASV536,0,0,0,0,0,0,0,0,0,0,13,0,0,0,0,0,0,0,0,0
ASV537,0,0,0,0,0,0,0,0,0,0,13,0,0,0,0,0,0,0,0,0
ASV538,0,0,0,0,0,0,0,0,0,0,13,0,0,0,0,0,0,0,0,0
ASV539,0,0,0,0,0,0,0,0,0,0,0,0,13,0,0,0,0,0,0,0
ASV54,0,90,0,411,0,6,0,55,0,0,77,0,0,0,0,0,0,3,0,0
ASV540,0,0,0,0,0,0,0,0,0,0,0,0,0,0,13,0,0,0,0,0
ASV541,0,0,0,0,0,0,0,0,0,0,0,0,0,0,0,0,13,0,0,0
ASV542,0,0,0,0,0,0,0,0,0,0,0,0,0,0,0,0,13,0,0,0
ASV543,0,12,0,0,0,0,0,0,0,0,0,0,0,0,0,0,0,0,0,0
ASV544,0,12,0,0,0,0,0,0,0,0,0,0,0,0,0,0,0,0,0,0
ASV545,0,8,0,4,0,0,0,0,0,0,0,0,0,0,0,0,0,0,0,0
ASV546,0,0,0,12,0,0,0,0,0,0,0,0,0,0,0,0,0,0,0,0
ASV547,0,0,0,8,0,0,0,4,0,0,0,0,0,0,0,0,0,0,0,0
ASV548,0,0,0,0,0,0,0,12,0,0,0,0,0,0,0,0,0,0,0,0
ASV549,0,0,0,0,0,0,0,0,0,0,12,0,0,0,0,0,0,0,0,0
ASV55,0,376,0,234,0,0,0,0,0,0,0,0,0,0,0,0,0,0,0,0
ASV550,0,0,0,0,0,0,0,0,0,0,12,0,0,0,0,0,0,0,0,0
ASV551,0,0,0,0,0,0,0,0,0,0,12,0,0,0,0,0,0,0,0,0
ASV552,0,0,0,0,0,0,0,0,0,0,12,0,0,0,0,0,0,0,0,0
ASV553,0,0,0,0,0,0,0,0,0,0,12,0,0,0,0,0,0,0,0,0
ASV554,0,0,0,0,0,0,0,0,0,0,0,0,0,0,0,0,0,0,0,12
ASV555,0,11,0,0,0,0,0,0,0,0,0,0,0,0,0,0,0,0,0,0
ASV556,0,11,0,0,0,0,0,0,0,0,0,0,0,0,0,0,0,0,0,0
ASV557,0,11,0,0,0,0,0,0,0,0,0,0,0,0,0,0,0,0,0,0
ASV558,0,11,0,0,0,0,0,0,0,0,0,0,0,0,0,0,0,0,0,0
ASV559,0,11,0,0,0,0,0,0,0,0,0,0,0,0,0,0,0,0,0,0
ASV56,0,0,21,0,0,48,224,69,0,0,0,0,143,0,0,73,0,0,0,0
ASV560,0,0,0,11,0,0,0,0,0,0,0,0,0,0,0,0,0,0,0,0
ASV561,0,0,0,0,11,0,0,0,0,0,0,0,0,0,0,0,0,0,0,0
ASV562,0,0,0,0,0,0,0,11,0,0,0,0,0,0,0,0,0,0,0,0
ASV563,0,0,0,0,0,0,0,0,0,0,11,0,0,0,0,0,0,0,0,0
ASV564,0,0,0,0,0,0,0,0,0,0,11,0,0,0,0,0,0,0,0,0
ASV565,0,0,0,0,0,0,0,0,0,0,11,0,0,0,0,0,0,0,0,0
ASV566,0,0,0,0,0,0,0,0,0,0,11,0,0,0,0,0,0,0,0,0
ASV567,0,0,0,0,0,0,0,0,0,0,11,0,0,0,0,0,0,0,0,0
ASV568,0,0,0,0,0,0,0,0,0,0,11,0,0,0,0,0,0,0,0,0
ASV569,0,0,0,0,0,0,0,0,0,0,11,0,0,0,0,0,0,0,0,0
ASV57,0,0,0,0,0,0,0,0,571,0,0,0,0,0,0,0,0,0,0,0
ASV570,0,0,0,0,0,0,0,0,0,0,11,0,0,0,0,0,0,0,0,0
ASV571,0,0,0,0,0,0,0,0,0,0,11,0,0,0,0,0,0,0,0,0
ASV572,0,0,0,0,0,0,0,0,0,0,11,0,0,0,0,0,0,0,0,0
ASV573,0,0,0,0,0,0,0,0,0,0,0,0,0,0,0,11,0,0,0,0
ASV574,0,10,0,0,0,0,0,0,0,0,0,0,0,0,0,0,0,0,0,0
ASV575,0,10,0,0,0,0,0,0,0,0,0,0,0,0,0,0,0,0,0,0
ASV576,0,10,0,0,0,0,0,0,0,0,0,0,0,0,0,0,0,0,0,0
ASV577,0,10,0,0,0,0,0,0,0,0,0,0,0,0,0,0,0,0,0,0
ASV578,0,0,0,10,0,0,0,0,0,0,0,0,0,0,0,0,0,0,0,0
ASV579,0,0,0,10,0,0,0,0,0,0,0,0,0,0,0,0,0,0,0,0
ASV58,0,0,0,0,0,0,0,0,0,0,0,0,0,0,0,0,0,0,568,0
ASV580,0,0,0,10,0,0,0,0,0,0,0,0,0,0,0,0,0,0,0,0
ASV581,0,0,0,0,0,10,0,0,0,0,0,0,0,0,0,0,0,0,0,0
ASV583,0,0,0,0,0,0,0,0,10,0,0,0,0,0,0,0,0,0,0,0
ASV584,0,0,0,0,0,0,0,0,0,0,10,0,0,0,0,0,0,0,0,0
ASV585,0,0,0,0,0,0,0,0,0,0,10,0,0,0,0,0,0,0,0,0
ASV586,0,0,0,0,0,0,0,0,0,0,10,0,0,0,0,0,0,0,0,0
ASV587,0,0,0,0,0,0,0,0,0,0,10,0,0,0,0,0,0,0,0,0
ASV588,0,0,0,0,0,0,0,0,0,0,10,0,0,0,0,0,0,0,0,0
ASV589,0,0,0,0,0,0,0,0,0,0,10,0,0,0,0,0,0,0,0,0
ASV59,564,0,0,0,0,0,0,0,0,0,0,0,0,0,0,0,0,0,0,0
ASV590,0,0,0,0,0,0,0,0,0,0,10,0,0,0,0,0,0,0,0,0
ASV591,0,0,0,0,0,0,0,0,0,0,10,0,0,0,0,0,0,0,0,0
ASV592,0,0,0,0,0,0,0,0,0,0,10,0,0,0,0,0,0,0,0,0
ASV593,0,0,0,0,0,0,0,0,0,0,0,0,0,0,0,10,0,0,0,0
ASV594,0,9,0,0,0,0,0,0,0,0,0,0,0,0,0,0,0,0,0,0
ASV595,0,9,0,0,0,0,0,0,0,0,0,0,0,0,0,0,0,0,0,0
ASV596,0,9,0,0,0,0,0,0,0,0,0,0,0,0,0,0,0,0,0,0
ASV597,0,9,0,0,0,0,0,0,0,0,0,0,0,0,0,0,0,0,0,0
ASV598,0,3,0,0,0,0,0,0,0,0,6,0,0,0,0,0,0,0,0,0
ASV599,0,0,0,9,0,0,0,0,0,0,0,0,0,0,0,0,0,0,0,0
ASV6,0,0,0,0,0,0,4584,3846,119,702,0,0,0,0,143,0,0,0,0,0
ASV60,0,496,0,17,0,0,0,0,0,0,0,0,0,0,0,0,0,0,0,0
ASV600,0,0,0,9,0,0,0,0,0,0,0,0,0,0,0,0,0,0,0,0
ASV601,0,0,0,9,0,0,0,0,0,0,0,0,0,0,0,0,0,0,0,0
ASV602,0,0,0,9,0,0,0,0,0,0,0,0,0,0,0,0,0,0,0,0
ASV603,0,0,0,9,0,0,0,0,0,0,0,0,0,0,0,0,0,0,0,0
ASV604,0,0,0,9,0,0,0,0,0,0,0,0,0,0,0,0,0,0,0,0
ASV605,0,0,0,9,0,0,0,0,0,0,0,0,0,0,0,0,0,0,0,0
ASV606,0,0,0,0,0,0,0,9,0,0,0,0,0,0,0,0,0,0,0,0
ASV607,0,0,0,0,0,0,0,9,0,0,0,0,0,0,0,0,0,0,0,0
ASV609,0,0,0,0,0,0,0,0,0,0,9,0,0,0,0,0,0,0,0,0
ASV61,0,0,0,0,0,0,0,0,0,504,0,0,0,0,0,0,0,0,0,0
ASV610,0,0,0,0,0,0,0,0,0,0,9,0,0,0,0,0,0,0,0,0
ASV611,0,0,0,0,0,0,0,0,0,0,9,0,0,0,0,0,0,0,0,0
ASV612,0,0,0,0,0,0,0,0,0,0,9,0,0,0,0,0,0,0,0,0
ASV613,0,0,0,0,0,0,0,0,0,0,9,0,0,0,0,0,0,0,0,0
ASV614,0,0,0,0,0,0,0,0,0,0,9,0,0,0,0,0,0,0,0,0
ASV615,0,0,0,0,0,0,0,0,0,0,9,0,0,0,0,0,0,0,0,0
ASV616,0,0,0,0,0,0,0,0,0,0,9,0,0,0,0,0,0,0,0,0
ASV617,0,0,0,0,0,0,0,0,0,0,0,0,0,0,0,9,0,0,0,0
ASV618,0,0,0,0,0,0,0,0,0,0,0,0,0,0,0,0,0,9,0,0
ASV619,8,0,0,0,0,0,0,0,0,0,0,0,0,0,0,0,0,0,0,0
ASV62,0,502,0,0,0,0,0,0,0,0,0,0,0,0,0,0,0,0,0,0
ASV620,0,8,0,0,0,0,0,0,0,0,0,0,0,0,0,0,0,0,0,0
ASV621,0,8,0,0,0,0,0,0,0,0,0,0,0,0,0,0,0,0,0,0
ASV622,0,8,0,0,0,0,0,0,0,0,0,0,0,0,0,0,0,0,0,0
ASV623,0,8,0,0,0,0,0,0,0,0,0,0,0,0,0,0,0,0,0,0
ASV624,0,8,0,0,0,0,0,0,0,0,0,0,0,0,0,0,0,0,0,0
ASV625,0,0,0,8,0,0,0,0,0,0,0,0,0,0,0,0,0,0,0,0
ASV626,0,0,0,8,0,0,0,0,0,0,0,0,0,0,0,0,0,0,0,0
ASV627,0,0,0,8,0,0,0,0,0,0,0,0,0,0,0,0,0,0,0,0
ASV628,0,0,0,8,0,0,0,0,0,0,0,0,0,0,0,0,0,0,0,0
ASV629,0,0,0,0,8,0,0,0,0,0,0,0,0,0,0,0,0,0,0,0
ASV63,0,0,0,0,290,13,0,0,0,196,0,0,0,0,0,0,0,0,0,0
ASV630,0,0,0,0,0,0,0,8,0,0,0,0,0,0,0,0,0,0,0,0
ASV631,0,0,0,0,0,0,0,0,0,0,8,0,0,0,0,0,0,0,0,0
ASV632,0,0,0,0,0,0,0,0,0,0,8,0,0,0,0,0,0,0,0,0
ASV633,0,0,0,0,0,0,0,0,0,0,8,0,0,0,0,0,0,0,0,0
ASV634,0,0,0,0,0,0,0,0,0,0,8,0,0,0,0,0,0,0,0,0
ASV635,0,0,0,0,0,0,0,0,0,0,8,0,0,0,0,0,0,0,0,0
ASV636,0,0,0,0,0,0,0,0,0,0,8,0,0,0,0,0,0,0,0,0
ASV637,0,0,0,0,0,0,0,0,0,0,8,0,0,0,0,0,0,0,0,0
ASV638,0,0,0,0,0,0,0,0,0,0,8,0,0,0,0,0,0,0,0,0
ASV639,0,0,0,0,0,0,0,0,0,0,8,0,0,0,0,0,0,0,0,0
ASV64,293,0,84,0,0,114,0,0,0,0,0,0,0,0,0,0,0,0,0,0
ASV640,0,0,0,0,0,0,0,0,0,0,8,0,0,0,0,0,0,0,0,0
ASV641,0,0,0,0,0,0,0,0,0,0,8,0,0,0,0,0,0,0,0,0
ASV642,0,0,0,0,0,0,0,0,0,0,8,0,0,0,0,0,0,0,0,0
ASV643,0,0,0,0,0,0,0,0,0,0,8,0,0,0,0,0,0,0,0,0
ASV644,0,0,0,0,0,0,0,0,0,0,0,8,0,0,0,0,0,0,0,0
ASV645,0,0,0,0,0,0,0,0,0,0,0,8,0,0,0,0,0,0,0,0
ASV646,0,0,0,0,0,0,0,0,0,0,0,0,0,0,8,0,0,0,0,0
ASV647,0,7,0,0,0,0,0,0,0,0,0,0,0,0,0,0,0,0,0,0
ASV648,0,7,0,0,0,0,0,0,0,0,0,0,0,0,0,0,0,0,0,0
ASV649,0,7,0,0,0,0,0,0,0,0,0,0,0,0,0,0,0,0,0,0
ASV65,0,0,0,160,0,0,0,0,0,0,235,0,0,0,0,7,0,85,0,0
ASV650,0,7,0,0,0,0,0,0,0,0,0,0,0,0,0,0,0,0,0,0
ASV651,0,7,0,0,0,0,0,0,0,0,0,0,0,0,0,0,0,0,0,0
ASV652,0,7,0,0,0,0,0,0,0,0,0,0,0,0,0,0,0,0,0,0
ASV653,0,7,0,0,0,0,0,0,0,0,0,0,0,0,0,0,0,0,0,0
ASV654,0,7,0,0,0,0,0,0,0,0,0,0,0,0,0,0,0,0,0,0
ASV655,0,7,0,0,0,0,0,0,0,0,0,0,0,0,0,0,0,0,0,0
ASV656,0,7,0,0,0,0,0,0,0,0,0,0,0,0,0,0,0,0,0,0
ASV657,0,7,0,0,0,0,0,0,0,0,0,0,0,0,0,0,0,0,0,0
ASV658,0,0,0,7,0,0,0,0,0,0,0,0,0,0,0,0,0,0,0,0
ASV659,0,0,0,7,0,0,0,0,0,0,0,0,0,0,0,0,0,0,0,0
ASV66,0,363,0,0,0,0,0,0,0,0,123,0,0,0,0,0,0,0,0,0
ASV660,0,0,0,7,0,0,0,0,0,0,0,0,0,0,0,0,0,0,0,0
ASV661,0,0,0,7,0,0,0,0,0,0,0,0,0,0,0,0,0,0,0,0
ASV662,0,0,0,7,0,0,0,0,0,0,0,0,0,0,0,0,0,0,0,0
ASV663,0,0,0,0,0,0,0,7,0,0,0,0,0,0,0,0,0,0,0,0
ASV664,0,0,0,0,0,0,0,7,0,0,0,0,0,0,0,0,0,0,0,0
ASV665,0,0,0,0,0,0,0,7,0,0,0,0,0,0,0,0,0,0,0,0
ASV666,0,0,0,0,0,0,0,7,0,0,0,0,0,0,0,0,0,0,0,0
ASV667,0,0,0,0,0,0,0,0,0,0,7,0,0,0,0,0,0,0,0,0
ASV668,0,0,0,0,0,0,0,0,0,0,7,0,0,0,0,0,0,0,0,0
ASV669,0,0,0,0,0,0,0,0,0,0,7,0,0,0,0,0,0,0,0,0
ASV67,0,0,0,200,0,0,0,26,0,0,260,0,0,0,0,0,0,0,0,0
ASV670,0,0,0,0,0,0,0,0,0,0,7,0,0,0,0,0,0,0,0,0
ASV671,0,0,0,0,0,0,0,0,0,0,7,0,0,0,0,0,0,0,0,0
ASV672,0,0,0,0,0,0,0,0,0,0,7,0,0,0,0,0,0,0,0,0
ASV673,0,0,0,0,0,0,0,0,0,0,7,0,0,0,0,0,0,0,0,0
ASV674,0,0,0,0,0,0,0,0,0,0,0,0,0,0,7,0,0,0,0,0
ASV675,0,0,0,0,0,0,0,0,0,0,0,0,0,0,0,0,0,0,7,0
ASV676,0,6,0,0,0,0,0,0,0,0,0,0,0,0,0,0,0,0,0,0
ASV677,0,6,0,0,0,0,0,0,0,0,0,0,0,0,0,0,0,0,0,0
ASV678,0,6,0,0,0,0,0,0,0,0,0,0,0,0,0,0,0,0,0,0
ASV679,0,6,0,0,0,0,0,0,0,0,0,0,0,0,0,0,0,0,0,0
ASV68,469,14,0,0,0,0,0,0,0,0,0,0,0,0,0,0,0,0,0,0
ASV680,0,6,0,0,0,0,0,0,0,0,0,0,0,0,0,0,0,0,0,0
ASV681,0,6,0,0,0,0,0,0,0,0,0,0,0,0,0,0,0,0,0,0
ASV682,0,6,0,0,0,0,0,0,0,0,0,0,0,0,0,0,0,0,0,0
ASV683,0,4,0,0,0,0,0,2,0,0,0,0,0,0,0,0,0,0,0,0
ASV684,0,0,0,6,0,0,0,0,0,0,0,0,0,0,0,0,0,0,0,0
ASV685,0,0,0,6,0,0,0,0,0,0,0,0,0,0,0,0,0,0,0,0
ASV686,0,0,0,6,0,0,0,0,0,0,0,0,0,0,0,0,0,0,0,0
ASV687,0,0,0,6,0,0,0,0,0,0,0,0,0,0,0,0,0,0,0,0
ASV688,0,0,0,6,0,0,0,0,0,0,0,0,0,0,0,0,0,0,0,0
ASV689,0,0,0,6,0,0,0,0,0,0,0,0,0,0,0,0,0,0,0,0
ASV69,0,46,0,49,0,0,0,0,0,0,383,0,0,0,0,0,0,0,0,0
ASV690,0,0,0,6,0,0,0,0,0,0,0,0,0,0,0,0,0,0,0,0
ASV691,0,0,0,0,0,6,0,0,0,0,0,0,0,0,0,0,0,0,0,0
ASV692,0,0,0,0,0,0,6,0,0,0,0,0,0,0,0,0,0,0,0,0
ASV693,0,0,0,0,0,0,0,6,0,0,0,0,0,0,0,0,0,0,0,0
ASV694,0,0,0,0,0,0,0,0,6,0,0,0,0,0,0,0,0,0,0,0
ASV695,0,0,0,0,0,0,0,0,0,0,6,0,0,0,0,0,0,0,0,0
ASV696,0,0,0,0,0,0,0,0,0,0,6,0,0,0,0,0,0,0,0,0
ASV697,0,0,0,0,0,0,0,0,0,0,6,0,0,0,0,0,0,0,0,0
ASV698,0,0,0,0,0,0,0,0,0,0,6,0,0,0,0,0,0,0,0,0
ASV699,0,0,0,0,0,0,0,0,0,0,6,0,0,0,0,0,0,0,0,0
ASV7,6719,0,2344,0,0,466,0,0,0,0,0,0,0,0,0,0,0,0,0,0
ASV700,0,0,0,0,0,0,0,0,0,0,6,0,0,0,0,0,0,0,0,0
ASV701,0,0,0,0,0,0,0,0,0,0,6,0,0,0,0,0,0,0,0,0
ASV702,0,0,0,0,0,0,0,0,0,0,6,0,0,0,0,0,0,0,0,0
ASV703,0,0,0,0,0,0,0,0,0,0,6,0,0,0,0,0,0,0,0,0
ASV704,0,0,0,0,0,0,0,0,0,0,6,0,0,0,0,0,0,0,0,0
ASV705,0,0,0,0,0,0,0,0,0,0,6,0,0,0,0,0,0,0,0,0
ASV706,0,0,0,0,0,0,0,0,0,0,6,0,0,0,0,0,0,0,0,0
ASV707,0,0,0,0,0,0,0,0,0,0,6,0,0,0,0,0,0,0,0,0
ASV708,0,0,0,0,0,0,0,0,0,0,6,0,0,0,0,0,0,0,0,0
ASV709,0,0,0,0,0,0,0,0,0,0,6,0,0,0,0,0,0,0,0,0
ASV71,0,11,0,13,0,0,0,0,3,0,442,0,0,0,0,0,0,0,0,0
ASV710,0,0,0,0,0,0,0,0,0,0,6,0,0,0,0,0,0,0,0,0
ASV711,0,0,0,0,0,0,0,0,0,0,6,0,0,0,0,0,0,0,0,0
ASV712,0,0,0,0,0,0,0,0,0,0,6,0,0,0,0,0,0,0,0,0
ASV713,0,0,0,0,0,0,0,0,0,0,0,0,0,6,0,0,0,0,0,0
ASV714,0,0,0,0,0,0,0,0,0,0,0,0,0,0,0,0,0,6,0,0
ASV715,0,0,0,0,0,0,0,0,0,0,0,0,0,0,0,0,0,6,0,0
ASV716,0,5,0,0,0,0,0,0,0,0,0,0,0,0,0,0,0,0,0,0
ASV717,0,5,0,0,0,0,0,0,0,0,0,0,0,0,0,0,0,0,0,0
ASV718,0,5,0,0,0,0,0,0,0,0,0,0,0,0,0,0,0,0,0,0
ASV719,0,5,0,0,0,0,0,0,0,0,0,0,0,0,0,0,0,0,0,0
ASV720,0,5,0,0,0,0,0,0,0,0,0,0,0,0,0,0,0,0,0,0
ASV721,0,5,0,0,0,0,0,0,0,0,0,0,0,0,0,0,0,0,0,0
ASV722,0,5,0,0,0,0,0,0,0,0,0,0,0,0,0,0,0,0,0,0
ASV723,0,5,0,0,0,0,0,0,0,0,0,0,0,0,0,0,0,0,0,0
ASV724,0,0,0,5,0,0,0,0,0,0,0,0,0,0,0,0,0,0,0,0
ASV725,0,0,0,5,0,0,0,0,0,0,0,0,0,0,0,0,0,0,0,0
ASV726,0,0,0,5,0,0,0,0,0,0,0,0,0,0,0,0,0,0,0,0
ASV727,0,0,0,5,0,0,0,0,0,0,0,0,0,0,0,0,0,0,0,0
ASV728,0,0,0,0,5,0,0,0,0,0,0,0,0,0,0,0,0,0,0,0
ASV729,0,0,0,0,0,0,0,5,0,0,0,0,0,0,0,0,0,0,0,0
ASV73,0,376,0,58,0,0,0,9,8,0,0,10,0,0,0,0,0,0,0,0
ASV730,0,0,0,0,0,0,0,5,0,0,0,0,0,0,0,0,0,0,0,0
ASV731,0,0,0,0,0,0,0,5,0,0,0,0,0,0,0,0,0,0,0,0
ASV732,0,0,0,0,0,0,0,5,0,0,0,0,0,0,0,0,0,0,0,0
ASV733,0,0,0,0,0,0,0,5,0,0,0,0,0,0,0,0,0,0,0,0
ASV734,0,0,0,0,0,0,0,5,0,0,0,0,0,0,0,0,0,0,0,0
ASV736,0,0,0,0,0,0,0,0,0,0,5,0,0,0,0,0,0,0,0,0
ASV737,0,0,0,0,0,0,0,0,0,0,5,0,0,0,0,0,0,0,0,0
ASV738,0,0,0,0,0,0,0,0,0,0,5,0,0,0,0,0,0,0,0,0
ASV739,0,0,0,0,0,0,0,0,0,0,5,0,0,0,0,0,0,0,0,0
ASV740,0,0,0,0,0,0,0,0,0,0,5,0,0,0,0,0,0,0,0,0
ASV741,0,0,0,0,0,0,0,0,0,0,5,0,0,0,0,0,0,0,0,0
ASV742,0,0,0,0,0,0,0,0,0,0,5,0,0,0,0,0,0,0,0,0
ASV743,0,0,0,0,0,0,0,0,0,0,5,0,0,0,0,0,0,0,0,0
ASV744,0,0,0,0,0,0,0,0,0,0,5,0,0,0,0,0,0,0,0,0
ASV745,0,0,0,0,0,0,0,0,0,0,5,0,0,0,0,0,0,0,0,0
ASV746,0,0,0,0,0,0,0,0,0,0,5,0,0,0,0,0,0,0,0,0
ASV747,0,0,0,0,0,0,0,0,0,0,5,0,0,0,0,0,0,0,0,0
ASV748,0,0,0,0,0,0,0,0,0,0,5,0,0,0,0,0,0,0,0,0
ASV749,0,0,0,0,0,0,0,0,0,0,5,0,0,0,0,0,0,0,0,0
ASV750,0,0,0,0,0,0,0,0,0,0,5,0,0,0,0,0,0,0,0,0
ASV751,0,0,0,0,0,0,0,0,0,0,5,0,0,0,0,0,0,0,0,0
ASV752,0,0,0,0,0,0,0,0,0,0,5,0,0,0,0,0,0,0,0,0
ASV753,0,0,0,0,0,0,0,0,0,0,5,0,0,0,0,0,0,0,0,0
ASV754,0,0,0,0,0,0,0,0,0,0,5,0,0,0,0,0,0,0,0,0
ASV755,0,0,0,0,0,0,0,0,0,0,5,0,0,0,0,0,0,0,0,0
ASV757,0,0,0,0,0,0,0,0,0,0,0,0,0,0,0,5,0,0,0,0
ASV758,0,0,0,0,0,0,0,0,0,0,0,0,0,0,0,0,0,5,0,0
ASV759,0,0,0,0,0,0,0,0,0,0,0,0,0,0,0,0,0,5,0,0
ASV76,0,194,105,127,0,0,0,0,0,0,0,0,0,0,0,0,0,0,0,0
ASV760,4,0,0,0,0,0,0,0,0,0,0,0,0,0,0,0,0,0,0,0
ASV761,0,4,0,0,0,0,0,0,0,0,0,0,0,0,0,0,0,0,0,0
ASV762,0,4,0,0,0,0,0,0,0,0,0,0,0,0,0,0,0,0,0,0
ASV763,0,4,0,0,0,0,0,0,0,0,0,0,0,0,0,0,0,0,0,0
ASV764,0,4,0,0,0,0,0,0,0,0,0,0,0,0,0,0,0,0,0,0
ASV765,0,4,0,0,0,0,0,0,0,0,0,0,0,0,0,0,0,0,0,0
ASV766,0,4,0,0,0,0,0,0,0,0,0,0,0,0,0,0,0,0,0,0
ASV767,0,4,0,0,0,0,0,0,0,0,0,0,0,0,0,0,0,0,0,0
ASV768,0,4,0,0,0,0,0,0,0,0,0,0,0,0,0,0,0,0,0,0
ASV769,0,4,0,0,0,0,0,0,0,0,0,0,0,0,0,0,0,0,0,0
ASV77,89,0,0,11,0,303,12,0,0,0,0,3,0,0,0,0,0,0,0,0
ASV770,0,4,0,0,0,0,0,0,0,0,0,0,0,0,0,0,0,0,0,0
ASV771,0,4,0,0,0,0,0,0,0,0,0,0,0,0,0,0,0,0,0,0
ASV772,0,4,0,0,0,0,0,0,0,0,0,0,0,0,0,0,0,0,0,0
ASV773,0,4,0,0,0,0,0,0,0,0,0,0,0,0,0,0,0,0,0,0
ASV774,0,4,0,0,0,0,0,0,0,0,0,0,0,0,0,0,0,0,0,0
ASV775,0,4,0,0,0,0,0,0,0,0,0,0,0,0,0,0,0,0,0,0
ASV776,0,4,0,0,0,0,0,0,0,0,0,0,0,0,0,0,0,0,0,0
ASV777,0,0,0,4,0,0,0,0,0,0,0,0,0,0,0,0,0,0,0,0
ASV778,0,0,0,4,0,0,0,0,0,0,0,0,0,0,0,0,0,0,0,0
ASV779,0,0,0,4,0,0,0,0,0,0,0,0,0,0,0,0,0,0,0,0
ASV78,0,0,0,13,0,43,205,100,27,0,0,0,0,18,0,0,0,0,0,0
ASV780,0,0,0,4,0,0,0,0,0,0,0,0,0,0,0,0,0,0,0,0
ASV781,0,0,0,4,0,0,0,0,0,0,0,0,0,0,0,0,0,0,0,0
ASV782,0,0,0,4,0,0,0,0,0,0,0,0,0,0,0,0,0,0,0,0
ASV783,0,0,0,0,0,4,0,0,0,0,0,0,0,0,0,0,0,0,0,0
ASV784,0,0,0,0,0,0,4,0,0,0,0,0,0,0,0,0,0,0,0,0
ASV785,0,0,0,0,0,0,4,0,0,0,0,0,0,0,0,0,0,0,0,0
ASV786,0,0,0,0,0,0,0,4,0,0,0,0,0,0,0,0,0,0,0,0
ASV787,0,0,0,0,0,0,0,4,0,0,0,0,0,0,0,0,0,0,0,0
ASV788,0,0,0,0,0,0,0,4,0,0,0,0,0,0,0,0,0,0,0,0
ASV789,0,0,0,0,0,0,0,4,0,0,0,0,0,0,0,0,0,0,0,0
ASV79,0,175,0,159,0,0,0,0,0,0,66,0,0,0,0,0,0,0,0,0
ASV790,0,0,0,0,0,0,0,4,0,0,0,0,0,0,0,0,0,0,0,0
ASV792,0,0,0,0,0,0,0,4,0,0,0,0,0,0,0,0,0,0,0,0
ASV793,0,0,0,0,0,0,0,0,4,0,0,0,0,0,0,0,0,0,0,0
ASV794,0,0,0,0,0,0,0,0,4,0,0,0,0,0,0,0,0,0,0,0
ASV795,0,0,0,0,0,0,0,0,4,0,0,0,0,0,0,0,0,0,0,0
ASV796,0,0,0,0,0,0,0,0,0,4,0,0,0,0,0,0,0,0,0,0
ASV797,0,0,0,0,0,0,0,0,0,0,4,0,0,0,0,0,0,0,0,0
ASV798,0,0,0,0,0,0,0,0,0,0,4,0,0,0,0,0,0,0,0,0
ASV799,0,0,0,0,0,0,0,0,0,0,4,0,0,0,0,0,0,0,0,0
ASV8,222,906,391,1491,58,362,274,2248,0,77,213,630,594,563,61,78,0,68,239,769
ASV80,0,0,0,0,0,0,0,0,304,96,0,0,0,0,0,0,0,0,0,0
ASV800,0,0,0,0,0,0,0,0,0,0,4,0,0,0,0,0,0,0,0,0
ASV801,0,0,0,0,0,0,0,0,0,0,4,0,0,0,0,0,0,0,0,0
ASV802,0,0,0,0,0,0,0,0,0,0,4,0,0,0,0,0,0,0,0,0
ASV803,0,0,0,0,0,0,0,0,0,0,4,0,0,0,0,0,0,0,0,0
ASV804,0,0,0,0,0,0,0,0,0,0,4,0,0,0,0,0,0,0,0,0
ASV805,0,0,0,0,0,0,0,0,0,0,4,0,0,0,0,0,0,0,0,0
ASV806,0,0,0,0,0,0,0,0,0,0,4,0,0,0,0,0,0,0,0,0
ASV807,0,0,0,0,0,0,0,0,0,0,4,0,0,0,0,0,0,0,0,0
ASV808,0,0,0,0,0,0,0,0,0,0,4,0,0,0,0,0,0,0,0,0
ASV809,0,0,0,0,0,0,0,0,0,0,4,0,0,0,0,0,0,0,0,0
ASV810,0,0,0,0,0,0,0,0,0,0,4,0,0,0,0,0,0,0,0,0
ASV811,0,0,0,0,0,0,0,0,0,0,4,0,0,0,0,0,0,0,0,0
ASV812,0,0,0,0,0,0,0,0,0,0,4,0,0,0,0,0,0,0,0,0
ASV813,0,0,0,0,0,0,0,0,0,0,4,0,0,0,0,0,0,0,0,0
ASV814,0,0,0,0,0,0,0,0,0,0,4,0,0,0,0,0,0,0,0,0
ASV815,0,0,0,0,0,0,0,0,0,0,4,0,0,0,0,0,0,0,0,0
ASV816,0,0,0,0,0,0,0,0,0,0,4,0,0,0,0,0,0,0,0,0
ASV817,0,0,0,0,0,0,0,0,0,0,4,0,0,0,0,0,0,0,0,0
ASV818,0,0,0,0,0,0,0,0,0,0,4,0,0,0,0,0,0,0,0,0
ASV819,0,0,0,0,0,0,0,0,0,0,4,0,0,0,0,0,0,0,0,0
ASV82,0,0,381,0,0,0,0,0,0,0,0,0,0,0,0,0,0,0,0,0
ASV820,0,0,0,0,0,0,0,0,0,0,4,0,0,0,0,0,0,0,0,0
ASV821,0,0,0,0,0,0,0,0,0,0,4,0,0,0,0,0,0,0,0,0
ASV822,0,0,0,0,0,0,0,0,0,0,4,0,0,0,0,0,0,0,0,0
ASV823,0,0,0,0,0,0,0,0,0,0,4,0,0,0,0,0,0,0,0,0
ASV824,0,0,0,0,0,0,0,0,0,0,0,0,0,4,0,0,0,0,0,0
ASV825,0,0,0,0,0,0,0,0,0,0,0,0,0,4,0,0,0,0,0,0
ASV826,0,0,0,0,0,0,0,0,0,0,0,0,0,0,4,0,0,0,0,0
ASV827,0,0,0,0,0,0,0,0,0,0,0,0,0,0,0,4,0,0,0,0
ASV828,0,0,0,0,0,0,0,0,0,0,0,0,0,0,0,0,0,4,0,0
ASV83,0,0,0,0,0,0,0,0,0,0,9,0,0,0,0,371,0,0,0,0
ASV830,0,3,0,0,0,0,0,0,0,0,0,0,0,0,0,0,0,0,0,0
ASV831,0,3,0,0,0,0,0,0,0,0,0,0,0,0,0,0,0,0,0,0
ASV832,0,3,0,0,0,0,0,0,0,0,0,0,0,0,0,0,0,0,0,0
ASV833,0,3,0,0,0,0,0,0,0,0,0,0,0,0,0,0,0,0,0,0
ASV834,0,3,0,0,0,0,0,0,0,0,0,0,0,0,0,0,0,0,0,0
ASV835,0,3,0,0,0,0,0,0,0,0,0,0,0,0,0,0,0,0,0,0
ASV836,0,3,0,0,0,0,0,0,0,0,0,0,0,0,0,0,0,0,0,0
ASV837,0,3,0,0,0,0,0,0,0,0,0,0,0,0,0,0,0,0,0,0
ASV838,0,3,0,0,0,0,0,0,0,0,0,0,0,0,0,0,0,0,0,0
ASV839,0,3,0,0,0,0,0,0,0,0,0,0,0,0,0,0,0,0,0,0
ASV84,0,0,0,0,0,0,0,0,0,0,0,0,52,293,4,24,0,0,0,0
ASV840,0,3,0,0,0,0,0,0,0,0,0,0,0,0,0,0,0,0,0,0
ASV841,0,3,0,0,0,0,0,0,0,0,0,0,0,0,0,0,0,0,0,0
ASV842,0,3,0,0,0,0,0,0,0,0,0,0,0,0,0,0,0,0,0,0
ASV843,0,3,0,0,0,0,0,0,0,0,0,0,0,0,0,0,0,0,0,0
ASV844,0,3,0,0,0,0,0,0,0,0,0,0,0,0,0,0,0,0,0,0
ASV845,0,0,0,3,0,0,0,0,0,0,0,0,0,0,0,0,0,0,0,0
ASV846,0,0,0,3,0,0,0,0,0,0,0,0,0,0,0,0,0,0,0,0
ASV847,0,0,0,3,0,0,0,0,0,0,0,0,0,0,0,0,0,0,0,0
ASV848,0,0,0,3,0,0,0,0,0,0,0,0,0,0,0,0,0,0,0,0
ASV849,0,0,0,3,0,0,0,0,0,0,0,0,0,0,0,0,0,0,0,0
ASV85,221,0,150,0,0,0,0,0,0,0,0,0,0,0,0,0,0,0,0,0
ASV850,0,0,0,3,0,0,0,0,0,0,0,0,0,0,0,0,0,0,0,0
ASV851,0,0,0,0,3,0,0,0,0,0,0,0,0,0,0,0,0,0,0,0
ASV852,0,0,0,0,0,0,3,0,0,0,0,0,0,0,0,0,0,0,0,0
ASV853,0,0,0,0,0,0,0,3,0,0,0,0,0,0,0,0,0,0,0,0
ASV854,0,0,0,0,0,0,0,3,0,0,0,0,0,0,0,0,0,0,0,0
ASV855,0,0,0,0,0,0,0,3,0,0,0,0,0,0,0,0,0,0,0,0
ASV856,0,0,0,0,0,0,0,3,0,0,0,0,0,0,0,0,0,0,0,0
ASV857,0,0,0,0,0,0,0,3,0,0,0,0,0,0,0,0,0,0,0,0
ASV858,0,0,0,0,0,0,0,3,0,0,0,0,0,0,0,0,0,0,0,0
ASV859,0,0,0,0,0,0,0,3,0,0,0,0,0,0,0,0,0,0,0,0
ASV86,0,0,0,371,0,0,0,0,0,0,0,0,0,0,0,0,0,0,0,0
ASV860,0,0,0,0,0,0,0,3,0,0,0,0,0,0,0,0,0,0,0,0
ASV861,0,0,0,0,0,0,0,3,0,0,0,0,0,0,0,0,0,0,0,0
ASV862,0,0,0,0,0,0,0,3,0,0,0,0,0,0,0,0,0,0,0,0
ASV863,0,0,0,0,0,0,0,0,3,0,0,0,0,0,0,0,0,0,0,0
ASV864,0,0,0,0,0,0,0,0,3,0,0,0,0,0,0,0,0,0,0,0
ASV865,0,0,0,0,0,0,0,0,3,0,0,0,0,0,0,0,0,0,0,0
ASV866,0,0,0,0,0,0,0,0,0,3,0,0,0,0,0,0,0,0,0,0
ASV867,0,0,0,0,0,0,0,0,0,3,0,0,0,0,0,0,0,0,0,0
ASV868,0,0,0,0,0,0,0,0,0,3,0,0,0,0,0,0,0,0,0,0
ASV869,0,0,0,0,0,0,0,0,0,0,3,0,0,0,0,0,0,0,0,0
ASV87,0,0,0,0,0,0,0,0,370,0,0,0,0,0,0,0,0,0,0,0
ASV870,0,0,0,0,0,0,0,0,0,0,3,0,0,0,0,0,0,0,0,0
ASV871,0,0,0,0,0,0,0,0,0,0,3,0,0,0,0,0,0,0,0,0
ASV872,0,0,0,0,0,0,0,0,0,0,3,0,0,0,0,0,0,0,0,0
ASV873,0,0,0,0,0,0,0,0,0,0,3,0,0,0,0,0,0,0,0,0
ASV874,0,0,0,0,0,0,0,0,0,0,3,0,0,0,0,0,0,0,0,0
ASV875,0,0,0,0,0,0,0,0,0,0,3,0,0,0,0,0,0,0,0,0
ASV876,0,0,0,0,0,0,0,0,0,0,3,0,0,0,0,0,0,0,0,0
ASV877,0,0,0,0,0,0,0,0,0,0,3,0,0,0,0,0,0,0,0,0
ASV878,0,0,0,0,0,0,0,0,0,0,3,0,0,0,0,0,0,0,0,0
ASV879,0,0,0,0,0,0,0,0,0,0,3,0,0,0,0,0,0,0,0,0
ASV880,0,0,0,0,0,0,0,0,0,0,3,0,0,0,0,0,0,0,0,0
ASV881,0,0,0,0,0,0,0,0,0,0,3,0,0,0,0,0,0,0,0,0
ASV882,0,0,0,0,0,0,0,0,0,0,3,0,0,0,0,0,0,0,0,0
ASV883,0,0,0,0,0,0,0,0,0,0,3,0,0,0,0,0,0,0,0,0
ASV884,0,0,0,0,0,0,0,0,0,0,0,0,0,3,0,0,0,0,0,0
ASV885,0,0,0,0,0,0,0,0,0,0,0,0,0,3,0,0,0,0,0,0
ASV886,0,0,0,0,0,0,0,0,0,0,0,0,0,0,3,0,0,0,0,0
ASV887,0,0,0,0,0,0,0,0,0,0,0,0,0,0,0,3,0,0,0,0
ASV888,0,0,0,0,0,0,0,0,0,0,0,0,0,0,0,3,0,0,0,0
ASV889,0,0,0,0,0,0,0,0,0,0,0,0,0,0,0,0,0,3,0,0
ASV89,0,0,0,56,0,0,0,0,0,0,0,0,293,0,0,0,0,0,0,0
ASV890,2,0,0,0,0,0,0,0,0,0,0,0,0,0,0,0,0,0,0,0
ASV891,0,2,0,0,0,0,0,0,0,0,0,0,0,0,0,0,0,0,0,0
ASV892,0,2,0,0,0,0,0,0,0,0,0,0,0,0,0,0,0,0,0,0
ASV893,0,2,0,0,0,0,0,0,0,0,0,0,0,0,0,0,0,0,0,0
ASV894,0,2,0,0,0,0,0,0,0,0,0,0,0,0,0,0,0,0,0,0
ASV896,0,2,0,0,0,0,0,0,0,0,0,0,0,0,0,0,0,0,0,0
ASV897,0,2,0,0,0,0,0,0,0,0,0,0,0,0,0,0,0,0,0,0
ASV898,0,2,0,0,0,0,0,0,0,0,0,0,0,0,0,0,0,0,0,0
ASV899,0,2,0,0,0,0,0,0,0,0,0,0,0,0,0,0,0,0,0,0
ASV9,0,0,0,0,846,0,0,0,0,643,0,0,279,0,1716,137,2197,187,1106,0
ASV900,0,2,0,0,0,0,0,0,0,0,0,0,0,0,0,0,0,0,0,0
ASV901,0,2,0,0,0,0,0,0,0,0,0,0,0,0,0,0,0,0,0,0
ASV902,0,2,0,0,0,0,0,0,0,0,0,0,0,0,0,0,0,0,0,0
ASV903,0,2,0,0,0,0,0,0,0,0,0,0,0,0,0,0,0,0,0,0
ASV904,0,2,0,0,0,0,0,0,0,0,0,0,0,0,0,0,0,0,0,0
ASV905,0,2,0,0,0,0,0,0,0,0,0,0,0,0,0,0,0,0,0,0
ASV906,0,0,2,0,0,0,0,0,0,0,0,0,0,0,0,0,0,0,0,0
ASV907,0,0,0,2,0,0,0,0,0,0,0,0,0,0,0,0,0,0,0,0
ASV908,0,0,0,2,0,0,0,0,0,0,0,0,0,0,0,0,0,0,0,0
ASV909,0,0,0,2,0,0,0,0,0,0,0,0,0,0,0,0,0,0,0,0
ASV91,343,0,0,0,0,0,0,0,0,0,0,0,0,0,0,0,0,0,0,0
ASV910,0,0,0,2,0,0,0,0,0,0,0,0,0,0,0,0,0,0,0,0
ASV911,0,0,0,2,0,0,0,0,0,0,0,0,0,0,0,0,0,0,0,0
ASV912,0,0,0,2,0,0,0,0,0,0,0,0,0,0,0,0,0,0,0,0
ASV913,0,0,0,2,0,0,0,0,0,0,0,0,0,0,0,0,0,0,0,0
ASV914,0,0,0,0,2,0,0,0,0,0,0,0,0,0,0,0,0,0,0,0
ASV916,0,0,0,0,0,0,2,0,0,0,0,0,0,0,0,0,0,0,0,0
ASV917,0,0,0,0,0,0,2,0,0,0,0,0,0,0,0,0,0,0,0,0
ASV918,0,0,0,0,0,0,0,2,0,0,0,0,0,0,0,0,0,0,0,0
ASV919,0,0,0,0,0,0,0,2,0,0,0,0,0,0,0,0,0,0,0,0
ASV92,0,0,0,0,0,0,0,0,341,0,0,0,0,0,0,0,0,0,0,0
ASV920,0,0,0,0,0,0,0,2,0,0,0,0,0,0,0,0,0,0,0,0
ASV921,0,0,0,0,0,0,0,2,0,0,0,0,0,0,0,0,0,0,0,0
ASV922,0,0,0,0,0,0,0,2,0,0,0,0,0,0,0,0,0,0,0,0
ASV923,0,0,0,0,0,0,0,2,0,0,0,0,0,0,0,0,0,0,0,0
ASV924,0,0,0,0,0,0,0,0,2,0,0,0,0,0,0,0,0,0,0,0
ASV925,0,0,0,0,0,0,0,0,2,0,0,0,0,0,0,0,0,0,0,0
ASV926,0,0,0,0,0,0,0,0,0,2,0,0,0,0,0,0,0,0,0,0
ASV927,0,0,0,0,0,0,0,0,0,2,0,0,0,0,0,0,0,0,0,0
ASV928,0,0,0,0,0,0,0,0,0,2,0,0,0,0,0,0,0,0,0,0
ASV929,0,0,0,0,0,0,0,0,0,0,2,0,0,0,0,0,0,0,0,0
ASV93,327,0,0,0,0,0,0,0,0,0,0,0,0,0,0,0,0,0,0,0
ASV930,0,0,0,0,0,0,0,0,0,0,2,0,0,0,0,0,0,0,0,0
ASV931,0,0,0,0,0,0,0,0,0,0,2,0,0,0,0,0,0,0,0,0
ASV932,0,0,0,0,0,0,0,0,0,0,2,0,0,0,0,0,0,0,0,0
ASV933,0,0,0,0,0,0,0,0,0,0,2,0,0,0,0,0,0,0,0,0
ASV934,0,0,0,0,0,0,0,0,0,0,2,0,0,0,0,0,0,0,0,0
ASV935,0,0,0,0,0,0,0,0,0,0,2,0,0,0,0,0,0,0,0,0
ASV936,0,0,0,0,0,0,0,0,0,0,2,0,0,0,0,0,0,0,0,0
ASV937,0,0,0,0,0,0,0,0,0,0,2,0,0,0,0,0,0,0,0,0
ASV938,0,0,0,0,0,0,0,0,0,0,2,0,0,0,0,0,0,0,0,0
ASV94,0,319,0,0,0,0,0,0,0,0,0,0,0,0,0,0,0,0,0,0
ASV940,0,0,0,0,0,0,0,0,0,0,2,0,0,0,0,0,0,0,0,0
ASV941,0,0,0,0,0,0,0,0,0,0,2,0,0,0,0,0,0,0,0,0
ASV942,0,0,0,0,0,0,0,0,0,0,2,0,0,0,0,0,0,0,0,0
ASV943,0,0,0,0,0,0,0,0,0,0,2,0,0,0,0,0,0,0,0,0
ASV944,0,0,0,0,0,0,0,0,0,0,0,2,0,0,0,0,0,0,0,0
ASV945,0,0,0,0,0,0,0,0,0,0,0,0,0,2,0,0,0,0,0,0
ASV946,0,0,0,0,0,0,0,0,0,0,0,0,0,2,0,0,0,0,0,0
ASV947,0,0,0,0,0,0,0,0,0,0,0,0,0,0,2,0,0,0,0,0
ASV948,0,0,0,0,0,0,0,0,0,0,0,0,0,0,0,2,0,0,0,0
ASV949,0,0,0,0,0,0,0,0,0,0,0,0,0,0,0,2,0,0,0,0
ASV950,0,0,0,0,0,0,0,0,0,0,0,0,0,0,0,0,0,2,0,0
ASV951,0,0,0,0,0,0,0,0,0,0,0,0,0,0,0,0,0,2,0,0
ASV96,0,0,0,0,0,0,0,319,0,0,0,0,0,0,0,0,0,0,0,0
ASV97,0,0,0,0,315,0,0,0,0,0,0,0,0,0,0,0,0,0,0,0
ASV98,0,0,0,0,0,0,0,0,315,0,0,0,0,0,0,0,0,0,0,0
ASV99,0,0,0,0,301,0,0,0,0,0,11,0,0,0,0,0,0,0,0,0
