Species	NCBI_ITS2_records	NCBI_status
Abies koreana	5	FOUND
Acalypha virginica	1	FOUND
Acaulon muticum	0	NOT_FOUND
Acer ginnala	16	FOUND
Acer hyrcanum	10	FOUND
Acer monspessulanum	169	FOUND
Acer obtusatum	15	FOUND
Acetabularia acetabulum	1	FOUND
Achillea clavenae	0	NOT_FOUND
Achillea stricta	0	NOT_FOUND
Acinos alpinus	7	FOUND
Acinos arvensis	9	FOUND
Aconitum angustifolium	0	NOT_FOUND
Aconitum anthora	1	FOUND
Aconitum cymbulatum	1	FOUND
Aconitum degenii	5	FOUND
Aconitum lupicida	0	NOT_FOUND
Aconitum tauricum	2	FOUND
Aconitum vitosanum	0	NOT_FOUND
Acrochaetium subpinnatum	0	NOT_FOUND
Acrosymphyton purpuriferum	0	NOT_FOUND
Actinotaenium palangula	0	NOT_FOUND
Actinotaenium rufescens	0	NOT_FOUND
Adenostyles glabra	0	NOT_FOUND
Adiantum capillus-veneris	0	NOT_FOUND
Adonis aestivalis	4	FOUND
Adonis flammea	2	FOUND
Adonis microcarpa	1	FOUND
Aegilops geniculata	6	FOUND
Aethionema saxatile	3	FOUND
Agrostis agrostiflora	1	FOUND
Agrostis alpina	2	FOUND
Agrostis rupestris	2	FOUND
Agrostis tenuis	39	FOUND
Alcea biennis	2	FOUND
Alchemilla acutata	0	NOT_FOUND
Alchemilla carniolica	0	NOT_FOUND
Alchemilla cinerea	0	NOT_FOUND
Alchemilla connivens	0	NOT_FOUND
Alchemilla exigua	0	NOT_FOUND
Alchemilla gracillima	0	NOT_FOUND
Alchemilla illyrica	0	NOT_FOUND
Alchemilla lineata	0	NOT_FOUND
Alchemilla obtusa	0	NOT_FOUND
Alchemilla sericoneura	0	NOT_FOUND
Alchemilla straminea	0	NOT_FOUND
Alchemilla strigosula	0	NOT_FOUND
Alchemilla tirolensis	0	NOT_FOUND
Alchemilla undulata	0	NOT_FOUND
Alchemilla velebitica	0	NOT_FOUND
Allium amethystinum	0	NOT_FOUND
Allium carinatum	25	FOUND
Allium kermesinum	1	FOUND
Aloina aloides	1	FOUND
Aloina ambigua	1	FOUND
Alopecurus rendlei	0	NOT_FOUND
Alsidium corallinum	0	NOT_FOUND
Althaea cannabina	3	FOUND
Althaea taurinensis	0	NOT_FOUND
Alyssum wulfenianum	20	FOUND
Amaranthus bouchonii	1	FOUND
Amaranthus lividus	3	FOUND
Ambrosia coronopifolia	0	NOT_FOUND
Amelanchier lamarckii	0	NOT_FOUND
Amelanchier ovalis	9	FOUND
Amphiroa rigida	0	NOT_FOUND
Anacamptis palustris	10	FOUND
Anacamptis papilionacea	3	FOUND
Anadyomene stellata	0	NOT_FOUND
Anagallis foemina	8	FOUND
Anchusa officinalis	7	FOUND
Andreaea alpestris	0	NOT_FOUND
Androsace hausmannii	2	FOUND
Androsace helvetica	2	FOUND
Androsace lactea	2	FOUND
Androsace villosa	2	FOUND
Anemonastrum narcissiflorum	18	FOUND
Anemone baldensis	19	FOUND
Anemone hortensis	2	FOUND
Anemone sylvestris	11	FOUND
Anemone trifolia	1	FOUND
Anisantha diandra	17	FOUND
Anisantha madritensis	0	NOT_FOUND
Anisantha sterilis	10	FOUND
Anisantha tectorum	23	FOUND
Ankistrodesmus falcatus	7	FOUND
Anthelia juratzkana	0	NOT_FOUND
Anthemis altissima	0	NOT_FOUND
Anthemis austriaca	1	FOUND
Anthemis segetalis	1	FOUND
Anthoceros agrestis	26	FOUND
Anthriscus fumarioides	6	FOUND
Anthriscus nitidus	41	FOUND
Anthyllis jacquinii	0	NOT_FOUND
Antithamnion cruciatum	0	NOT_FOUND
Apatococcus lobatus	1	FOUND
Aphanochaete repens	3	FOUND
Aposeris foetida	2	FOUND
Aquilegia iulia	0	NOT_FOUND
Arabis ciliata	12	FOUND
Arabis glabra	19	FOUND
Arabis muralis	0	NOT_FOUND
Arabis nemorensis	12	FOUND
Arabis pauciflora	3	FOUND
Arabis turrita	5	FOUND
Arctium nemorosum	1	FOUND
Arctostaphylos alpinus	11	FOUND
Aremonia agrimonoides	1	FOUND
Arenaria marschlinsii	1	FOUND
Argyrolobium zanonii	1	FOUND
Aristida longespica	2	FOUND
Aristolochia lutea	0	NOT_FOUND
Aristolochia pallida	0	NOT_FOUND
Aristolochia rotunda	0	NOT_FOUND
Armeria alpina	3	FOUND
Arnellia fennica	1	FOUND
Artemisia alba	1	FOUND
Artemisia caerulescens	3	FOUND
Artemisia genipi	2	FOUND
Artemisia nitida	1	FOUND
Artemisia verlotiorum	51	FOUND
Arum cylindraceum	2	FOUND
Arundo plinii	1	FOUND
Asparagopsis armata	0	NOT_FOUND
Asparagus maritimus	0	NOT_FOUND
Asparagus tenuifolius	0	NOT_FOUND
Asperula aristata	8	FOUND
Asperula beckiana	1	FOUND
Asperula taurina	0	NOT_FOUND
Asperula tinctoria	0	NOT_FOUND
Asphodeline lutea	1	FOUND
Asphodelus albus	1	FOUND
Asplenium adiantum-nigrum	1	FOUND
Asplenium cuneifolium	0	NOT_FOUND
Asplenium fissum	0	NOT_FOUND
Asplenium lepidum	0	NOT_FOUND
Asplenium onopteris	0	NOT_FOUND
Asplenium seelosii	0	NOT_FOUND
Aster bellidiastrum	1	FOUND
Aster laevis	7	FOUND
Aster linosyris	12	FOUND
Aster novae-angliae	17	FOUND
Aster parviflorus	1	FOUND
Aster tripolium	2	FOUND
Asterella lindenbergiana	0	NOT_FOUND
Asterococcus superbus	1	FOUND
Astragalus carniolicus	3	FOUND
Astragalus gremlii	1	FOUND
Astragalus illyricus	0	NOT_FOUND
Astragalus onobrychis	13	FOUND
Astragalus penduliflorus	3	FOUND
Astrantia bavarica	0	NOT_FOUND
Astrantia carniolica	0	NOT_FOUND
Athamanta vestina	0	NOT_FOUND
Athyrium filix-femina	0	NOT_FOUND
Atrichum flavisetum	0	NOT_FOUND
Atriplex portulacoides	12	FOUND
Atriplex sagittata	4	FOUND
Atropa bella-donna	23	FOUND
Audouinella chalybea	0	NOT_FOUND
Auxenochlorella pyrenoidosa	34	FOUND
Ballota hispanica	3	FOUND
Bambusina borreri	0	NOT_FOUND
Barbarea intermedia	11	FOUND
Basilicum polystachyon	0	NOT_FOUND
Bazzania flaccida	0	NOT_FOUND
Bellevalia romana	8	FOUND
Bellis sylvestris	3	FOUND
Betonica alopecuros	1	FOUND
Bidens subalternans	2	FOUND
Blasia pusilla	0	NOT_FOUND
Blidingia minima	12	FOUND
Blindia caespiticia	1	FOUND
Blysmus compressus	7	FOUND
Bonnemaisonia hamifera	0	NOT_FOUND
Boreolithothamnion sonderi	0	NOT_FOUND
Botrychium matricariifolium	0	NOT_FOUND
Botrychium multifidum	0	NOT_FOUND
Botrychium simplex	0	NOT_FOUND
Botrychium virginianum	1	FOUND
Botryocladia botryoides	0	NOT_FOUND
Botryococcus braunii	50	FOUND
Brachypodium rupestre	39	FOUND
Brachythecium capillaceum	0	NOT_FOUND
Brachythecium geheebii	4	FOUND
Brachythecium japygum	3	FOUND
Brachythecium tenuicaule	2	FOUND
Bromopsis condensata	0	NOT_FOUND
Bromopsis erecta	15	FOUND
Bromopsis inermis	30	FOUND
Bromopsis pannonica	0	NOT_FOUND
Bromopsis ramosa	4	FOUND
Bromopsis transsilvanica	0	NOT_FOUND
Bromus intermedius	2	FOUND
Bromus lepidus	1	FOUND
Bromus squarrosus	30	FOUND
Bruchia flexuosa	0	NOT_FOUND
Bryum canariense	2	FOUND
Bryum dichotomum	2	FOUND
Bryum gemmiferum	1	FOUND
Bryum klinggraeffii	0	NOT_FOUND
Bryum versicolor	0	NOT_FOUND
Buglossoides purpurocaerulea	5	FOUND
Bupleurum petraeum	0	NOT_FOUND
Bupleurum veronense	1	FOUND
Calamagrostis villosa	6	FOUND
Calamintha einseleana	0	NOT_FOUND
Calamintha grandiflora	0	NOT_FOUND
Calamintha menthifolia	4	FOUND
Calamintha nepeta	2	FOUND
Calamintha parviflora	0	NOT_FOUND
Calycocorsus stipitatus	0	NOT_FOUND
Calypogeia suecica	1	FOUND
Calystegia sylvatica	0	NOT_FOUND
Campanula carnica	1	FOUND
Campanula cespitosa	2	FOUND
Campanula inconcessa	0	NOT_FOUND
Campanula thyrsoides	3	FOUND
Campanula witasekiana	1	FOUND
Campyliadelphus chrysophyllus	7	FOUND
Campyliadelphus elodes	3	FOUND
Campylophyllopsis calcarea	6	FOUND
Campylophyllopsis sommerfeltii	11	FOUND
Campylostelium saxicola	0	NOT_FOUND
Cardamine pentaphyllos	5	FOUND
Cardaminopsis halleri	63	FOUND
Cardaria draba	29	FOUND
Carduus carduelis	1	FOUND
Carduus collinus	0	NOT_FOUND
Carduus crassifolius	0	NOT_FOUND
Carduus macrocephalus	1	FOUND
Carduus micropterus	0	NOT_FOUND
Carduus personata	3	FOUND
Carduus platylepis	0	NOT_FOUND
Carex alba	3	FOUND
Carex austroalpina	2	FOUND
Carex brachystachys	1	FOUND
Carex buekii	10	FOUND
Carex firma	6	FOUND
Carex flavella	0	NOT_FOUND
Carex frigida	2	FOUND
Carex fritschii	1	FOUND
Carex hallerana	0	NOT_FOUND
Carex hartmaniorum	0	NOT_FOUND
Carex humilis	8	FOUND
Carex kitaibeliana	3	FOUND
Carex liparocarpos	4	FOUND
Carex melanostachya	4	FOUND
Carex michelii	1	FOUND
Carex mucronata	2	FOUND
Carex pallens	1	FOUND
Carex pilosa	8	FOUND
Carex randalpina	4	FOUND
Carex tomentosa	3	FOUND
Carex umbrosa	9	FOUND
Carlina acaulis	3	FOUND
Carlina corymbosa	1	FOUND
Carpesium cernuum	22	FOUND
Carpobrotus glaucescens	0	NOT_FOUND
Carya tomentosa	3	FOUND
Catenella caespitosa	1	FOUND
Catoscopium nigritum	2	FOUND
Caucalis orientalis	3	FOUND
Cedrus atlantica	0	NOT_FOUND
Cedrus libani	0	NOT_FOUND
Centaurea alpina	2	FOUND
Centaurea bracteata	0	NOT_FOUND
Centaurea carniolica	0	NOT_FOUND
Centaurea cristata	2	FOUND
Centaurea dichroantha	0	NOT_FOUND
Centaurea haynaldii	0	NOT_FOUND
Centaurea macroptilon	0	NOT_FOUND
Centaurea pannonica	2	FOUND
Centaurea rhenana	119	FOUND
Centaurea subjacea	0	NOT_FOUND
Centaurea uniflora	0	NOT_FOUND
Centaurium spicatum	5	FOUND
Centunculus minimus	7	FOUND
Cephalaria transsylvanica	0	NOT_FOUND
Cephalozia lacinulata	0	NOT_FOUND
Cephaloziella baumgartneri	0	NOT_FOUND
Cephaloziella elegans	0	NOT_FOUND
Cephaloziella hampeana	3	FOUND
Cephaloziella integerrima	0	NOT_FOUND
Cephaloziella spinigera	0	NOT_FOUND
Ceramium ciliatum	0	NOT_FOUND
Ceramium diaphanum	0	NOT_FOUND
Ceramium echionotum	0	NOT_FOUND
Cerastium carinthiacum	6	FOUND
Cerastium decalvans	20	FOUND
Cerastium dinaricum	20	FOUND
Cerastium dubium	2	FOUND
Cerastium glutinosum	5	FOUND
Cerastium julicum	2	FOUND
Cerastium strictum	0	NOT_FOUND
Cerastium subtriflorum	11	FOUND
Cerastium sylvaticum	5	FOUND
Cerastium tenoreanum	0	NOT_FOUND
Cerastium uniflorum	5	FOUND
Ceratonia siliqua	2	FOUND
Ceterach javorkeanum	0	NOT_FOUND
Ceterach officinarum	3	FOUND
Chaetophora lobata	2	FOUND
Chamaecyparis lawsoniana	3	FOUND
Chamaecyparis nootkatensis	9	FOUND
Chamaecyparis obtusa	24	FOUND
Chamaecyparis pisifera	5	FOUND
Chamaecytisus austriacus	0	NOT_FOUND
Chamaecytisus ciliatus	0	NOT_FOUND
Chamaecytisus hirsutus	0	NOT_FOUND
Chamaecytisus supinus	1	FOUND
Chamaespartium sagittale	5	FOUND
Chamerion dodonaei	0	NOT_FOUND
Chamomilla recutita	0	NOT_FOUND
Chamomilla suaveolens	0	NOT_FOUND
Champia parvula	0	NOT_FOUND
Chara braunii	1	FOUND
Chara globularis	2	FOUND
Characium ensiforme	0	NOT_FOUND
Characium strictum	0	NOT_FOUND
Chenopodium ambrosioides	42	FOUND
Chenopodium bonus-henricus	6	FOUND
Chenopodium botrys	14	FOUND
Chenopodium foliosum	9	FOUND
Chenopodium hircinum	0	NOT_FOUND
Chenopodium hybridum	16	FOUND
Chenopodium murale	46	FOUND
Chenopodium pedunculare	1	FOUND
Chenopodium polyspermum	8	FOUND
Chenopodium urbicum	8	FOUND
Chlorella vulgaris	206	FOUND
Chlorococcum botryoides	0	NOT_FOUND
Chlorococcum infusionum	2	FOUND
Chlorocrepis staticifolia	1	FOUND
Chlorophysema melosirae	0	NOT_FOUND
Chlorosarcina consociata	0	NOT_FOUND
Chondracanthus acicularis	1	FOUND
Chondria dasyphylla	0	NOT_FOUND
Chondrilla chondrilloides	8	FOUND
Chroodactylon ornatum	0	NOT_FOUND
Chrysanthemum segetum	8	FOUND
Chrysopogon gryllus	4	FOUND
Chrysymenia ventricosa	0	NOT_FOUND
Cinclidium stygium	0	NOT_FOUND
Cinclidotus aquaticus	2	FOUND
Cinclidotus danubicus	0	NOT_FOUND
Cirsium candelabrum	2	FOUND
Cirsium carniolicum	6	FOUND
Cirsium montanum	0	NOT_FOUND
Cirsium pannonicum	1	FOUND
Cirsium rivulare	1	FOUND
Cirsium waldsteinii	1	FOUND
Cladophora fracta	0	NOT_FOUND
Cladophora glomerata	77	FOUND
Cladophora laetevirens	5	FOUND
Cladophora prolifera	6	FOUND
Cleistocarpidium palustre	0	NOT_FOUND
Cleistogenes serotina	0	NOT_FOUND
Clematis alpina	23	FOUND
Clerodendrum trichotomum	31	FOUND
Closterium acerosum	0	NOT_FOUND
Closterium acutum	0	NOT_FOUND
Closterium closterioides	0	NOT_FOUND
Closterium costatum	0	NOT_FOUND
Closterium ehrenbergii	115	FOUND
Closterium gracile	0	NOT_FOUND
Closterium limneticum	0	NOT_FOUND
Closterium lineatum	0	NOT_FOUND
Closterium moniliferum	15	FOUND
Closterium navicula	0	NOT_FOUND
Closterium parvulum	0	NOT_FOUND
Closterium pritchardianum	0	NOT_FOUND
Closterium ralfsii	0	NOT_FOUND
Closterium rostratum	0	NOT_FOUND
Closterium strigosum	0	NOT_FOUND
Closterium striolatum	1	FOUND
Cnestrum schisti	4	FOUND
Cnidium silaifolium	2	FOUND
Coccomyxa confluens	0	NOT_FOUND
Codium bursa	0	NOT_FOUND
Codium decorticatum	0	NOT_FOUND
Codium fragile	0	NOT_FOUND
Codium vermilara	0	NOT_FOUND
Codonoblepharon forsteri	6	FOUND
Coelastrum astroideum	8	FOUND
Coelastrum microporum	10	FOUND
Coeloglossum viride	17	FOUND
Commelina communis	30	FOUND
Consolida ajacis	8	FOUND
Consolida hispanica	1	FOUND
Consolida regalis	2	FOUND
Convolvulus cantabrica	6	FOUND
Conyza bonariensis	68	FOUND
Conyza canadensis	63	FOUND
Conyza sumatrensis	85	FOUND
Corallina officinalis	16	FOUND
Corallorrhiza trifida	0	NOT_FOUND
Cornus mas	2	FOUND
Coronilla cretica	0	NOT_FOUND
Coronilla emerus	3	FOUND
Coronilla vaginalis	1	FOUND
Coronopus didymus	15	FOUND
Coronopus squamatus	2	FOUND
Cortaderia selloana	2	FOUND
Corydalis cava	3	FOUND
Cosmarium botrytis	0	NOT_FOUND
Cosmarium formosulum	0	NOT_FOUND
Cosmarium furcatospermum	0	NOT_FOUND
Cosmarium granatum	1	FOUND
Cosmarium heimerlii	0	NOT_FOUND
Cosmarium laeve	0	NOT_FOUND
Cosmarium microsphinctum	0	NOT_FOUND
Cosmarium nasutum	0	NOT_FOUND
Cosmarium neodepressum	0	NOT_FOUND
Cosmarium ochthodes	1	FOUND
Cosmarium pokornyanum	0	NOT_FOUND
Cosmarium pseudamoenum	0	NOT_FOUND
Cosmarium punctulatum	0	NOT_FOUND
Cosmarium pygmaeum	0	NOT_FOUND
Cosmarium reniforme	0	NOT_FOUND
Cosmarium speciosum	0	NOT_FOUND
Cosmarium sphagnicola	0	NOT_FOUND
Cosmarium triglavense	0	NOT_FOUND
Cosmarium vexatum	0	NOT_FOUND
Cotoneaster tomentosus	0	NOT_FOUND
Crataegus azarolus	2	FOUND
Crepis bocconi	2	FOUND
Crepis chondrilloides	2	FOUND
Crepis conyzifolia	3	FOUND
Crepis kerneri	2	FOUND
Crepis pannonica	2	FOUND
Crepis rhoeadifolia	4	FOUND
Crepis slovenica	0	NOT_FOUND
Crepis taraxacifolia	9	FOUND
Crepis terglouensis	0	NOT_FOUND
Crepis zacintha	2	FOUND
Crocus biflorus	6	FOUND
Crocus reticulatus	11	FOUND
Crouania attenuata	0	NOT_FOUND
Cruciata glabra	2	FOUND
Crypsis aculeata	4	FOUND
Crypsis schoenoides	6	FOUND
Cryptomeria japonica	11	FOUND
Cupressus arizonica	13	FOUND
Cuscuta cesatiana	1	FOUND
Cuscuta kotschii	0	NOT_FOUND
Cycas revoluta	39	FOUND
Cyclamen purpurascens	81	FOUND
Cylindrocystis brebissonii	2	FOUND
Cylindrocystis crassa	0	NOT_FOUND
Cymodocea nodosa	2	FOUND
Cynodontium fallax	0	NOT_FOUND
Cynoglossum creticum	6	FOUND
Cyperus congestus	0	NOT_FOUND
Cyperus glaber	0	NOT_FOUND
Cyperus glomeratus	2	FOUND
Cyperus michelianus	0	NOT_FOUND
Cystopteris regia	0	NOT_FOUND
Danae racemosa	0	NOT_FOUND
Danthonia alpina	2	FOUND
Daphne alpina	2	FOUND
Daphne blagayana	4	FOUND
Daphne cneorum	28	FOUND
Daphne striata	4	FOUND
Dasya hutchinsiae	0	NOT_FOUND
Datura innoxia	43	FOUND
Delphinium fissum	0	NOT_FOUND
Deschampsia flexuosa	23	FOUND
Desmodesmus abundans	22	FOUND
Desmodesmus brasiliensis	7	FOUND
Desmodesmus serratus	28	FOUND
Deutzia scabra	10	FOUND
Dialytrichia mucronata	3	FOUND
Dianthus balbisii	0	NOT_FOUND
Dianthus collinus	1	FOUND
Dianthus gigantheus	0	NOT_FOUND
Dianthus hyssopifolius	2	FOUND
Dianthus sanguineus	0	NOT_FOUND
Dianthus sternbergii	1	FOUND
Dianthus tergestinus	0	NOT_FOUND
Dichoropetalum schottii	1	FOUND
Dicranella cerviculata	3	FOUND
Dicranella crispa	0	NOT_FOUND
Dicranella grevilleana	0	NOT_FOUND
Dicranella humilis	0	NOT_FOUND
Dicranella rufescens	0	NOT_FOUND
Dicranella staphylina	0	NOT_FOUND
Dicranella subulata	0	NOT_FOUND
Dicranum crassifolium	3	FOUND
Dicranum fulvum	8	FOUND
Dicranum montanum	12	FOUND
Dicranum scottianum	2	FOUND
Dicranum transsylvanicum	0	NOT_FOUND
Dictamnus albus	3	FOUND
Didymodon giganteus	7	FOUND
Didymodon nichlosonii	0	NOT_FOUND
Digitalis laevigata	3	FOUND
Digitaria aegyptiaca	0	NOT_FOUND
Diobelonella palustris	4	FOUND
Diospyros kaki	52	FOUND
Diphasiastrum issleri	0	NOT_FOUND
Diphyscium foliosum	0	NOT_FOUND
Dipterosiphonia rigens	0	NOT_FOUND
Doronicum glaciale	27	FOUND
Doronicum grandiflorum	13	FOUND
Dorycnium germanicum	12	FOUND
Dorycnium herbaceum	41	FOUND
Draba aspera	0	NOT_FOUND
Draba muralis	12	FOUND
Draba tomentosa	4	FOUND
Draparnaldia mutabilis	1	FOUND
Dryopteris affinis	0	NOT_FOUND
Dryopteris cristata	0	NOT_FOUND
Dryopteris dilatata	1	FOUND
Dryopteris submontana	0	NOT_FOUND
Dryopteris villarii	0	NOT_FOUND
Duchesnea indica	41	FOUND
Echinops ritro	10	FOUND
Edraianthus graminifolius	2	FOUND
Elaeagnus macrophylla	9	FOUND
Elaeagnus pungens	9	FOUND
Elakatothrix biplex	0	NOT_FOUND
Elakatothrix gelatinosa	0	NOT_FOUND
Elakatothrix spirochroma	0	NOT_FOUND
Eleocharis austriaca	5	FOUND
Elyna myosuroides	0	NOT_FOUND
Elytrigia atherica	11	FOUND
Elytrigia elongata	14	FOUND
Elytrigia intermedia	94	FOUND
Elytrigia juncea	0	NOT_FOUND
Elytrigia repens	88	FOUND
Encalypta longicolla	0	NOT_FOUND
Encalypta trachymitria	0	NOT_FOUND
Entodon schleicheri	1	FOUND
Ephemerum cohaerens	0	NOT_FOUND
Ephemerum stoloniferum	0	NOT_FOUND
Epilobium alpestre	0	NOT_FOUND
Epilobium lamyi	0	NOT_FOUND
Epilobium nutans	0	NOT_FOUND
Epimedium alpinum	4	FOUND
Epipactis greuteri	4	FOUND
Epipactis latina	0	NOT_FOUND
Epipactis microphylla	2	FOUND
Epipactis muelleri	1	FOUND
Epipactis nordeniorum	1	FOUND
Epipactis pontica	1	FOUND
Epipogium aphyllum	49	FOUND
Equisetum telmateia	1	FOUND
Erechtites hieraciifolia	21	FOUND
Erica carnea	6	FOUND
Erigeron alpinus	0	NOT_FOUND
Erigeron angulosus	0	NOT_FOUND
Erigeron glabratus	0	NOT_FOUND
Erophila praecox	0	NOT_FOUND
Erophila spathulata	3	FOUND
Erophila verna	20	FOUND
Eruca sativa	14	FOUND
Erysimum carniolicum	1	FOUND
Erysimum odoratum	3	FOUND
Erysimum sylvestre	2	FOUND
Erythronium dens-canis	17	FOUND
Erythrotrichia carnea	0	NOT_FOUND
Euastrum ansatum	0	NOT_FOUND
Euastrum binale	0	NOT_FOUND
Eucalyptus gunnii	4	FOUND
Euonymus europaea	9	FOUND
Euonymus fortunei	15	FOUND
Euonymus latifolia	2	FOUND
Euonymus verrucosa	3	FOUND
Eupatorium maculatum	2	FOUND
Euphorbia acuminata	0	NOT_FOUND
Euphorbia angulata	11	FOUND
Euphorbia carniolica	10	FOUND
Euphorbia chamaesyce	1	FOUND
Euphorbia fragifera	8	FOUND
Euphorbia humifusa	19	FOUND
Euphorbia peplis	5	FOUND
Euphorbia peploides	1	FOUND
Euphorbia pinea	3	FOUND
Euphorbia triflora	5	FOUND
Euphorbia villosa	21	FOUND
Euphrasia cuspidata	0	NOT_FOUND
Euphrasia illyrica	0	NOT_FOUND
Euphrasia italica	0	NOT_FOUND
Euphrasia kerneri	1	FOUND
Euphrasia liburnica	0	NOT_FOUND
Euphrasia marchesettii	1	FOUND
Euphrasia minima	13	FOUND
Euphrasia picta	1	FOUND
Euphrasia pulchella	0	NOT_FOUND
Euphrasia versicolor	1	FOUND
Eurhynchiastrum diversifolium	0	NOT_FOUND
Fabronia ciliaris	26	FOUND
Fabronia pusilla	10	FOUND
Fagopyrum tataricum	22	FOUND
Fallopia japonica	23	FOUND
Fallopia sachalinensis	9	FOUND
Felicinia spathulata	0	NOT_FOUND
Ferulago campestris	1	FOUND
Festuca airoides	0	NOT_FOUND
Festuca alpestris	5	FOUND
Festuca alpina	8	FOUND
Festuca amethystina	9	FOUND
Festuca apennina	4	FOUND
Festuca arundinacea	57	FOUND
Festuca bosniaca	29	FOUND
Festuca brevipila	9	FOUND
Festuca calva	3	FOUND
Festuca circummediterranea	3	FOUND
Festuca drymeia	0	NOT_FOUND
Festuca gigantea	18	FOUND
Festuca guestfalica	1	FOUND
Festuca heteromalla	0	NOT_FOUND
Festuca intercedens	1	FOUND
Festuca laxa	1	FOUND
Festuca nigrescens	1	FOUND
Festuca nitida	1	FOUND
Festuca norica	1	FOUND
Festuca pallens	4	FOUND
Festuca paniculata	7	FOUND
Festuca picturata	3	FOUND
Festuca pratensis	43	FOUND
Festuca pseudovina	3	FOUND
Festuca pulchella	2	FOUND
Festuca quadriflora	5	FOUND
Festuca rupicaprina	2	FOUND
Festuca rupicola	9	FOUND
Festuca spectabilis	2	FOUND
Festuca stenantha	1	FOUND
Festuca stricta	3	FOUND
Festuca trichophylla	0	NOT_FOUND
Festuca varia	4	FOUND
Festuca violacea	3	FOUND
Filaginella uliginosa	0	NOT_FOUND
Filago vulgaris	4	FOUND
Fimbristylis annua	0	NOT_FOUND
Fissidens fontanus	3	FOUND
Fissidens gracilifolius	4	FOUND
Fissidens incurvus	0	NOT_FOUND
Fissidens rufulus	1	FOUND
Fissidens viridulus	38	FOUND
Flabellia petiolata	2	FOUND
Foeniculum piperitum	3	FOUND
Foeniculum vulgare	104	FOUND
Frangula rupestris	4	FOUND
Fritillaria orientalis	0	NOT_FOUND
Frullania cleistostoma	2	FOUND
Fumana procumbens	1	FOUND
Fumaria rostellata	0	NOT_FOUND
Gagea arvensis	23	FOUND
Galeobdolon argentatum	3	FOUND
Galeobdolon flavidum	3	FOUND
Galeobdolon montanum	3	FOUND
Galeopsis ladanum	0	NOT_FOUND
Galeopsis pubescens	1	FOUND
Galeopsis segetum	0	NOT_FOUND
Galinsoga ciliata	5	FOUND
Galium album	1	FOUND
Galium anisophyllon	0	NOT_FOUND
Galium austriacum	0	NOT_FOUND
Galium constrictum	0	NOT_FOUND
Galium corrudifolium	0	NOT_FOUND
Galium divaricatum	0	NOT_FOUND
Galium elongatum	1	FOUND
Galium laevigatum	0	NOT_FOUND
Galium lucidum	0	NOT_FOUND
Galium noricum	0	NOT_FOUND
Galium pumilum	0	NOT_FOUND
Galium purpureum	1	FOUND
Galium rotundifolium	0	NOT_FOUND
Galium rubioides	4	FOUND
Galium schultesii	0	NOT_FOUND
Galium tricornutum	2	FOUND
Gelidiella lubrica	0	NOT_FOUND
Gelidium crinale	0	NOT_FOUND
Gelidium pusillum	0	NOT_FOUND
Gelidium spathulatum	0	NOT_FOUND
Gelidium spinosum	0	NOT_FOUND
Genista januensis	2	FOUND
Genista ovata	0	NOT_FOUND
Genista sylvestris	5	FOUND
Gentiana cruciata	6	FOUND
Gentiana favratii	0	NOT_FOUND
Gentiana froelichii	2	FOUND
Gentiana pannonica	2	FOUND
Gentiana pumila	1	FOUND
Gentiana terglouensis	1	FOUND
Gentiana utriculosa	1	FOUND
Gentianella liburnica	0	NOT_FOUND
Gentianella tenella	1	FOUND
Geranium macrorrhizum	6	FOUND
Geranium nodosum	1	FOUND
Geranium palustre	1	FOUND
Geranium thunbergii	9	FOUND
Gladiolus illyricus	0	NOT_FOUND
Gladiolus imbricatus	9	FOUND
Gladiolus italicus	0	NOT_FOUND
Gladiolus palustris	49	FOUND
Globularia cordifolia	2	FOUND
Globularia nudicaulis	2	FOUND
Globularia punctata	1	FOUND
Gloeocystis vesiculosa	1	FOUND
Gnaphalium luteoalbum	17	FOUND
Gongrosira debaryana	0	NOT_FOUND
Gracilariopsis longissima	1	FOUND
Grafia golaka	0	NOT_FOUND
Grimmia crinita	1	FOUND
Grimmia hartmanii	0	NOT_FOUND
Grimmia orbicularis	2	FOUND
Grimmia teretinervis	1	FOUND
Grimmia tergestina	2	FOUND
Gulsonia nodulosa	0	NOT_FOUND
Gymnadenia odoratissima	12	FOUND
Gymnocladus dioicus	3	FOUND
Gypsophila muralis	3	FOUND
Habrodon perpusillus	2	FOUND
Hacquetia epipactis	6	FOUND
Halopithys incurva	0	NOT_FOUND
Halymenia floresii	2	FOUND
Haplocladium angustifolium	6	FOUND
Haplocladium virginianum	2	FOUND
Haplotaenium minutum	0	NOT_FOUND
Hariotina reticulata	10	FOUND
Hedwigia ciliata	24	FOUND
Hedwigia emodica	27	FOUND
Hedypnois cretica	8	FOUND
Helianthemum alpestre	1	FOUND
Helianthemum canum	0	NOT_FOUND
Helianthemum rupifragum	1	FOUND
Helianthus rigidus	0	NOT_FOUND
Helictotrichon parlatorei	4	FOUND
Helictotrichon petzense	3	FOUND
Helictotrichon praeustum	0	NOT_FOUND
Helictotrichon pratense	126	FOUND
Helictotrichon pubescens	12	FOUND
Helictotrichon versicolor	5	FOUND
Heliosperma veselskyi	5	FOUND
Helleborus atrorubens	1	FOUND
Helleborus dumetorum	1	FOUND
Helleborus niger	1	FOUND
Helleborus odorus	2	FOUND
Heracleum austriacum	3	FOUND
Herposiphonia tenella	0	NOT_FOUND
Hesperis candida	0	NOT_FOUND
Hesperis sylvestris	0	NOT_FOUND
Heterocladiella dimorpha	6	FOUND
Hieracium amplexicaule	0	NOT_FOUND
Hieracium aurantiacum	13	FOUND
Hieracium austriacum	0	NOT_FOUND
Hieracium bauhinii	0	NOT_FOUND
Hieracium benzianum	0	NOT_FOUND
Hieracium bupleuroides	0	NOT_FOUND
Hieracium calcareum	0	NOT_FOUND
Hieracium chondrillifolium	0	NOT_FOUND
Hieracium ctenodon	0	NOT_FOUND
Hieracium dentatum	0	NOT_FOUND
Hieracium diaphanoides	0	NOT_FOUND
Hieracium dollineri	0	NOT_FOUND
Hieracium glabratum	0	NOT_FOUND
Hieracium glaucum	0	NOT_FOUND
Hieracium humile	0	NOT_FOUND
Hieracium incisum	0	NOT_FOUND
Hieracium jablonicense	0	NOT_FOUND
Hieracium lactucella	5	FOUND
Hieracium lasiophyllum	0	NOT_FOUND
Hieracium latifolium	0	NOT_FOUND
Hieracium leicocephalum	0	NOT_FOUND
Hieracium maculatum	0	NOT_FOUND
Hieracium oxyodon	0	NOT_FOUND
Hieracium piliferum	0	NOT_FOUND
Hieracium pilosella	19	FOUND
Hieracium piloselloides	13	FOUND
Hieracium pilosum	0	NOT_FOUND
Hieracium porrifolium	5	FOUND
Hieracium praealtum	0	NOT_FOUND
Hieracium pseudobupleuroides	0	NOT_FOUND
Hieracium racemosum	1	FOUND
Hieracium rotundatum	0	NOT_FOUND
Hieracium sanctoides	0	NOT_FOUND
Hieracium saxatile	0	NOT_FOUND
Hieracium schultesii	0	NOT_FOUND
Hieracium scorzonerifolium	0	NOT_FOUND
Hieracium sphaerocephalum	1	FOUND
Hieracium valdepilosum	0	NOT_FOUND
Hieracium villosum	0	NOT_FOUND
Hieracium wilczekianum	0	NOT_FOUND
Hierochloë australis	4	FOUND
Hildenbrandia rubra	6	FOUND
Himantoglossum adriaticum	17	FOUND
Hippocrepis unisiliquosa	3	FOUND
Hordeum distichon	4	FOUND
Hordeum geniculatum	29	FOUND
Hordeum leporinum	96	FOUND
Hornungia alpina	13	FOUND
Hyacinthoides non-scripta	0	NOT_FOUND
Hyalotheca dissiliens	0	NOT_FOUND
Hydrangea macrophylla	33	FOUND
Hydrolithon boreale	0	NOT_FOUND
Hydrolithon farinosum	0	NOT_FOUND
Hygroamblystegium humile	7	FOUND
Hymenolobus procumbens	8	FOUND
Hymenoloma compactum	0	NOT_FOUND
Hyoscyamus albus	1	FOUND
Hypericum perfoliatum	6	FOUND
Hypericum richeri	4	FOUND
Hypnum resupinatum	5	FOUND
Hypochoeris maculata	11	FOUND
Hypochoeris radicata	27	FOUND
Hypochoeris uniflora	0	NOT_FOUND
Iberis linifolia	0	NOT_FOUND
Iberis pinnata	0	NOT_FOUND
Iberis sempervirens	10	FOUND
Imbribryum mildeanum	3	FOUND
Inula britannica	26	FOUND
Inula crithmoides	4	FOUND
Inula ensifolia	5	FOUND
Inula hirta	4	FOUND
Inula spiraeifolia	2	FOUND
Iris croatica	0	NOT_FOUND
Iris germanica	6	FOUND
Iris graminea	0	NOT_FOUND
Isolepis supina	0	NOT_FOUND
Isopyrum thalictroides	3	FOUND
Isothecium myosuroides	21	FOUND
Iva xanthiifolia	30	FOUND
Jania rubens	0	NOT_FOUND
Jania virgata	0	NOT_FOUND
Jasminum officinale	1	FOUND
Jovibarba arenaria	2	FOUND
Jovibarba hirta	0	NOT_FOUND
Juglans cinerea	4	FOUND
Juncus alpino-articulatus	0	NOT_FOUND
Juncus atratus	1	FOUND
Juncus jacquinii	0	NOT_FOUND
Juncus littoralis	0	NOT_FOUND
Juncus longicornis	0	NOT_FOUND
Juncus monanthos	2	FOUND
Juncus sphaerocarpus	0	NOT_FOUND
Juncus tenageia	0	NOT_FOUND
Juncus trifidus	9	FOUND
Jungermannia polaris	0	NOT_FOUND
Jungermannia pumila	1	FOUND
Juniperus alpina	0	NOT_FOUND
Jurinea mollis	3	FOUND
Keratococcus bicaudatus	0	NOT_FOUND
Keratococcus rhaphidioides	0	NOT_FOUND
Kernera saxatilis	3	FOUND
Klebsormidium flaccidum	31	FOUND
Klebsormidium subtile	3	FOUND
Knautia fleischmannii	1	FOUND
Koeleria eriostachya	0	NOT_FOUND
Koeleria lobata	1	FOUND
Koeleria pyramidata	10	FOUND
Koliella longiseta	2	FOUND
Koliella spiculiformis	3	FOUND
Kurzia pauciflora	0	NOT_FOUND
Laburnum alschingeri	0	NOT_FOUND
Lactuca quercina	12	FOUND
Lagerstroemia indica	29	FOUND
Larix kaempferi	7	FOUND
Larix sibirica	30	FOUND
Laser trilobum	3	FOUND
Laserpitium archangelica	1	FOUND
Lathyrus annuus	2	FOUND
Lathyrus cicera	5	FOUND
Lathyrus membranaceus	0	NOT_FOUND
Lathyrus occidentalis	0	NOT_FOUND
Laurencia obtusa	0	NOT_FOUND
Lavatera arborea	9	FOUND
Lavatera trimestris	5	FOUND
Legousia speculum-veneris	2	FOUND
Lembotropis nigricans	3	FOUND
Lemna gibba	0	NOT_FOUND
Lemna minuta	2	FOUND
Lens culinaris	35	FOUND
Leontodon berinii	1	FOUND
Leontodon incanus	2	FOUND
Leontodon montanus	5	FOUND
Leontodon taraxacoides	1	FOUND
Leontodon tenuiflorus	1	FOUND
Leontodon tuberosus	2	FOUND
Leonurus marrubiastrum	0	NOT_FOUND
Lescuraea plicata	1	FOUND
Lescuraea saviana	0	NOT_FOUND
Leucanthemum adustum	0	NOT_FOUND
Leucanthemum heterophyllum	0	NOT_FOUND
Leucanthemum ircutianum	0	NOT_FOUND
Leucanthemum leucolepis	0	NOT_FOUND
Leucanthemum lithopolitanicum	5	FOUND
Leucanthemum platylepis	0	NOT_FOUND
Leucojum vernum	2	FOUND
Lewinskya acuminata	15	FOUND
Libanotis daucifolia	0	NOT_FOUND
Ligusticum mutellina	0	NOT_FOUND
Ligusticum seguieri	0	NOT_FOUND
Ligustrum sinensis	0	NOT_FOUND
Limonium angustifolium	0	NOT_FOUND
Linum flavum	2	FOUND
Linum hirsutum	3	FOUND
Linum julicum	0	NOT_FOUND
Linum liburnicum	1	FOUND
Linum maritimum	2	FOUND
Linum narbonense	2	FOUND
Linum nodiflorum	5	FOUND
Linum tenuifolium	4	FOUND
Linum tommasinii	1	FOUND
Linum viscosum	2	FOUND
Liochlaena subulata	10	FOUND
Listera cordata	6	FOUND
Listera ovata	7	FOUND
Lithophyllum cystoseirae	0	NOT_FOUND
Lithophyllum decussatum	0	NOT_FOUND
Lithophyllum incrustans	0	NOT_FOUND
Lithophyllum racemus	0	NOT_FOUND
Lithothamnion minervae	0	NOT_FOUND
Lloydia serotina	10	FOUND
Logfia arvensis	8	FOUND
Loiseleuria procumbens	12	FOUND
Lolium remotum	8	FOUND
Lophozia guttulata	1	FOUND
Lotus ornithopodioides	2	FOUND
Lotus uliginosus	4	FOUND
Luzula alpina	0	NOT_FOUND
Luzula alpinopilosa	1	FOUND
Luzula divulgata	1	FOUND
Luzula divulgatiformis	0	NOT_FOUND
Luzula exspectata	0	NOT_FOUND
Luzula luzulina	1	FOUND
Luzula nivea	0	NOT_FOUND
Lychaete echinus	0	NOT_FOUND
Lychaete pellucida	0	NOT_FOUND
Lychnis coronaria	11	FOUND
Lychnis flos-cuculi	7	FOUND
Lycopsis variegata	0	NOT_FOUND
Lygia passerina	0	NOT_FOUND
Lythrum virgatum	6	FOUND
Magnolia grandiflora	6	FOUND
Magnolia kobus	2	FOUND
Magnolia obovata	2	FOUND
Magnolia yulan	0	NOT_FOUND
Mahonia bealei	35	FOUND
Malus dasyphylla	0	NOT_FOUND
Malva mauritiana	0	NOT_FOUND
Mannia fragrans	0	NOT_FOUND
Marrubium incanum	0	NOT_FOUND
Marsilea quadrifolia	2	FOUND
Matricaria perforata	12	FOUND
Medicago carstiensis	2	FOUND
Medicago orbicularis	7	FOUND
Medicago rigidula	5	FOUND
Medicago truncatula	10	FOUND
Melampyrum arvense	12	FOUND
Melampyrum barbatum	2	FOUND
Melampyrum fimbriatum	0	NOT_FOUND
Melampyrum velebiticum	4	FOUND
Melica picta	2	FOUND
Melilotus italicus	10	FOUND
Mentha microphylla	1	FOUND
Mesophyllum expansum	0	NOT_FOUND
Mesophyllum philippii	0	NOT_FOUND
Mesoptychia collaris	4	FOUND
Mespilus germanica	24	FOUND
Metasequoia glyptostroboides	7	FOUND
Metzgeria pubescens	0	NOT_FOUND
Metzgeria simplex	0	NOT_FOUND
Micrasterias thomasiana	0	NOT_FOUND
Micrasterias truncata	1	FOUND
Microbryum starckeanum	0	NOT_FOUND
Microhypnum sauteri	3	FOUND
Micromeria thymifolia	2	FOUND
Microrrhinum litorale	1	FOUND
Microrrhinum minus	10	FOUND
Microspora abbreviata	0	NOT_FOUND
Microspora amoena	0	NOT_FOUND
Microspora floccosa	0	NOT_FOUND
Microspora pachyderma	0	NOT_FOUND
Microspora palustris	0	NOT_FOUND
Microspora quadrata	0	NOT_FOUND
Microspora tumidula	0	NOT_FOUND
Microthamnion kuetzingianum	0	NOT_FOUND
Mimulus guttatus	6	FOUND
Mimulus moschatus	4	FOUND
Minuartia capillacea	6	FOUND
Minuartia cherlerioides	30	FOUND
Minuartia gerardii	0	NOT_FOUND
Minuartia glaucina	5	FOUND
Minuartia hybrida	6	FOUND
Minuartia rupestris	8	FOUND
Minuartia sedoides	56	FOUND
Moehringia bavarica	2	FOUND
Moehringia ciliata	4	FOUND
Moehringia tommasinii	1	FOUND
Moehringia villosa	2	FOUND
Moenchia mantica	2	FOUND
Molopospermum peloponnesiacum	3	FOUND
Monactinus simplex	2	FOUND
Monotropa hypophegea	0	NOT_FOUND
Monotropa hypopitys	63	FOUND
Montia minor	0	NOT_FOUND
Mougeotia angusta	0	NOT_FOUND
Mougeotia scalaris	0	NOT_FOUND
Muscari comosum	11	FOUND
Muscari tenuiflorum	1	FOUND
Mylia taylori	7	FOUND
Myosotis decumbens	41	FOUND
Myosotis nemorosa	13	FOUND
Myosotis sparsiflora	53	FOUND
Myosoton aquaticum	16	FOUND
Neglectella solitaria	0	NOT_FOUND
Nemalion elminthoides	0	NOT_FOUND
Neogoniolithon brassica-florida	0	NOT_FOUND
Neogoniolithon hauckii	0	NOT_FOUND
Neotinea tridentata	20	FOUND
Nepeta nuda	4	FOUND
Netrium digitus	1	FOUND
Netrium oblongum	0	NOT_FOUND
Nigritella carniolica	0	NOT_FOUND
Nigritella karawankarum	0	NOT_FOUND
Nigritella kossutensis	0	NOT_FOUND
Nigritella lithopolitanica	0	NOT_FOUND
Nigritella nigra	2	FOUND
Nigritella ravnikii	0	NOT_FOUND
Nigritella rhellicani	2	FOUND
Nigritella rubra	0	NOT_FOUND
Nitellopsis obtusa	1	FOUND
Nitophyllum punctatum	0	NOT_FOUND
Noccaea praecox	12	FOUND
Nonea pulla	3	FOUND
Nycandra physalodes	0	NOT_FOUND
Nyholmiella gymnostoma	4	FOUND
Odontites luteus	38	FOUND
Oedogonium borisianum	1	FOUND
Oedogonium murense	0	NOT_FOUND
Oedogonium plagiostomum	0	NOT_FOUND
Oedogonium pringsheimii	0	NOT_FOUND
Oedogonium varians	1	FOUND
Oedogonium vochinense	0	NOT_FOUND
Oenothera canovirens	0	NOT_FOUND
Oenothera pycnocarpa	0	NOT_FOUND
Olea sativa	128	FOUND
Omalotheca hoppeana	0	NOT_FOUND
Omphalodes scorpioides	4	FOUND
Omphalodes verna	5	FOUND
Oncophorus virens	82	FOUND
Onobrychis alba	6	FOUND
Onobrychis arenaria	25	FOUND
Onobrychis caput-galli	7	FOUND
Onobrychis tommasinii	0	NOT_FOUND
Ononis antiquorum	1	FOUND
Ononis austriaca	0	NOT_FOUND
Ononis procurrens	5	FOUND
Ononis pusilla	2	FOUND
Onopordum illyricum	11	FOUND
Onosma arenaria	106	FOUND
Onosma echioides	38	FOUND
Onosma helvetica	5	FOUND
Oocystis naegelii	0	NOT_FOUND
Ophioglossum vulgatum	0	NOT_FOUND
Ophrys tommasinii	0	NOT_FOUND
Opopanax chironium	0	NOT_FOUND
Orchis pallens	2	FOUND
Orchis provincialis	4	FOUND
Orchis simia	7	FOUND
Orlaya daucoides	5	FOUND
Orlaya daucorlaya	1	FOUND
Ornithogalum comosum	0	NOT_FOUND
Ornithogalum divergens	0	NOT_FOUND
Ornithogalum pyramidale	0	NOT_FOUND
Ornithogalum sphaerocarpum	0	NOT_FOUND
Ornithogalum umbellatum	1	FOUND
Orobanche alsatica	3	FOUND
Orobanche artemisiae-campestris	3	FOUND
Orobanche laserpitii-sileris	0	NOT_FOUND
Orobanche ramosa	91	FOUND
Orthothecium chryseon	16	FOUND
Orthotrichum microcarpum	0	NOT_FOUND
Orthotrichum pallens	6	FOUND
Orthotrichum patens	1	FOUND
Orthotrichum pulchellum	3	FOUND
Orthotrichum pumilum	2	FOUND
Orthotrichum scanicum	3	FOUND
Orthotrichum schimperi	3	FOUND
Oxalis articulata	15	FOUND
Oxalis fontana	11	FOUND
Oxycoccus microcarpus	30	FOUND
Oxycoccus palustris	43	FOUND
Oxyrrhynchium schleicheri	1	FOUND
Oxytropis neglecta	2	FOUND
Paederota bonarota	1	FOUND
Paederota lutea	2	FOUND
Paeonia mascula	7	FOUND
Palisada paniculata	0	NOT_FOUND
Paliurus spina-christi	8	FOUND
Palmodictyon varium	0	NOT_FOUND
Palmogloea protuberans	0	NOT_FOUND
Pandorina morum	93	FOUND
Panicum riparium	0	NOT_FOUND
Papaver apulum	1	FOUND
Papaver argemone	8	FOUND
Paraleucobryum sauteri	2	FOUND
Parapholis strigosa	2	FOUND
Parietaria officinalis	5	FOUND
Paronychia kapela	2	FOUND
Parrotia persica	4	FOUND
Paulownia tomentosa	4	FOUND
Pediastrum boryanum	26	FOUND
Pedicularis acaulis	0	NOT_FOUND
Pedicularis comosa	7	FOUND
Pedicularis elongata	1	FOUND
Pedicularis friderici-augusti	0	NOT_FOUND
Pedicularis hacquetii	20	FOUND
Pedicularis hoermanniana	0	NOT_FOUND
Pedicularis rosea	1	FOUND
Pedicularis rostratocapitata	2	FOUND
Pedicularis rostratospicata	0	NOT_FOUND
Pelekium minutulum	2	FOUND
Peltolepis quadrata	0	NOT_FOUND
Penium cylindrus	0	NOT_FOUND
Penium margaritaceum	0	NOT_FOUND
Penium polymorphum	0	NOT_FOUND
Penium spirostriolatum	0	NOT_FOUND
Peplis portula	5	FOUND
Persicaria vivipara	34	FOUND
Petasites paradoxus	2	FOUND
Peucedanum alsaticum	1	FOUND
Peucedanum austriacum	2	FOUND
Peucedanum carvifolia	0	NOT_FOUND
Peucedanum cervaria	2	FOUND
Peucedanum coriaceum	1	FOUND
Peucedanum oreoselinum	0	NOT_FOUND
Peucedanum ostruthium	12	FOUND
Peucedanum palustre	2	FOUND
Peucedanum venetum	0	NOT_FOUND
Peucedanum verticillare	0	NOT_FOUND
Peyssonnelia heteromorpha	0	NOT_FOUND
Peyssonnelia squamaria	0	NOT_FOUND
Phaeoceros carolinianus	1	FOUND
Phedimus kamtschaticus	36	FOUND
Phleum hirsutum	0	NOT_FOUND
Phleum paniculatum	4	FOUND
Phleum rhaeticum	0	NOT_FOUND
Phleum subulatum	1	FOUND
Phoenix canariensis	2	FOUND
Phoenix dactylifera	2	FOUND
Photinia serratifolia	6	FOUND
Photinia villosa	20	FOUND
Phyllitis scolopendrium	3	FOUND
Phyllostachys bambusoides	1	FOUND
Phyllostachys nigra	6	FOUND
Phymatolithon lenormandii	0	NOT_FOUND
Physalis alkekengi	34	FOUND
Physcomitrium eurystomum	0	NOT_FOUND
Phyteuma scheuchzeri	14	FOUND
Phyteuma zahlbruckneri	1	FOUND
Picea omorika	0	NOT_FOUND
Picea orientalis	0	NOT_FOUND
Picris echioides	16	FOUND
Picris hispidissima	22	FOUND
Pimpinella alpina	0	NOT_FOUND
Pinus brutia	16	FOUND
Pinus heldreichii	5	FOUND
Piptatherum miliaceum	11	FOUND
Pistia stratiotes	5	FOUND
Pisum arvense	10	FOUND
Pisum elatius	226	FOUND
Plagiopus oederianus	32	FOUND
Plantago altissima	2	FOUND
Plantago argentea	3	FOUND
Plantago atrata	4	FOUND
Plantago cornuti	3	FOUND
Plantago holosteum	0	NOT_FOUND
Pleurococcus vulgaris	0	NOT_FOUND
Pleurotaenium trabecula	0	NOT_FOUND
Pneophyllum confervicola	0	NOT_FOUND
Pneophyllum fragile	0	NOT_FOUND
Poa carniolica	0	NOT_FOUND
Poa cenisia	1	FOUND
Poa minor	0	NOT_FOUND
Poa molineri	0	NOT_FOUND
Poa pumila	0	NOT_FOUND
Poa sylvicola	2	FOUND
Poa variegata	4	FOUND
Podohedra bicaudata	0	NOT_FOUND
Podohedriella falcata	0	NOT_FOUND
Pogonatum aloides	0	NOT_FOUND
Pogonatum nanum	1	FOUND
Pohlia lutescens	0	NOT_FOUND
Pohlia melanodon	0	NOT_FOUND
Pohlia sphagnicola	0	NOT_FOUND
Poloidion didymos	0	NOT_FOUND
Polycnemum arvense	1	FOUND
Polygala alpestris	0	NOT_FOUND
Polygala amara	2	FOUND
Polygala croatica	0	NOT_FOUND
Polygala nicaeensis	2	FOUND
Polygonatum latifolium	0	NOT_FOUND
Polygonum amphibium	10	FOUND
Polygonum hydropiper	33	FOUND
Polygonum lapathifolium	35	FOUND
Polygonum minus	12	FOUND
Polygonum mite	0	NOT_FOUND
Polygonum orientale	22	FOUND
Polypodium australe	0	NOT_FOUND
Polypodium interjectum	0	NOT_FOUND
Polysiphonia polyspora	0	NOT_FOUND
Polysiphonia sertularioides	0	NOT_FOUND
Polystichum aculeatum	0	NOT_FOUND
Polystichum braunii	0	NOT_FOUND
Polystichum setiferum	0	NOT_FOUND
Polytrichum pallidisetum	0	NOT_FOUND
Polytrichum perigoniale	0	NOT_FOUND
Porella baueri	1	FOUND
Posidonia oceanica	3	FOUND
Potamogeton filiformis	62	FOUND
Potamogeton pectinatus	166	FOUND
Potentilla arenaria	0	NOT_FOUND
Potentilla aurea	1	FOUND
Potentilla australis	0	NOT_FOUND
Potentilla brauneana	0	NOT_FOUND
Potentilla carniolica	0	NOT_FOUND
Potentilla clusiana	1	FOUND
Potentilla fruticosa	128	FOUND
Potentilla heptaphylla	1	FOUND
Potentilla hirta	4	FOUND
Potentilla neglecta	1	FOUND
Potentilla nitida	2	FOUND
Potentilla palustris	18	FOUND
Potentilla pusilla	0	NOT_FOUND
Potentilla rupestris	4	FOUND
Potentilla tommasiniana	0	NOT_FOUND
Primula auricula	14	FOUND
Primula carniolica	2	FOUND
Primula minima	4	FOUND
Primula villosa	2	FOUND
Primula wulfeniana	1	FOUND
Prospero elisae	0	NOT_FOUND
Protoderma viride	0	NOT_FOUND
Prunella grandiflora	2	FOUND
Prunus dulcis	30	FOUND
Prunus insititia	3	FOUND
Pseudanomodon attenuatus	8	FOUND
Pseudofumaria alba	1	FOUND
Pseudoleskeella catenulata	8	FOUND
Pseudoleskeopsis artariae	0	NOT_FOUND
Pseudostellaria europaea	2	FOUND
Psilurus incurvus	11	FOUND
Pterocarya fraxinifolia	1	FOUND
Pterocladiella capillacea	4	FOUND
Ptychostomum capillare	9	FOUND
Ptychostomum demissum	0	NOT_FOUND
Ptychostomum elegans	0	NOT_FOUND
Ptychostomum funkii	7	FOUND
Ptychostomum intermedium	1	FOUND
Ptychostomum kunzei	0	NOT_FOUND
Ptychostomum rubens	9	FOUND
Ptychostomum torquescens	1	FOUND
Ptychostomum turbinatum	1	FOUND
Ptychostomum zieri	2	FOUND
Puccinellia palustris	0	NOT_FOUND
Pulmonaria australis	0	NOT_FOUND
Pulmonaria carnica	0	NOT_FOUND
Pulmonaria dacica	0	NOT_FOUND
Pulmonaria mollis	9	FOUND
Pulmonaria stiriaca	0	NOT_FOUND
Pulsatilla alpina	6	FOUND
Pulsatilla grandis	2	FOUND
Pulsatilla montana	4	FOUND
Pulsatilla nigricans	1	FOUND
Pyropia leucosticta	0	NOT_FOUND
Pyrus amygdaliformis	3	FOUND
Pyrus austriaca	0	NOT_FOUND
Pyrus nivalis	0	NOT_FOUND
Quercus crenata	5	FOUND
Quercus virgiliana	0	NOT_FOUND
Racomitrium aciculare	1	FOUND
Racomitrium affine	0	NOT_FOUND
Racomitrium aquaticum	0	NOT_FOUND
Racomitrium canescens	30	FOUND
Racomitrium elongatum	16	FOUND
Racomitrium ericoides	20	FOUND
Racomitrium fasciculare	3	FOUND
Racomitrium heterostichum	3	FOUND
Racomitrium microcarpon	2	FOUND
Racomitrium sudeticum	3	FOUND
Radula lindenbergiana	0	NOT_FOUND
Ranunculus aesontinus	0	NOT_FOUND
Ranunculus breyninus	2	FOUND
Ranunculus carinthiacus	1	FOUND
Ranunculus cassubicifolius	33	FOUND
Ranunculus cassubicus	1	FOUND
Ranunculus chius	1	FOUND
Ranunculus ficaria	8	FOUND
Ranunculus fluitans	80	FOUND
Ranunculus hybridus	1	FOUND
Ranunculus illyricus	1	FOUND
Ranunculus montanus	1	FOUND
Ranunculus nemorosus	1	FOUND
Ranunculus polyanthemophyllus	0	NOT_FOUND
Ranunculus pospichalii	0	NOT_FOUND
Ranunculus pseudopimus	0	NOT_FOUND
Ranunculus puberulus	0	NOT_FOUND
Ranunculus seguieri	9	FOUND
Ranunculus strigulosus	0	NOT_FOUND
Ranunculus thora	1	FOUND
Ranunculus traunfellneri	1	FOUND
Ranunculus wraberi	0	NOT_FOUND
Rhabdoweisia crenulata	1	FOUND
Rhabdoweisia fugax	5	FOUND
Rhamnus catharticus	22	FOUND
Rhamnus fallax	3	FOUND
Rhamnus pumila	6	FOUND
Rhamnus saxatilis	5	FOUND
Rhinanthus angustifolius	4	FOUND
Rhinanthus freynii	2	FOUND
Rhinanthus glacialis	2	FOUND
Rhinanthus mediterraneus	0	NOT_FOUND
Rhinanthus pampaninii	0	NOT_FOUND
Rhinanthus pulcher	0	NOT_FOUND
Rhinanthus rumelicus	1	FOUND
Rhizoclonium hieroglyphicum	4	FOUND
Rhizoclonium pachydermum	2	FOUND
Rhizoclonium tortuosum	0	NOT_FOUND
Rhododendron ferrugineum	18	FOUND
Rhododendron hirsutum	3	FOUND
Rhododendron luteum	3	FOUND
Rhodothamnus chamaecistus	0	NOT_FOUND
Rhodymenia ardissonei	0	NOT_FOUND
Rhus radicans	5	FOUND
Rhynchostegiella curviseta	0	NOT_FOUND
Rhynchostegiella teneriffae	0	NOT_FOUND
Rhynchostegium rotundifolium	2	FOUND
Ribes alpinum	3	FOUND
Ribes petraeum	1	FOUND
Riccardia chamaedryfolia	0	NOT_FOUND
Riccia canaliculata	0	NOT_FOUND
Riccia cavernosa	1	FOUND
Riccia ciliata	1	FOUND
Ricciocarpos natans	2	FOUND
Roaldia dolomitica	2	FOUND
Romulea bulbocodium	1	FOUND
Rorippa lippizensis	0	NOT_FOUND
Rorippa prostrata	0	NOT_FOUND
Rorippa pyrenaica	0	NOT_FOUND
Rosa andegavensis	0	NOT_FOUND
Rosa blondaeana	0	NOT_FOUND
Rosa elliptica	6	FOUND
Rosa jundzillii	0	NOT_FOUND
Rosa pendulina	2	FOUND
Rosa pimpinellifolia	10	FOUND
Rosa squarrosa	0	NOT_FOUND
Rosa vosagiaca	0	NOT_FOUND
Rosmarinus officinalis	28	FOUND
Rubus bertramii	0	NOT_FOUND
Rubus bregutiensis	0	NOT_FOUND
Rubus brunneri	0	NOT_FOUND
Rubus chloocladus	0	NOT_FOUND
Rubus constrictus	8	FOUND
Rubus dalmaticus	0	NOT_FOUND
Rubus discolor	0	NOT_FOUND
Rubus glandulosus	0	NOT_FOUND
Rubus graecensis	0	NOT_FOUND
Rubus gremlii	0	NOT_FOUND
Rubus guentheri	0	NOT_FOUND
Rubus hirtus	1	FOUND
Rubus juennensis	0	NOT_FOUND
Rubus koehleri	0	NOT_FOUND
Rubus macrophyllus	0	NOT_FOUND
Rubus montanus	10	FOUND
Rubus pilocarpus	0	NOT_FOUND
Rubus rudis	0	NOT_FOUND
Rubus salzmannii	0	NOT_FOUND
Rubus scaber	0	NOT_FOUND
Rubus schleicheri	10	FOUND
Rubus solvensis	0	NOT_FOUND
Rubus styriacus	0	NOT_FOUND
Rubus thyrsiflorus	0	NOT_FOUND
Rubus venosus	0	NOT_FOUND
Rubus villicaulis	0	NOT_FOUND
Rubus weizensis	0	NOT_FOUND
Rudbeckia triloba	5	FOUND
Rumex hydrolapathum	0	NOT_FOUND
Rumex kerneri	0	NOT_FOUND
Rumex nivalis	0	NOT_FOUND
Rumex palustris	0	NOT_FOUND
Rumex patientia	20	FOUND
Rumex pulcher	4	FOUND
Rumex scutatus	2	FOUND
Ruscus hypoglossum	0	NOT_FOUND
Ruta divaricata	0	NOT_FOUND
Ruta patavina	0	NOT_FOUND
Rytiphlaea tinctoria	0	NOT_FOUND
Saelania glaucescens	1	FOUND
Sagina subulata	4	FOUND
Salix alpina	0	NOT_FOUND
Salix appendiculata	0	NOT_FOUND
Salix eleagnos	3	FOUND
Salix fragilis	6	FOUND
Salix glabra	0	NOT_FOUND
Salix retusa	1	FOUND
Salix serpyllifolia	1	FOUND
Salix waldsteiniana	0	NOT_FOUND
Salsola soda	4	FOUND
Salvia austriaca	2	FOUND
Salvia glutinosa	13	FOUND
Salvia sylvestris	9	FOUND
Salvinia natans	2	FOUND
Sanguisorba muricata	0	NOT_FOUND
Sanionia unicinata	0	NOT_FOUND
Sarcocornia fruticosa	59	FOUND
Sarmentypnum exannulatum	235	FOUND
Sarmentypnum sarmentosum	13	FOUND
Sarothamnus scoparius	10	FOUND
Satureja hortensis	13	FOUND
Satureja subspicata	2	FOUND
Saussurea discolor	8	FOUND
Saussurea pygmaea	1	FOUND
Sauteria alpina	0	NOT_FOUND
Saxifraga androsacea	3	FOUND
Saxifraga bulbifera	2	FOUND
Saxifraga burseriana	1	FOUND
Saxifraga caesia	3	FOUND
Saxifraga crustata	2	FOUND
Saxifraga exarata	16	FOUND
Saxifraga hohenwartii	5	FOUND
Saxifraga hostii	2	FOUND
Saxifraga mutata	2	FOUND
Saxifraga paradoxa	2	FOUND
Saxifraga petraea	4	FOUND
Saxifraga sedoides	12	FOUND
Saxifraga squarrosa	1	FOUND
Saxifraga tenella	3	FOUND
Scabiosa graminifolia	1	FOUND
Scabiosa hladnikiana	0	NOT_FOUND
Scabiosa lucida	1	FOUND
Scabiosa ochroleuca	2	FOUND
Scabiosa silenifolia	0	NOT_FOUND
Scabiosa triandra	1	FOUND
Scenedesmus ecornis	3	FOUND
Scenedesmus obtusus	9	FOUND
Scenedesmus velitaris	0	NOT_FOUND
Schistidium brunnescens	5	FOUND
Schistidium helveticum	13	FOUND
Schistostega pennata	1	FOUND
Schoenoplectus mucronatus	28	FOUND
Scilla bifolia	0	NOT_FOUND
Scilla drunensis	0	NOT_FOUND
Scilla litardierei	0	NOT_FOUND
Scleranthus polycarpos	0	NOT_FOUND
Scopelophila ligulata	0	NOT_FOUND
Scorpiurium sendtneri	0	NOT_FOUND
Scorpiurus subvillosus	21	FOUND
Scorzonera rosea	2	FOUND
Scorzoneroides helvetica	5	FOUND
Scrophularia canina	8	FOUND
Scrophularia juratensis	0	NOT_FOUND
Scrophularia laciniata	3	FOUND
Scrophularia scopolii	6	FOUND
Scutellaria altissima	0	NOT_FOUND
Secale cereale	19	FOUND
Securigera securidaca	1	FOUND
Sedum alpestre	2	FOUND
Sedum atratum	0	NOT_FOUND
Sedum dasyphyllum	5	FOUND
Sedum maximum	1	FOUND
Sedum ochroleucum	1	FOUND
Sedum reflexum	4	FOUND
Sedum spurium	6	FOUND
Selaginella helvetica	2	FOUND
Seligeria carniolica	0	NOT_FOUND
Seligeria irrigata	0	NOT_FOUND
Seligeria patula	1	FOUND
Seligeria trifaria	4	FOUND
Sempervivum juvanii	1	FOUND
Senecio abrotanifolius	5	FOUND
Senecio aquaticus	15	FOUND
Senecio barbareifolius	0	NOT_FOUND
Senecio cacaliaster	0	NOT_FOUND
Senecio germanicus	0	NOT_FOUND
Senecio hercynicus	0	NOT_FOUND
Senecio incanus	11	FOUND
Senecio jacobaea	54	FOUND
Senecio ovatus	0	NOT_FOUND
Senecio paludosus	23	FOUND
Senecio scopolii	16	FOUND
Senecio subalpinus	1	FOUND
Sequoia sempervirens	10	FOUND
Serapias vomeracea	2	FOUND
Serpoleskea confervoides	6	FOUND
Serratula radiata	0	NOT_FOUND
Seseli annuum	3	FOUND
Seseli austriacum	0	NOT_FOUND
Seseli gouanii	0	NOT_FOUND
Seseli malyi	0	NOT_FOUND
Seseli tommasinii	0	NOT_FOUND
Seseli varium	0	NOT_FOUND
Sesleria autumnalis	1	FOUND
Sesleria juncifolia	0	NOT_FOUND
Sesleria ovata	2	FOUND
Sesleria sphaerocephala	6	FOUND
Setaria macrocarpa	0	NOT_FOUND
Setaria verticilliformis	0	NOT_FOUND
Sheathia boryana	4	FOUND
Sideritis montana	2	FOUND
Silene cretica	1	FOUND
Silene hayekiana	11	FOUND
Sisyrinchium bermudiana	2	FOUND
Smilax aspera	67	FOUND
Solanum luteum	32	FOUND
Solenostoma hyalinum	0	NOT_FOUND
Solenostoma obovatum	1	FOUND
Sorbus austriaca	0	NOT_FOUND
Sorbus carniolica	0	NOT_FOUND
Sorbus carpatica	0	NOT_FOUND
Sorbus chamaemespilus	3	FOUND
Sorbus domestica	5	FOUND
Sorbus graeca	1	FOUND
Sorbus hungarica	0	NOT_FOUND
Sorbus istriaca	0	NOT_FOUND
Sorbus mougeotii	0	NOT_FOUND
Sorbus pannonica	0	NOT_FOUND
Sorbus slavnicensis	0	NOT_FOUND
Sorghum saccharatum	35	FOUND
Sparganium microcarpum	1	FOUND
Sparganium neglectum	0	NOT_FOUND
Sparganium oocarpum	0	NOT_FOUND
Spartina maritima	10	FOUND
Sphaerococcus coronopifolius	0	NOT_FOUND
Sphaerocystis schroeteri	0	NOT_FOUND
Sphagnum affine	3	FOUND
Sphagnum auriculatum	22	FOUND
Sphagnum flexuosum	3	FOUND
Sphagnum platyphyllum	4	FOUND
Sphagnum quinquefarium	7	FOUND
Sphagnum subnitens	14	FOUND
Sphagnum teres	3	FOUND
Sphagnum warnstorfii	11	FOUND
Spiraea decumbens	1	FOUND
Spiraea douglasii	2	FOUND
Spiraea tomentosa	0	NOT_FOUND
Spiranthes aestivalis	3	FOUND
Spirogyra communis	1	FOUND
Spirogyra gracilis	1	FOUND
Spirogyra neglecta	1	FOUND
Spirogyra nitida	0	NOT_FOUND
Spirogyra rivularis	0	NOT_FOUND
Splachnum ampullaceum	0	NOT_FOUND
Spondylosium pulchellum	0	NOT_FOUND
Spondylosium tetragonum	0	NOT_FOUND
Spyridia filamentosa	0	NOT_FOUND
Stachys annua	1	FOUND
Stachys labiosa	0	NOT_FOUND
Stachys recta	3	FOUND
Stachys salviifolia	0	NOT_FOUND
Stachys subcrenata	0	NOT_FOUND
Staurastrum brachiatum	1	FOUND
Staurastrum echinatum	0	NOT_FOUND
Staurastrum furcatum	0	NOT_FOUND
Staurastrum julicum	0	NOT_FOUND
Staurastrum margaritaceum	2	FOUND
Staurastrum pokljukense	0	NOT_FOUND
Staurastrum subbrebissonii	0	NOT_FOUND
Stauridium tetras	18	FOUND
Staurocarteria crucifera	1	FOUND
Staurodesmus extensus	0	NOT_FOUND
Staurodesmus triangularis	1	FOUND
Stellaria holostea	14	FOUND
Stellaria montana	0	NOT_FOUND
Stemmacantha rhapontica	0	NOT_FOUND
Stigeoclonium tenue	3	FOUND
Stipa eriocaulis	2	FOUND
Stipa joannis	2	FOUND
Stipa pulcherrima	2	FOUND
Stirkia codii	0	NOT_FOUND
Stylonema alsidii	0	NOT_FOUND
Symphyotrichum lanceolatus	0	NOT_FOUND
Symphyotrichum squamatum	2	FOUND
Syntrichia fragilis	1	FOUND
Syntrichia sinensis	10	FOUND
Syntrichia virescens	4	FOUND
Tagetes minuta	5	FOUND
Tagetes patula	19	FOUND
Tagetes tenuifolia	2	FOUND
Tamarix dalmatica	5	FOUND
Tamus communis	0	NOT_FOUND
Taraxacum illyricum	0	NOT_FOUND
Tayloria froelichiana	0	NOT_FOUND
Tayloria lingulata	0	NOT_FOUND
Tayloria serrata	0	NOT_FOUND
Tayloria splachnoides	0	NOT_FOUND
Tayloria tenuis	0	NOT_FOUND
Tephroseris aurantiaca	0	NOT_FOUND
Tephroseris helenitis	6	FOUND
Tephroseris longifolia	53	FOUND
Tephroseris pseudocrispa	6	FOUND
Tetmemorus brebissonii	0	NOT_FOUND
Tetmemorus laevis	0	NOT_FOUND
Tetradesmus obliquus	196	FOUND
Tetragonolobus maritimus	3	FOUND
Tetraspora gelatinosa	0	NOT_FOUND
Teucrium flavum	15	FOUND
Thelypteris limbosperma	0	NOT_FOUND
Thesium bavarum	2	FOUND
Thesium divaricatum	0	NOT_FOUND
Thesium linophyllon	2	FOUND
Thesium pyrenaicum	2	FOUND
Thesium rostratum	2	FOUND
Thlaspi alliaceum	7	FOUND
Thlaspi cepaeifolium	2	FOUND
Thlaspi minimum	0	NOT_FOUND
Thlaspi perfoliatum	607	FOUND
Thlaspi sylvestre	0	NOT_FOUND
Thuja orientalis	22	FOUND
Thymus longicaulis	1	FOUND
Thymus pannonicus	3	FOUND
Tilia tomentosa	5	FOUND
Timmia austriaca	0	NOT_FOUND
Titanoderma pustulatum	0	NOT_FOUND
Tofieldia calyculata	4	FOUND
Tomentypnum involutum	10	FOUND
Tordylium officinale	0	NOT_FOUND
Tortella squarrosa	28	FOUND
Tradescantia virginica	0	NOT_FOUND
Tragopogon tommasinii	1	FOUND
Traunsteinera globosa	1	FOUND
Trematodon ambiguus	3	FOUND
Trentepohlia annulata	4	FOUND
Trentepohlia aurea	9	FOUND
Trifolium badium	4	FOUND
Trifolium dalmaticum	2	FOUND
Trifolium elegans	0	NOT_FOUND
Trifolium lappaceum	9	FOUND
Trifolium nigrescens	24	FOUND
Trifolium noricum	1	FOUND
Trifolium pallescens	14	FOUND
Trifolium pallidum	2	FOUND
Trifolium patens	3	FOUND
Trifolium retusum	10	FOUND
Trifolium rubens	7	FOUND
Trifolium squarrosum	4	FOUND
Trifolium stellatum	8	FOUND
Trifolium suaveolens	0	NOT_FOUND
Trifolium thalii	6	FOUND
Trifolium velebiticum	2	FOUND
Triglochin maritimum	43	FOUND
Triglochin palustre	0	NOT_FOUND
Trigonella corniculata	5	FOUND
Trigonella gladiata	5	FOUND
Trigonella procumbens	0	NOT_FOUND
Trinia carniolica	0	NOT_FOUND
Trisetum alpestre	2	FOUND
Trisetum argenteum	3	FOUND
Trisetum distichophyllum	4	FOUND
Triticum dicoccon	11	FOUND
Triticum durum	31	FOUND
Triticum spelta	8	FOUND
Typha angustifolia	15	FOUND
Typha laxmannii	0	NOT_FOUND
Typha minima	2	FOUND
Typha shuttleworthii	0	NOT_FOUND
Ulmus canescens	0	NOT_FOUND
Ulota bruchii	2	FOUND
Ulota hutchinsiae	1	FOUND
Ulota intermedia	7	FOUND
Ulothrix tenerrima	0	NOT_FOUND
Uronema elongatum	0	NOT_FOUND
Urtica galeopsifolia	5	FOUND
Utricularia bremii	10	FOUND
Vaccaria grandiflora	0	NOT_FOUND
Vaccaria pyramidata	19	FOUND
Vaccinium gaultherioides	0	NOT_FOUND
Valeriana collina	0	NOT_FOUND
Valeriana elongata	1	FOUND
Valeriana montana	3	FOUND
Valeriana nemorensis	0	NOT_FOUND
Valeriana pratensis	0	NOT_FOUND
Valeriana sambucifolia	2	FOUND
Valeriana saxatilis	1	FOUND
Valeriana supina	2	FOUND
Valeriana tripteris	2	FOUND
Valeriana tuberosa	2	FOUND
Valerianella eriocarpa	1	FOUND
Valonia utricularis	0	NOT_FOUND
Verbascum alpinum	0	NOT_FOUND
Verbascum austriacum	0	NOT_FOUND
Verbascum chaixii	1	FOUND
Verbascum densiflorum	0	NOT_FOUND
Verbascum lychnitis	2	FOUND
Verbascum sinuatum	5	FOUND
Verbascum speciosum	0	NOT_FOUND
Veronica acinifolia	5	FOUND
Veronica anagalloides	22	FOUND
Veronica aphylla	1	FOUND
Veronica barrelieri	0	NOT_FOUND
Veronica fruticulosa	2	FOUND
Veronica jacquinii	10	FOUND
Veronica maritima	0	NOT_FOUND
Veronica orchidea	0	NOT_FOUND
Veronica prostrata	4	FOUND
Veronica sublobata	1	FOUND
Veronica teucrium	9	FOUND
Veronica urticifolia	4	FOUND
Vertebrata furcellata	0	NOT_FOUND
Vicia angustifolia	0	NOT_FOUND
Vicia cordata	4	FOUND
Vicia dalmatica	2	FOUND
Vicia dasycarpa	21	FOUND
Vicia hybrida	4	FOUND
Vicia loiseleurii	0	NOT_FOUND
Vicia macrocarpa	3	FOUND
Vicia narbonensis	16	FOUND
Vicia oroboides	1	FOUND
Vicia serratifolia	2	FOUND
Vicia striata	1	FOUND
Viola adriatica	7	FOUND
Viola cornuta	2	FOUND
Viola elatior	3	FOUND
Viola zoysii	1	FOUND
Viscum abietis	0	NOT_FOUND
Vitex agnus-castus	9	FOUND
Volvox globator	5	FOUND
Vulpia bromoides	10	FOUND
Vulpia ciliata	14	FOUND
Vulpia fasciculata	11	FOUND
Vulpia ligustica	0	NOT_FOUND
Vulpia myuros	34	FOUND
Waldsteinia trifolia	5	FOUND
Washingtonia robusta	1	FOUND
Wolffia arrhiza	1	FOUND
Woodsia pulchella	0	NOT_FOUND
Wrangelia penicillata	0	NOT_FOUND
Xanthium italicum	34	FOUND
Zanthoxylum simulans	10	FOUND
Zostera noltii	14	FOUND
Zygodon rupestris	2	FOUND
Zygodon viridissimus	3	FOUND
