OTU_ID	LME1636	LME1637	LME1656	LME1663	LME1668	LME1670	LME1679	LME1689	LME1692	LME1695	LME1698	LME1701	LME1702	LME1705	LME1708	LME1714	Centroid_ASV	Tax_Rank	Phylum	Class	Order	Family	Subfamily	Genus	Species	Confidence	Supporting_Recs	Best_ID_percent	Number_of_BOLD_hits	Top_hit_families	Top_hit_genera	Top_hit_species	Ambiguous_family	Ambiguous_genus	Ambiguous_species	Assignment_status
OTU_1	15580	7550	30933	10542	28789	17367	13814	8201	15777	31145	41073	42434	38539	50525	29595	29087	ASV1	GENUS	Tracheophyta	Magnoliopsida	Rosales	Rosaceae	Rosoideae	Rubus		99.33	98	100.00	100	Rosaceae	Rubus	Rubus aciodonthus;Rubus adulans;Rubus arrheniiformis;Rubus bovinus;Rubus braeuckeriformis;Rubus calotemnus;Rubus campaniensis;Rubus caninitergi;Rubus chloocladus;Rubus cochinchinensis;Rubus confusidens;Rubus dasyphyllus;Rubus dejonghii;Rubus diversus;Rubus eglandulosus;Rubus egregius;Rubus elegantispinosus;Rubus euryanthemus;Rubus flagelliflorus;Rubus flexuosus;Rubus frederici;Rubus fruticosus agg.;Rubus gelertii;Rubus gloriosus;Rubus guestphalicus;Rubus hastiferus;Rubus henrici-weberi;Rubus hypomalacus;Rubus insectifolius;Rubus integribasis;Rubus iuvenis;Rubus langei;Rubus lasiandrus;Rubus latiarcuatus;Rubus loehrii;Rubus muenteri;Rubus nemoralis;Rubus nitidiformis;Rubus opacus;Rubus planus;Rubus platyacanthus;Rubus plicatus;Rubus poliothyrsus;Rubus polyanthemus;Rubus praticolor;Rubus psilops;Rubus pugiunculosus;Rubus radula;Rubus raduloides;Rubus rubercadaver;Rubus rufescens;Rubus schlechtendalii;Rubus sciocharis;Rubus senticosus;Rubus tubanticus;Rubus vulgaris	NO	NO	YES	Assigned
OTU_2	5310	2318	0	0	148	1299	10449	776	6548	875	0	0	327	0	289	859	ASV6	CLASS	Tracheophyta	Magnoliopsida						100.0	89	99.34	100	Boraginaceae	Omphalodes	Omphalodes verna	NO	NO	NO	Assigned
OTU_3	0	0	0	0	472	541	64	239	71	152	142	250	912	212	543	377	ASV11	GENUS	Tracheophyta	Magnoliopsida	Malpighiales	Violaceae	Violoideae	Viola		98.72	96	100.00	100	Violaceae	Viola	Viola reichenbachiana;Viola riviniana	NO	NO	YES	Assigned
OTU_4	0	0	46	0	493	247	108	32	38	227	88	666	414	87	299	380	ASV12	SUBFAMILY	Tracheophyta	Magnoliopsida	Brassicales	Brassicaceae	Brassicoideae			91.13	56	100.00	100	Primulaceae	Cyclamen	Cyclamen purpurascens	NO	NO	NO	Assigned
OTU_5	0	0	25	0	281	252	304	247	179	47	47	68	345	79	232	168	ASV19	GENUS	Tracheophyta	Magnoliopsida	Rosales	Rosaceae	Rosoideae	Fragaria		100.0	43	99.76	100	Rosaceae	Fragaria	Fragaria vesca	NO	NO	NO	Assigned
OTU_6	0	0	8	0	269	0	0	0	0	461	18	0	406	52	0	0	ASV24	GENUS	Tracheophyta	Magnoliopsida	Ranunculales	Ranunculaceae	Ranunculoideae	Clematis		99.48	69	100.00	100	Ranunculaceae	Clematis	Clematis vitalba	NO	NO	NO	Assigned
OTU_7	11	0	17163	0	0	0	0	0	0	0	0	0	0	21	0	0	ASV29	Unassigned									0		0				NO	NO	NO	Unassigned
OTU_8	9	0	118	89	0	24	24	84	0	43	289	0	0	59	43	20	ASV31	GENUS	Tracheophyta	Magnoliopsida	Rosales	Rosaceae	Rosoideae	Rosa		99.33	99	100.00	100	Rosaceae	Rosa	Rosa arvensis;Rosa caesia;Rosa canina;Rosa micrantha;Rosa obtusifolia;Rosa sericea;Rosa tomentosa	NO	NO	YES	Assigned
OTU_9	22	0	6	0	46	141	325	113	102	0	0	141	102	0	76	6	ASV40	SUBFAMILY	Tracheophyta	Magnoliopsida	Rosales	Rosaceae	Rosoideae			100.0	4	100.00	100	Rosaceae	Aremonia	Aremonia agrimonioides	NO	NO	NO	Assigned
OTU_10	34	34	101	0	76	270	45	102	10	44	0	0	0	39	215	4	ASV41	GENUS	Tracheophyta	Magnoliopsida	Rosales	Rosaceae	Rosoideae	Rubus		99.48	35	99.54	100	Rosaceae	Rubus	Rubus flagellaris;Rubus lasiandrus;Rubus pentagonus;Rubus pinnatisepalus;Rubus reflexus	NO	NO	YES	Assigned
OTU_11	2644	0	0	273	65	0	0	0	0	0	0	0	0	440	0	0	ASV50	Unassigned									0		0				NO	NO	NO	Unassigned
OTU_12	0	0	0	0	920	4	13	0	0	23	5	0	23	0	50	63	ASV60	CLASS	Tracheophyta	Magnoliopsida						99.24	95	100.00	100	Ranunculaceae	Helleborus	Helleborus viridis	NO	NO	NO	Assigned
OTU_13	0	0	0	0	0	0	0	391	919	0	43	0	0	0	120	0	ASV73	GENUS	Tracheophyta	Magnoliopsida	Rosales	Rosaceae	Rosoideae	Rubus		98.66	87	100.00	100	Rosaceae	Rubus	Rubus cochinchinensis;Rubus idaeus	NO	NO	YES	Assigned
OTU_14	49	0	27	36	125	0	0	0	0	137	12	0	220	0	0	4	ASV89	CLASS	Tracheophyta	Magnoliopsida						100.0	94	100.00	100	Euphorbiaceae	Mercurialis	Mercurialis perennis	NO	NO	NO	Assigned
OTU_15	23	27	0	0	6	13	0	13	0	0	24	13	30	0	0	85	ASV117	CLASS	Tracheophyta	Magnoliopsida						100.0	88	100.00	100	Ranunculaceae	Hepatica	Hepatica nobilis	NO	NO	NO	Assigned
OTU_16	0	0	0	0	0	0	0	0	0	13	228	23	0	0	0	0	ASV120	GENUS	Tracheophyta	Magnoliopsida	Asterales	Asteraceae	Asteroideae	Solidago		96.17	96	100.00	100	Asteraceae	Solidago	Solidago virgaurea	NO	NO	NO	Assigned
OTU_17	0	32	0	0	0	0	0	0	7	0	54	0	51	13	0	22	ASV146	SUBFAMILY	Tracheophyta	Magnoliopsida	Fabales	Fabaceae	Papilionoideae			98.35	52	99.42	100	Fabaceae	Lathyrus	Lathyrus vernus	NO	NO	NO	Assigned
OTU_18	28	0	45	0	33	39	24	0	0	82	111	161	77	126	59	55	ASV155	GENUS	Tracheophyta	Magnoliopsida	Rosales	Rosaceae	Rosoideae	Rubus		100.0	35	96.80	100	Rosaceae	Rubus	Rubus aciodonthus;Rubus adulans;Rubus arrheniiformis;Rubus asperidens;Rubus bovinus;Rubus braeuckeriformis;Rubus calotemnus;Rubus campaniensis;Rubus canduliger;Rubus caninitergi;Rubus chloocladus;Rubus cochinchinensis;Rubus condensatus;Rubus confusidens;Rubus dasyphyllus;Rubus dejonghii;Rubus diversus;Rubus eglandulosus;Rubus egregius;Rubus elegantispinosus;Rubus euryanthemus;Rubus flagelliflorus;Rubus flexuosus;Rubus foersteri;Rubus frederici;Rubus gelertii;Rubus gloriosus;Rubus guestphalicus;Rubus hastiferus;Rubus henrici-weberi;Rubus holerythros;Rubus hypomalacus;Rubus insectifolius;Rubus integribasis;Rubus iuvenis;Rubus langei;Rubus lasiandrus;Rubus latiarcuatus;Rubus lindleianus;Rubus loehrii;Rubus muenteri;Rubus muridens;Rubus negatus;Rubus nemoralis;Rubus nitidiformis;Rubus opacus;Rubus picearum;Rubus planus;Rubus platyacanthus;Rubus plicatus;Rubus poliothyrsus;Rubus polyanthemus;Rubus praticolor;Rubus procerus;Rubus psilops;Rubus pugiunculosus;Rubus radula;Rubus raduloides;Rubus rubercadaver;Rubus rufescens;Rubus schlechtendalii;Rubus schleicheri;Rubus sciocharis;Rubus senticosus;Rubus tubanticus;Rubus vulgaris	NO	NO	YES	Assigned
OTU_19	0	0	0	0	0	255	0	0	0	0	0	0	0	0	0	0	ASV160	GENUS	Tracheophyta	Magnoliopsida	Rosales	Rosaceae	Amygdaloideae	Sorbus		99.49	85	100.00	100	Rosaceae	Sorbus	Sorbus aria;Sorbus arvonensis;Sorbus cambrensis;Sorbus cheddarensis;Sorbus cuneifolia;Sorbus danubialis;Sorbus devoniensis;Sorbus eminens;Sorbus eminentiformis;Sorbus graeca;Sorbus hibernica;Sorbus leighensis;Sorbus leptophylla;Sorbus parviloba;Sorbus porrigentiformis;Sorbus richii;Sorbus rupicola;Sorbus rupicoloides;Sorbus saxicola;Sorbus stenophylla;Sorbus stirtoniana;Sorbus vexans;Sorbus whiteana	NO	NO	YES	Assigned
OTU_20	0	0	0	0	0	17	0	5	0	0	0	0	92	0	48	29	ASV165	SUBFAMILY	Tracheophyta	Magnoliopsida	Brassicales	Brassicaceae	Brassicoideae			100.0	88	98.40	100	Brassicaceae	Cardamine	Cardamine parviflora	NO	NO	NO	Assigned
OTU_21	0	0	0	0	186	0	0	0	0	0	0	0	0	0	0	0	ASV177	GENUS	Tracheophyta	Magnoliopsida	Malpighiales	Salicaceae		Salix		100.0	100	100.00	100	Salicaceae	Salix	Salix alba;Salix alba x rubens;Salix babylonica;Salix fragilis;Salix rosthornii;Salix x rubens	NO	NO	YES	Assigned
OTU_22	0	0	0	0	157	0	0	0	0	0	0	0	0	0	13	10	ASV188	SUBFAMILY	Tracheophyta	Magnoliopsida	Ranunculales	Ranunculaceae	Ranunculoideae			87.39	25	100.00	100	Ranunculaceae	Aconitum	Aconitum lycoctonum	NO	NO	NO	Assigned
OTU_23	0	0	0	0	644	0	0	0	0	310	0	0	0	11	298	0	ASV197	Unassigned									0		0				NO	NO	NO	Unassigned
OTU_24	28	0	0	0	0	0	14	27	0	0	0	0	0	0	36	57	ASV198	CLASS	Tracheophyta	Magnoliopsida						100.0	88	100.00	100	Ranunculaceae	Anemone	Anemone nemorosa	NO	NO	NO	Assigned
OTU_25	8	0	0	0	0	14	19	18	0	0	0	0	0	0	32	17	ASV248	SPECIES	Tracheophyta	Magnoliopsida	Lamiales	Plantaginaceae	Digitalidoideae	Veronica	Veronica officinalis	94.52	17	100.00	100	Plantaginaceae	Veronica	Veronica officinalis	NO	NO	NO	Assigned
OTU_26	0	0	845	0	0	0	0	0	0	0	0	0	0	0	0	0	ASV289	Unassigned									0		0				NO	NO	NO	Unassigned
OTU_27	0	0	0	0	0	0	0	0	0	10	0	19	4	7	2	20	ASV314	GENUS	Tracheophyta	Magnoliopsida	Rosales	Rosaceae	Rosoideae	Rubus		100.0	100	100.00	100	Rosaceae	Rubus	Rubus cochinchinensis;Rubus longior;Rubus negatus;Rubus oreades	NO	NO	YES	Assigned
OTU_28	0	0	0	0	0	0	0	61	0	0	0	0	0	7	0	0	ASV319	GENUS	Tracheophyta	Magnoliopsida	Rosales	Rosaceae	Rosoideae	Rubus		99.85	46	100.00	100	Rosaceae	Rubus	Rubus caesius;Rubus caesius x Rubus idaeus;Rubus idaeus;Rubus saxatilis	NO	NO	YES	Assigned
OTU_29	0	0	0	0	60	0	0	0	0	0	0	0	0	0	0	0	ASV322	Unassigned									0		0				NO	NO	NO	Unassigned
OTU_30	29	0	0	0	0	0	0	0	0	0	0	14	16	0	0	0	ASV347	GENUS	Tracheophyta	Magnoliopsida	Apiales	Araliaceae		Hedera		100.0	6	97.89	100	Araliaceae	Hedera	Hedera helix	NO	NO	NO	Assigned
OTU_31	52	0	0	0	0	0	0	0	0	0	0	0	0	0	0	0	ASV352	Unassigned									0		0				NO	NO	NO	Unassigned
OTU_32	0	0	0	0	0	0	46	0	0	0	0	0	0	0	0	0	ASV381	SPECIES	Tracheophyta	Magnoliopsida	Fabales	Fabaceae		Genista	Genista tinctoria	100.0	12	100.00	100	Fabaceae	Genista	Genista tinctoria	NO	NO	NO	Assigned
OTU_33	0	0	0	0	0	0	0	0	0	0	0	0	0	28	0	18	ASV382	SUBFAMILY	Tracheophyta	Magnoliopsida	Apiales	Apiaceae	Saniculoideae			100.0	6	96.09	100	Apiaceae	Sanicula	Sanicula epipactis	NO	NO	NO	Assigned
OTU_34	11	0	0	0	12	0	0	0	0	0	9	0	13	0	0	0	ASV383	GENUS	Tracheophyta	Magnoliopsida	Rosales	Rosaceae	Rosoideae	Rubus		100.0	10	96.26	100	Rosaceae	Rubus	Rubus adspersus;Rubus amisiensis;Rubus bovinus;Rubus chloocladus;Rubus cochinchinensis;Rubus deweveri;Rubus divaricatus;Rubus elegantispinosus;Rubus genevieri;Rubus longior;Rubus montanus;Rubus mucronipetalus;Rubus neanias;Rubus nelliae;Rubus nemoripatens;Rubus opacus;Rubus paludosus;Rubus passionis;Rubus poliothyrsus;Rubus pugiunculosus;Rubus rufescens;Rubus sciocharis;Rubus sp. Glandulosi MS-2014b;Rubus sp. MS-2014a;Rubus spina-curva;Rubus splendidus;Rubus stereacanthos;Rubus winteri	NO	NO	YES	Assigned
OTU_35	0	0	0	0	46	0	4	28	0	0	0	0	0	12	0	0	ASV394	CLASS	Tracheophyta	Magnoliopsida						100.0	92	100.00	100	Euphorbiaceae	Euphorbia	Euphorbia carniolica	NO	NO	NO	Assigned
OTU_36	11	0	0	0	30	0	0	0	0	0	0	15	0	0	0	0	ASV395	GENUS	Tracheophyta	Magnoliopsida	Lamiales	Lamiaceae	Lamioideae	Lamium		84.44	13	99.10	100	Lamiaceae	Lamium	Lamium galeobdolon subsp. flavidum	NO	NO	NO	Assigned
OTU_37	20	0	0	0	0	0	0	0	0	0	0	0	22	0	0	0	ASV406	GENUS	Tracheophyta	Magnoliopsida	Rosales	Rosaceae	Rosoideae	Rubus		97.66	50	99.07	100	Rosaceae	Rubus	Rubus allegheniensis;Rubus canadensis;Rubus pensilvanicus	NO	NO	YES	Assigned
OTU_38	0	0	0	0	0	0	0	0	0	0	0	0	0	42	0	0	ASV412	GENUS	Tracheophyta	Magnoliopsida	Rosales	Rosaceae	Rosoideae	Rubus		100.0	100	100.00	100	Rosaceae	Rubus	Rubus aciodonthus;Rubus adulans;Rubus amisiensis;Rubus aphidifer;Rubus arrheniiformis;Rubus bertramii;Rubus bovinus;Rubus braeuckeriformis;Rubus caesius;Rubus calotemnus;Rubus campaniensis;Rubus caninitergi;Rubus chloocladus;Rubus cochinchinensis;Rubus dasyphyllus;Rubus dejonghii;Rubus divaricatus;Rubus edeesii;Rubus eglandulosus;Rubus eifeliensis;Rubus euryanthemus;Rubus flagelliflorus;Rubus flexuosus;Rubus foliosus;Rubus frederici;Rubus gelertii;Rubus gloriosus;Rubus griesiae;Rubus guestphalicus;Rubus hastiferus;Rubus henrici-weberi;Rubus horrefactus;Rubus hypomalacus;Rubus incisior;Rubus insectifolius;Rubus integribasis;Rubus iuvenis;Rubus langei;Rubus lasiandrus;Rubus latiarcuatus;Rubus leucandrus;Rubus lindebergii;Rubus lobatidens;Rubus magnisepalus;Rubus montanus;Rubus muenteri;Rubus mus;Rubus nemoralis;Rubus nemoripatens;Rubus nitidiformis;Rubus opacus;Rubus oreades;Rubus phoenicolasius;Rubus plicatus;Rubus poliothyrsus;Rubus polyanthemus;Rubus praticolor;Rubus psilops;Rubus pugiunculosus;Rubus radula;Rubus raduloides;Rubus rubercadaver;Rubus rufescens;Rubus schlechtendalii;Rubus scidularum;Rubus sciocharis;Rubus senticosus;Rubus spiculus;Rubus tubanticus;Rubus ubericus;Rubus vulgaris	NO	NO	YES	Assigned
OTU_39	0	0	0	0	0	0	0	0	0	28	12	0	0	0	0	0	ASV428	SPECIES	Tracheophyta	Magnoliopsida	Crossosomatales	Staphyleaceae		Staphylea	Staphylea pinnata	93.42	3	100.00	100	Staphyleaceae	Staphylea	Staphylea pinnata	NO	NO	NO	Assigned
OTU_40	9	0	0	0	17	0	0	0	6	3	0	0	0	0	43	0	ASV451	GENUS	Tracheophyta	Magnoliopsida	Rosales	Rosaceae	Amygdaloideae	Sorbus		96.35	72	100.00	100	Rosaceae	Sorbus	Sorbus arranensis;Sorbus aucuparia;Sorbus cuneifolia	NO	NO	YES	Assigned
OTU_41	0	0	0	0	0	0	0	0	0	34	0	0	0	0	0	0	ASV463	GENUS	Tracheophyta	Magnoliopsida	Lamiales	Lamiaceae	Ajugoideae	Teucrium		86.07	17	100.00	100	Lamiaceae	Teucrium	Teucrium scordium;Teucrium scorodonia	NO	NO	YES	Assigned
OTU_42	0	0	0	0	0	0	0	0	0	0	0	0	32	0	0	0	ASV480	Unassigned									0		0				NO	NO	NO	Unassigned
OTU_43	31	0	0	0	0	0	0	0	0	0	0	0	0	0	14	10	ASV482	GENUS	Tracheophyta	Magnoliopsida	Lamiales	Oleaceae		Fraxinus		96.0	47	100.00	100	Oleaceae	Fraxinus	Fraxinus angustifolia;Fraxinus excelsior	NO	NO	YES	Assigned
OTU_44	31	0	0	0	0	0	0	0	0	0	0	0	0	0	0	0	ASV483	SPECIES	Tracheophyta	Magnoliopsida	Lamiales	Oleaceae		Fraxinus	Fraxinus ornus	100.0	3	99.65	100	Oleaceae	Fraxinus	Fraxinus ornus	NO	NO	NO	Assigned
OTU_45	5	0	0	0	0	0	0	0	0	22	0	0	0	0	132	0	ASV491	Unassigned									0		0				NO	NO	NO	Unassigned
OTU_46	0	0	0	0	0	0	0	0	0	0	0	0	0	0	29	0	ASV511	SPECIES	Tracheophyta	Magnoliopsida	Lamiales	Plantaginaceae	Digitalidoideae	Veronica	Veronica montana	92.79	10	100.00	100	Plantaginaceae	Veronica	Veronica montana	NO	NO	NO	Assigned
OTU_47	28	0	0	0	0	0	0	0	0	6	0	5	7	0	0	0	ASV513	GENUS	Tracheophyta	Magnoliopsida	Apiales	Araliaceae		Hedera		92.89	17	99.56	100	Araliaceae;Ranunculaceae	Clematis;Hedera	Clematis flammula;Hedera helix;Hedera helix subsp. helix	YES	YES	YES	Assigned
OTU_48	0	0	0	0	0	0	0	0	0	0	0	0	0	0	28	0	ASV519	Unassigned									0		0				NO	NO	NO	Unassigned
OTU_49	0	0	0	0	0	0	0	0	0	0	27	0	0	0	0	0	ASV532	GENUS	Tracheophyta	Magnoliopsida	Rosales	Rosaceae	Rosoideae	Rubus		100.0	100	99.60	100	Rosaceae	Rubus	Rubus aciodonthus;Rubus adulans;Rubus arrheniiformis;Rubus asperidens;Rubus bovinus;Rubus braeuckeriformis;Rubus calotemnus;Rubus campaniensis;Rubus caninitergi;Rubus chloocladus;Rubus cochinchinensis;Rubus condensatus;Rubus confusidens;Rubus dasyphyllus;Rubus dejonghii;Rubus diversus;Rubus eglandulosus;Rubus egregius;Rubus eifeliensis;Rubus elegantispinosus;Rubus euryanthemus;Rubus flagellaris;Rubus flagelliflorus;Rubus flexuosus;Rubus foersteri;Rubus foliosus;Rubus frederici;Rubus fruticosus agg.;Rubus gelertii;Rubus gloriosus;Rubus guestphalicus;Rubus hastiferus;Rubus henrici-weberi;Rubus holerythros;Rubus hypomalacus;Rubus ignoratus;Rubus incarnatus;Rubus insectifolius;Rubus integribasis;Rubus iuvenis;Rubus langei;Rubus lasiandrus;Rubus latiarcuatus;Rubus lindleianus;Rubus loehrii;Rubus muenteri;Rubus nemoralis;Rubus nitidiformis;Rubus opacus;Rubus planus;Rubus platyacanthus;Rubus plicatus;Rubus poliothyrsus;Rubus polyanthemus;Rubus praticolor;Rubus procerus;Rubus psilops;Rubus pugiunculosus;Rubus radula;Rubus raduloides;Rubus rubercadaver;Rubus rufescens;Rubus schlechtendalii;Rubus schleicheri;Rubus sciocharis;Rubus senticosus;Rubus sprengelii;Rubus teretiusculus;Rubus tubanticus;Rubus ulmifolius;Rubus urticifolius;Rubus vulgaris	NO	NO	YES	Assigned
OTU_50	0	0	0	0	0	0	26	0	0	0	0	0	0	0	0	0	ASV538	CLASS	Tracheophyta	Magnoliopsida						98.72	94	99.15	100	Boraginaceae;Orobanchaceae	Castilleja;Mertensia	Castilleja yukonis;Mertensia longiflora;Mertensia maritima;Mertensia paniculata	YES	YES	YES	Assigned
OTU_51	0	0	0	0	0	0	0	0	0	0	0	8	0	0	15	0	ASV575	CLASS	Tracheophyta	Magnoliopsida						100.0	94	99.70	100	Celastraceae	Euonymus	Euonymus verrucosus	NO	NO	NO	Assigned
OTU_52	0	0	0	0	0	0	0	36	0	0	0	0	0	0	0	0	ASV596	GENUS	Tracheophyta	Magnoliopsida	Rosales	Rosaceae	Rosoideae	Rubus		99.57	93	98.93	100	Rosaceae	Rubus	Rubus aciodonthus;Rubus adulans;Rubus arrheniiformis;Rubus bovinus;Rubus braeuckeriformis;Rubus calotemnus;Rubus campaniensis;Rubus caninitergi;Rubus chloocladus;Rubus cochinchinensis;Rubus dasyphyllus;Rubus dejonghii;Rubus diversus;Rubus eglandulosus;Rubus egregius;Rubus elegantispinosus;Rubus euryanthemus;Rubus flagelliflorus;Rubus flexuosus;Rubus frederici;Rubus gelertii;Rubus gloriosus;Rubus guestphalicus;Rubus hastiferus;Rubus henrici-weberi;Rubus hypomalacus;Rubus insectifolius;Rubus integribasis;Rubus iuvenis;Rubus langei;Rubus lasiandrus;Rubus latiarcuatus;Rubus muenteri;Rubus nemoralis;Rubus nitidiformis;Rubus opacus;Rubus planus;Rubus platyacanthus;Rubus plicatus;Rubus poliothyrsus;Rubus polyanthemus;Rubus praticolor;Rubus psilops;Rubus pugiunculosus;Rubus radula;Rubus raduloides;Rubus rubercadaver;Rubus rufescens;Rubus schlechtendalii;Rubus sciocharis;Rubus senticosus;Rubus tubanticus;Rubus vulgaris	NO	NO	YES	Assigned
OTU_53	0	0	0	0	0	0	0	0	0	0	20	0	0	0	0	0	ASV609	GENUS	Tracheophyta	Magnoliopsida	Rosales	Rosaceae	Rosoideae	Rubus		99.62	92	99.37	100	Rosaceae	Rubus	Rubus fruticosus agg.	NO	NO	NO	Assigned
OTU_54	0	0	0	0	0	0	0	10	7	0	0	0	0	0	0	0	ASV647	GENUS	Tracheophyta	Magnoliopsida	Rosales	Rosaceae	Rosoideae	Rubus		98.48	69	100.00	100	Rosaceae	Rubus	Rubus cochinchinensis;Rubus coreanus;Rubus idaeus;Rubus phoenicolasius;Rubus saxatilis	NO	NO	YES	Assigned
OTU_55	0	0	0	0	0	0	0	0	0	0	0	0	15	0	0	0	ASV674	CLASS	Tracheophyta	Magnoliopsida						100.0	94	98.48	100	Boraginaceae	Pulmonaria	Pulmonaria angustifolia;Pulmonaria obscura;Pulmonaria officinalis	NO	NO	YES	Assigned
OTU_56	0	0	0	0	0	0	0	0	0	0	0	0	0	15	0	0	ASV675	Unassigned									0	82.00	100	Chlorodendraceae	Tetraselmis	Tetraselmis sp. KMMCC 1449	NO	NO	NO	Unassigned
OTU_57	0	0	0	0	0	0	0	0	0	13	0	0	0	0	0	0	ASV714	GENUS	Tracheophyta	Magnoliopsida	Rosales	Rosaceae	Rosoideae	Rubus		100.0	40	96.97	100	Rosaceae	Rubus	Rubus oreades	NO	NO	NO	Assigned
OTU_58	0	0	0	0	0	5	0	0	6	0	0	13	0	0	0	12	ASV716	SUBFAMILY	Tracheophyta	Magnoliopsida	Rosales	Rosaceae	Rosoideae			100.0	3	96.39	100	Rosaceae	Fragaria	Fragaria vesca	NO	NO	NO	Assigned
OTU_59	12	0	0	0	0	0	0	0	0	0	0	0	0	0	0	0	ASV720	GENUS	Tracheophyta	Magnoliopsida	Boraginales	Boraginaceae		Omphalodes		98.12	6	99.34	100	Boraginaceae	Omphalodes	Omphalodes verna	NO	NO	NO	Assigned
OTU_60	0	0	0	0	0	0	0	12	0	0	0	0	0	0	0	0	ASV736	GENUS	Tracheophyta	Magnoliopsida	Rosales	Rosaceae	Rosoideae	Rubus		99.63	44	98.78	100	Rosaceae	Rubus	Rubus coreanus;Rubus inopertus;Rubus inopertus var. echinocalyx;Rubus mesogaeus;Rubus phoenicolasius;Rubus subinopertus	NO	NO	YES	Assigned
OTU_61	4	0	0	0	8	0	0	0	0	12	0	0	0	0	0	0	ASV739	GENUS	Tracheophyta	Magnoliopsida	Fagales	Fagaceae	Quercoideae	Quercus		99.88	72	98.93	100	Fagaceae	Quercus	Quercus aliena	NO	NO	NO	Assigned
OTU_62	0	0	0	0	0	0	0	0	0	0	0	0	0	12	0	0	ASV741	Unassigned									0		0				NO	NO	NO	Unassigned
OTU_63	0	0	0	0	0	0	11	0	0	0	0	0	0	0	0	0	ASV753	FAMILY	Tracheophyta	Magnoliopsida	Rosales	Rosaceae				99.61	23	94.87	100	Rosaceae	Acaena	Acaena ovalifolia	NO	NO	NO	Assigned
OTU_64	0	0	0	0	0	0	0	0	0	0	0	0	11	0	0	0	ASV759	GENUS	Tracheophyta	Magnoliopsida	Rosales	Rosaceae	Rosoideae	Rubus		100.0	100	100.00	100	Rosaceae	Rubus	Rubus aciodonthus;Rubus adulans;Rubus amisiensis;Rubus aphidifer;Rubus arrheniiformis;Rubus bertramii;Rubus bovinus;Rubus braeuckeriformis;Rubus caesius;Rubus calotemnus;Rubus campaniensis;Rubus caninitergi;Rubus chloocladus;Rubus cochinchinensis;Rubus dasyphyllus;Rubus dejonghii;Rubus divaricatus;Rubus edeesii;Rubus eglandulosus;Rubus eifeliensis;Rubus euryanthemus;Rubus flagelliflorus;Rubus flexuosus;Rubus foliosus;Rubus frederici;Rubus gelertii;Rubus gloriosus;Rubus griesiae;Rubus guestphalicus;Rubus hastiferus;Rubus henrici-weberi;Rubus horrefactus;Rubus hypomalacus;Rubus incisior;Rubus insectifolius;Rubus integribasis;Rubus iuvenis;Rubus langei;Rubus lasiandrus;Rubus latiarcuatus;Rubus leucandrus;Rubus lindebergii;Rubus lobatidens;Rubus magnisepalus;Rubus montanus;Rubus muenteri;Rubus mus;Rubus nemoralis;Rubus nemoripatens;Rubus nitidiformis;Rubus opacus;Rubus oreades;Rubus phoenicolasius;Rubus plicatus;Rubus poliothyrsus;Rubus polyanthemus;Rubus praticolor;Rubus psilops;Rubus pugiunculosus;Rubus radula;Rubus raduloides;Rubus rubercadaver;Rubus rufescens;Rubus schlechtendalii;Rubus scidularum;Rubus sciocharis;Rubus senticosus;Rubus spiculus;Rubus tubanticus;Rubus ubericus;Rubus vulgaris	NO	NO	YES	Assigned
OTU_65	0	0	0	0	0	0	0	0	0	0	0	0	0	0	11	0	ASV764	CLASS	Tracheophyta	Magnoliopsida						100.0	81	100.00	100	Euphorbiaceae	Euphorbia	Euphorbia amygdaloides;Euphorbia characias	NO	NO	YES	Assigned
OTU_66	10	0	0	0	0	0	0	0	0	0	0	0	0	0	0	0	ASV766	GENUS	Tracheophyta	Magnoliopsida	Rosales	Rosaceae	Amygdaloideae	Prunus		98.28	83	100.00	100	Rosaceae	Prunus	Prunus domestica subsp. insititia;Prunus tenella	NO	NO	YES	Assigned
OTU_67	0	0	0	0	0	0	0	0	0	10	0	0	0	8	0	0	ASV780	Unassigned									0	84.16	100	Chlorodendraceae	Tetraselmis	Tetraselmis sp. KMMCC 1449	NO	NO	NO	Unassigned
OTU_68	0	0	0	0	0	0	0	0	0	0	0	0	0	10	0	4	ASV781	FAMILY	Tracheophyta	Magnoliopsida	Rosales	Rosaceae				82.0	41	94.00	100	Geraniaceae;Rosaceae;Urticaceae	Alchemilla;Aphanes;Drymocallis;Erodium;Filipendula;Geranium;Geum;Parietaria;Potentilla;Rosa;Rubus;Sibbaldia	Alchemilla alpina;Alchemilla conjuncta;Alchemilla filicaulis;Alchemilla glabra;Alchemilla glaucescens;Alchemilla glomerulans;Alchemilla micans;Alchemilla sciura;Alchemilla subcrenata;Alchemilla subglobosa;Alchemilla vulgaris;Alchemilla wichurae;Alchemilla xanthochlora;Aphanes arvensis;Aphanes australis;Drymocallis rupestris;Erodium maritimum;Filipendula ulmaria;Filipendula vulgaris;Geranium rotundifolium;Geum urbanum;Parietaria debilis;Potentilla anserina;Potentilla argentea;Potentilla indica;Potentilla pensylvanica;Rosa arvensis;Rosa canina;Rosa micrantha;Rosa obtusifolia;Rosa sherardii;Rosa spinosissima;Rosa tomentosa;Rubus arcticus;Rubus caesius;Rubus cochinchinensis;Rubus fruticosus agg.;Rubus idaeus;Rubus reflexus var. lanceolobus;Rubus saxatilis;Rubus sumatranus;Rubus urticifolius;Sibbaldia procumbens	YES	YES	YES	Assigned
OTU_69	0	0	0	0	0	0	0	0	0	0	0	0	0	10	0	0	ASV782	Unassigned									0		0				NO	NO	NO	Unassigned
OTU_70	0	0	0	0	0	0	0	0	0	0	0	0	0	0	10	0	ASV784	Unassigned									0		0				NO	NO	NO	Unassigned
OTU_71	0	0	0	9	0	0	0	0	0	0	0	0	0	0	0	0	ASV795	SUBFAMILY	Tracheophyta	Magnoliopsida	Apiales	Apiaceae	Apioideae			87.66	20	99.39	100	Apiaceae	Aegopodium	Aegopodium podagraria	NO	NO	NO	Assigned
OTU_72	0	0	0	0	9	0	9	0	0	0	0	0	0	0	0	0	ASV796	CLASS	Tracheophyta	Magnoliopsida						100.0	93	97.89	100	Vitaceae	Causonis	Causonis mollis	NO	NO	NO	Assigned
OTU_73	0	0	0	0	0	0	9	0	0	0	0	0	0	0	0	0	ASV801	CLASS	Tracheophyta	Magnoliopsida						100.0	94	98.48	100	Ranunculaceae	Eranthis	Eranthis hyemalis	NO	NO	NO	Assigned
OTU_74	0	0	0	0	0	0	0	0	9	0	0	0	0	0	0	0	ASV806	FAMILY	Tracheophyta	Magnoliopsida	Boraginales	Boraginaceae				72.74	53	100.00	100	Boraginaceae	Lappula	Lappula balchaschensis	NO	NO	NO	Low-confidence
OTU_75	0	0	0	0	0	0	0	0	0	0	0	9	0	0	0	0	ASV810	CLASS	Tracheophyta	Magnoliopsida						100.0	91	99.10	100	Celastraceae	Euonymus	Euonymus latifolius	NO	NO	NO	Assigned
OTU_76	0	0	0	0	0	0	0	0	0	0	0	0	9	0	0	0	ASV813	ORDER	Tracheophyta	Magnoliopsida	Lamiales					91.78	43	91.11	100	Plantaginaceae	Gratiola	Gratiola aurea;Gratiola japonica	NO	NO	YES	Assigned
OTU_77	0	0	8	0	0	0	0	0	0	0	0	0	0	0	0	0	ASV818	Unassigned									0		0				NO	NO	NO	Unassigned
OTU_78	0	0	0	0	0	0	0	0	0	0	8	0	0	0	0	8	ASV836	GENUS	Tracheophyta	Magnoliopsida	Rosales	Rosaceae	Rosoideae	Rubus		100.0	100	98.93	100	Rosaceae	Rubus	Rubus aciodonthus;Rubus adulans;Rubus arrheniiformis;Rubus asperidens;Rubus bovinus;Rubus braeuckeriformis;Rubus calotemnus;Rubus campaniensis;Rubus caninitergi;Rubus chloocladus;Rubus cochinchinensis;Rubus condensatus;Rubus confusidens;Rubus dasyphyllus;Rubus dejonghii;Rubus diversus;Rubus eglandulosus;Rubus egregius;Rubus elegantispinosus;Rubus euryanthemus;Rubus flagelliflorus;Rubus flexuosus;Rubus foersteri;Rubus frederici;Rubus gelertii;Rubus gloriosus;Rubus guestphalicus;Rubus hastiferus;Rubus henrici-weberi;Rubus holerythros;Rubus hypomalacus;Rubus insectifolius;Rubus integribasis;Rubus iuvenis;Rubus langei;Rubus lasiandrus;Rubus latiarcuatus;Rubus lindleianus;Rubus loehrii;Rubus muenteri;Rubus muridens;Rubus negatus;Rubus nemoralis;Rubus nitidiformis;Rubus opacus;Rubus picearum;Rubus planus;Rubus platyacanthus;Rubus plicatus;Rubus poliothyrsus;Rubus polyanthemus;Rubus praticolor;Rubus procerus;Rubus psilops;Rubus pugiunculosus;Rubus radula;Rubus raduloides;Rubus rubercadaver;Rubus rufescens;Rubus schlechtendalii;Rubus schleicheri;Rubus sciocharis;Rubus senticosus;Rubus tubanticus;Rubus vulgaris	NO	NO	YES	Assigned
OTU_79	4	0	7	0	0	0	0	0	0	2	6	0	8	0	0	0	ASV840	CLASS	Tracheophyta	Magnoliopsida						100.0	90	99.54	100	Ulmaceae	Ulmus	Ulmus glabra;Ulmus procera	NO	NO	YES	Assigned
OTU_80	0	0	0	0	0	0	0	0	0	0	0	0	0	0	8	0	ASV844	Unassigned									0		0				NO	NO	NO	Unassigned
OTU_81	3	0	7	0	0	0	0	0	0	0	0	0	0	0	0	0	ASV855	Unassigned									0		0				NO	NO	NO	Unassigned
OTU_82	0	0	7	0	0	0	0	0	0	0	0	0	0	0	0	0	ASV856	GENUS	Tracheophyta	Magnoliopsida	Rosales	Rosaceae	Amygdaloideae	Crataegus		98.12	21	99.77	100	Rosaceae	Crataegus	Crataegus laevigata	NO	NO	NO	Assigned
OTU_83	0	0	0	0	0	0	7	0	0	0	0	0	0	0	0	0	ASV862	FAMILY	Tracheophyta	Magnoliopsida	Boraginales	Boraginaceae				86.97	74	100.00	100	Boraginaceae	Cynoglossum;Lappula	Cynoglossum officinale;Lappula balchaschensis	NO	YES	YES	Assigned
OTU_84	0	0	0	0	0	0	0	0	7	0	0	0	0	0	0	0	ASV865	SUBFAMILY	Tracheophyta	Magnoliopsida	Rosales	Rosaceae	Rosoideae			89.38	62	100.00	100	Orobanchaceae;Rosaceae	Castilleja;Potentilla;Rosa;Rubus	Castilleja unalaschcensis;Potentilla sterilis;Rosa spinosissima;Rubus coreanus;Rubus ichangensis;Rubus idaeus;Rubus lambertianus;Rubus saxatilis;Rubus shihae	YES	YES	YES	Assigned
OTU_85	0	0	0	0	0	0	0	0	7	0	0	0	0	0	0	0	ASV867	GENUS	Tracheophyta	Magnoliopsida	Rosales	Rosaceae	Rosoideae	Rubus		100.0	100	100.00	100	Rosaceae	Rubus	Rubus aciodonthus;Rubus adulans;Rubus amisiensis;Rubus aphidifer;Rubus arrheniiformis;Rubus bertramii;Rubus bovinus;Rubus braeuckeriformis;Rubus caesius;Rubus calotemnus;Rubus campaniensis;Rubus caninitergi;Rubus chloocladus;Rubus cochinchinensis;Rubus dasyphyllus;Rubus dejonghii;Rubus divaricatus;Rubus eglandulosus;Rubus eifeliensis;Rubus euryanthemus;Rubus flagelliflorus;Rubus flexuosus;Rubus foliosus;Rubus frederici;Rubus gelertii;Rubus gloriosus;Rubus griesiae;Rubus guestphalicus;Rubus hastiferus;Rubus henrici-weberi;Rubus horrefactus;Rubus hypomalacus;Rubus incisior;Rubus insectifolius;Rubus integribasis;Rubus iuvenis;Rubus langei;Rubus lasiandrus;Rubus latiarcuatus;Rubus leucandrus;Rubus lindebergii;Rubus lobatidens;Rubus magnisepalus;Rubus montanus;Rubus muenteri;Rubus mus;Rubus nemoralis;Rubus nemoripatens;Rubus nitidiformis;Rubus opacus;Rubus oreades;Rubus phoenicolasius;Rubus plicatus;Rubus poliothyrsus;Rubus polyanthemus;Rubus praticolor;Rubus psilops;Rubus pugiunculosus;Rubus radula;Rubus raduloides;Rubus rubercadaver;Rubus rufescens;Rubus schlechtendalii;Rubus scidularum;Rubus sciocharis;Rubus senticosus;Rubus spiculus;Rubus tubanticus;Rubus ubericus;Rubus vulgaris	NO	NO	YES	Assigned
OTU_86	0	0	0	0	0	0	0	0	0	0	7	0	0	0	0	0	ASV871	GENUS	Tracheophyta	Magnoliopsida	Rosales	Rosaceae	Amygdaloideae	Prunus		96.81	78	99.77	100	Rosaceae	Prunus	Prunus avium;Prunus emarginata	NO	NO	YES	Assigned
OTU_87	0	0	0	0	0	0	0	0	0	0	0	0	0	7	0	0	ASV874	CLASS	Tracheophyta	Magnoliopsida						100.0	95	100.00	100	Ranunculaceae	Helleborus	Helleborus niger	NO	NO	NO	Assigned
OTU_88	6	0	0	0	0	0	0	0	0	0	0	0	0	0	0	0	ASV881	CLASS	Tracheophyta	Magnoliopsida						100.0	94	98.51	100	Boraginaceae	Omphalodes	Omphalodes verna	NO	NO	NO	Assigned
OTU_89	0	3	0	0	0	0	0	0	6	0	0	0	0	0	0	0	ASV905	GENUS	Tracheophyta	Magnoliopsida	Boraginales	Boraginaceae		Omphalodes		98.25	6	99.34	100	Boraginaceae	Omphalodes	Omphalodes verna	NO	NO	NO	Assigned
OTU_90	0	0	0	0	0	0	0	0	6	0	0	0	0	0	0	0	ASV908	GENUS	Tracheophyta	Magnoliopsida	Rosales	Rosaceae	Rosoideae	Rubus		100.0	97	100.00	100	Rosaceae	Rubus	Rubus cochinchinensis;Rubus idaeus	NO	NO	YES	Assigned
OTU_91	0	0	0	0	0	0	0	0	0	0	0	0	0	0	6	0	ASV922	GENUS	Tracheophyta	Magnoliopsida	Fagales	Betulaceae	Coryloideae	Corylus		98.3	57	99.58	100	Betulaceae	Corylus	Corylus heterophylla var. sutchuenensis	NO	NO	NO	Assigned
OTU_92	0	0	0	0	0	0	0	0	0	0	0	0	0	0	0	6	ASV923	CLASS	Tracheophyta	Magnoliopsida						99.17	94	99.23	100	Viburnaceae	Adoxa	Adoxa moschatellina	NO	NO	NO	Assigned
OTU_93	0	0	5	0	0	0	0	0	0	0	0	0	0	0	0	0	ASV935	CLASS	Tracheophyta	Magnoliopsida						91.19	74	99.68	100	Rosaceae	Crataegus	Crataegus laevigata;Crataegus monogyna	NO	NO	YES	Assigned
OTU_94	0	0	0	0	5	0	0	0	0	0	0	0	0	0	0	0	ASV938	GENUS	Tracheophyta	Magnoliopsida	Rosales	Rosaceae	Rosoideae	Rubus		100.0	100	100.00	100	Rosaceae	Rubus	Rubus cochinchinensis;Rubus longior;Rubus negatus;Rubus oreades	NO	NO	YES	Assigned
OTU_95	0	0	0	0	0	5	0	0	0	0	0	0	0	0	0	0	ASV942	FAMILY	Tracheophyta	Magnoliopsida	Boraginales	Boraginaceae				91.36	47	99.21	100	Boraginaceae	Amsinckia;Cryptantha;Cynoglossum;Myosotis	Amsinckia menziesii;Cryptantha parviflora;Cynoglossum germanicum;Myosotis secunda	NO	YES	YES	Assigned
OTU_96	0	0	0	0	0	0	0	0	5	0	0	0	0	0	0	0	ASV951	ORDER	Tracheophyta	Magnoliopsida	Asterales					87.9	85	97.26	100	Boraginaceae;Cucurbitaceae	Paracaryum;Thladiantha	Paracaryum rugulosum;Thladiantha cordifolia	YES	YES	YES	Assigned
OTU_97	0	0	0	0	0	0	0	0	5	0	0	0	0	0	0	0	ASV955	SUBFAMILY	Tracheophyta	Magnoliopsida	Rosales	Rosaceae	Rosoideae			100.0	3	96.16	100	Rosaceae	Fragaria	Fragaria vesca	NO	NO	NO	Assigned
OTU_98	0	0	0	0	0	0	0	0	0	0	0	0	8	0	0	0	ASV966	GENUS	Tracheophyta	Magnoliopsida	Boraginales	Boraginaceae		Pulmonaria		85.71	31	99.75	100	Boraginaceae	Pulmonaria	Pulmonaria obscura	NO	NO	NO	Assigned
OTU_99	0	0	0	0	0	0	0	0	0	0	0	0	0	5	0	0	ASV968	Unassigned									0		0				NO	NO	NO	Unassigned
OTU_100	0	0	0	0	0	0	0	0	0	0	0	0	0	5	0	0	ASV969	GENUS	Tracheophyta	Magnoliopsida	Rosales	Rosaceae	Rosoideae	Rubus		100.0	100	99.42	100	Rosaceae	Rubus	Rubus sp. Glandulosi MS-2014b	NO	NO	NO	Assigned
OTU_101	0	0	0	0	0	0	0	0	0	0	0	0	0	3	2	0	ASV971	Unassigned									0		0				NO	NO	NO	Unassigned
OTU_102	0	0	0	0	0	0	0	0	0	0	0	0	0	0	5	0	ASV973	FAMILY	Tracheophyta	Magnoliopsida	Rosales	Rosaceae				100.0	22	97.69	100	Rosaceae	Sorbus	Sorbus scopulina	NO	NO	NO	Assigned
OTU_103	0	0	0	0	0	0	0	0	4	0	0	0	0	0	0	0	ASV1014	GENUS	Tracheophyta	Magnoliopsida	Rosales	Rosaceae	Rosoideae	Rubus		100.0	6	97.24	100	Rosaceae	Rubus	Rubus acuminatus;Rubus stimulans;Rubus subornatus	NO	NO	YES	Assigned
OTU_104	0	0	0	0	0	0	0	0	0	0	0	0	0	4	0	0	ASV1026	Unassigned									0		0				NO	NO	NO	Unassigned
OTU_105	0	0	0	0	0	0	0	0	0	0	0	0	0	0	4	0	ASV1028	GENUS	Tracheophyta	Magnoliopsida	Rosales	Rosaceae	Rosoideae	Rubus		90.32	85	100.00	100	Betulaceae	Corylus	Corylus avellana;Corylus cornuta	NO	NO	YES	Assigned
OTU_106	0	0	0	0	0	0	0	0	0	0	0	0	0	0	4	0	ASV1029	Unassigned									0		0				NO	NO	NO	Unassigned
OTU_107	0	0	0	0	0	0	0	0	0	0	0	0	0	0	0	4	ASV1032	SUBFAMILY	Tracheophyta	Magnoliopsida	Apiales	Apiaceae	Apioideae			100.0	5	98.86	100	Apiaceae	Meum	Meum athamanticum	NO	NO	NO	Assigned
OTU_108	0	0	0	0	0	0	0	0	0	0	0	0	0	0	0	4	ASV1035	CLASS	Tracheophyta	Magnoliopsida						99.31	95	100.00	100	Asteraceae;Rosaceae;Sapindaceae	Acer;Dittrichia;Rubus	Acer pseudoplatanus;Dittrichia viscosa;Rubus aff. adenotrichos PGGS-2007;Rubus allegheniensis;Rubus arcticus;Rubus caesius;Rubus canadensis;Rubus chroosepalus;Rubus ellipticus;Rubus hispidus;Rubus pensilvanicus;Rubus pentagonus;Rubus pinnatisepalus;Rubus reflexus;Rubus ursinus	YES	YES	YES	Assigned
OTU_109	0	0	4	0	0	0	0	0	0	0	0	0	0	0	0	0	ASV990	GENUS	Tracheophyta	Magnoliopsida	Rosales	Rosaceae	Rosoideae	Rubus		100.0	100	100.00	100	Rosaceae	Rubus	Rubus aciodonthus;Rubus adulans;Rubus arrheniiformis;Rubus asperidens;Rubus bovinus;Rubus braeuckeriformis;Rubus calotemnus;Rubus campaniensis;Rubus caninitergi;Rubus chloocladus;Rubus cochinchinensis;Rubus condensatus;Rubus confusidens;Rubus dasyphyllus;Rubus dejonghii;Rubus diversus;Rubus eglandulosus;Rubus egregius;Rubus elegantispinosus;Rubus euryanthemus;Rubus flagelliflorus;Rubus flexuosus;Rubus foersteri;Rubus frederici;Rubus fruticosus agg.;Rubus gelertii;Rubus gloriosus;Rubus guestphalicus;Rubus hastiferus;Rubus henrici-weberi;Rubus holerythros;Rubus hypomalacus;Rubus insectifolius;Rubus integribasis;Rubus iuvenis;Rubus langei;Rubus lasiandrus;Rubus latiarcuatus;Rubus lindleianus;Rubus loehrii;Rubus muenteri;Rubus muridens;Rubus negatus;Rubus nemoralis;Rubus nitidiformis;Rubus opacus;Rubus picearum;Rubus planus;Rubus platyacanthus;Rubus plicatus;Rubus poliothyrsus;Rubus polyanthemus;Rubus praticolor;Rubus procerus;Rubus psilops;Rubus pugiunculosus;Rubus radula;Rubus raduloides;Rubus rubercadaver;Rubus rufescens;Rubus schlechtendalii;Rubus schleicheri;Rubus sciocharis;Rubus senticosus;Rubus tubanticus;Rubus vulgaris	NO	NO	YES	Assigned
OTU_110	0	0	0	0	0	4	0	0	0	0	0	0	0	0	0	0	ASV993	GENUS	Tracheophyta	Magnoliopsida	Malpighiales	Violaceae	Violoideae	Viola		96.53	68	99.19	100	Juncaceae	Juncus	Juncus brevicaudatus	NO	NO	NO	Assigned
OTU_111	0	0	0	0	0	3	4	0	0	0	0	0	0	0	0	0	ASV999	FAMILY	Tracheophyta	Magnoliopsida	Asterales	Asteraceae				80.49	81	100.00	100	Asteraceae	Carlina;Cirsium;Saussurea	Carlina vulgaris;Cirsium acaule;Cirsium oleraceum;Saussurea alpina;Saussurea angustifolia	NO	YES	YES	Assigned
OTU_112	0	3	0	0	0	0	0	0	0	0	0	0	0	0	0	0	ASV1041	SUBFAMILY	Tracheophyta	Magnoliopsida	Asterales	Asteraceae	Asteroideae			75.57	22	97.26	100	Cucurbitaceae	Thladiantha	Thladiantha cordifolia	NO	NO	NO	Low-confidence
OTU_113	0	0	3	0	0	0	0	0	0	0	0	0	0	0	0	0	ASV1053	GENUS	Tracheophyta	Magnoliopsida	Rosales	Rosaceae	Rosoideae	Rubus		100.0	100	99.75	100	Rosaceae	Rubus	Rubus aciodonthus;Rubus adulans;Rubus arrheniiformis;Rubus asperidens;Rubus bovinus;Rubus braeuckeriformis;Rubus calotemnus;Rubus campaniensis;Rubus caninitergi;Rubus chloocladus;Rubus cochinchinensis;Rubus condensatus;Rubus confusidens;Rubus dasyphyllus;Rubus dejonghii;Rubus diversus;Rubus eglandulosus;Rubus egregius;Rubus elegantispinosus;Rubus euryanthemus;Rubus flagelliflorus;Rubus flexuosus;Rubus foersteri;Rubus frederici;Rubus gelertii;Rubus gloriosus;Rubus guestphalicus;Rubus hastiferus;Rubus henrici-weberi;Rubus holerythros;Rubus hypomalacus;Rubus insectifolius;Rubus integribasis;Rubus iuvenis;Rubus langei;Rubus lasiandrus;Rubus latiarcuatus;Rubus lindleianus;Rubus loehrii;Rubus muenteri;Rubus muridens;Rubus negatus;Rubus nemoralis;Rubus nitidiformis;Rubus opacus;Rubus picearum;Rubus platyacanthus;Rubus plicatus;Rubus poliothyrsus;Rubus polyanthemus;Rubus praticolor;Rubus procerus;Rubus psilops;Rubus pugiunculosus;Rubus radula;Rubus raduloides;Rubus rubercadaver;Rubus rufescens;Rubus schlechtendalii;Rubus schleicheri;Rubus sciocharis;Rubus senticosus;Rubus tubanticus;Rubus vulgaris	NO	NO	YES	Assigned
OTU_114	0	0	0	0	3	0	0	0	0	0	0	0	0	0	0	0	ASV1057	GENUS	Tracheophyta	Magnoliopsida	Rosales	Rosaceae	Rosoideae	Rubus		100.0	35	99.40	100	Rosaceae	Rubus	Rubus laciniatus;Rubus vestitus	NO	NO	YES	Assigned
OTU_115	0	0	0	0	3	0	0	0	0	0	0	0	0	0	0	0	ASV1058	GENUS	Tracheophyta	Magnoliopsida	Rosales	Rosaceae	Rosoideae	Rubus		100.0	26	98.77	100	Rosaceae	Rubus	Rubus urticifolius	NO	NO	NO	Assigned
OTU_116	0	0	0	0	0	7	0	0	0	0	0	0	0	0	0	0	ASV1066	FAMILY	Tracheophyta	Magnoliopsida	Boraginales	Boraginaceae				78.97	65	100.00	100	Boraginaceae;Orobanchaceae	Castilleja;Eritrichium;Hackelia;Lycopsis;Mertensia;Myosotis;Pentaglottis	Castilleja yukonis;Eritrichium splendens;Hackelia micrantha;Lycopsis arvensis;Mertensia longiflora;Mertensia maritima;Mertensia paniculata;Myosotis alpestris;Myosotis arvensis;Myosotis laxa;Myosotis ramosissima;Myosotis scorpioides;Myosotis stolonifera;Myosotis sylvatica;Pentaglottis sempervirens	YES	YES	YES	Low-confidence
OTU_117	0	0	0	0	0	3	0	0	0	0	0	0	0	0	0	0	ASV1068	ORDER	Tracheophyta	Magnoliopsida	Rosales					74.14	74	97.86	100	Boraginaceae	Symphytum	Symphytum tuberosum	NO	NO	NO	Low-confidence
OTU_118	0	0	0	0	0	0	3	0	0	0	0	0	0	0	0	0	ASV1072	GENUS	Tracheophyta	Magnoliopsida	Rosales	Rosaceae	Rosoideae	Rubus		99.29	93	99.59	100	Rosaceae	Rubus	Rubus cochinchinensis;Rubus longior;Rubus negatus;Rubus oreades	NO	NO	YES	Assigned
OTU_119	0	0	0	0	0	0	0	0	3	0	0	0	0	0	0	0	ASV1086	GENUS	Tracheophyta	Magnoliopsida	Rosales	Rosaceae	Rosoideae	Rubus		99.06	69	99.70	100	Rosaceae	Rubus	Rubus cochinchinensis;Rubus idaeus;Rubus saxatilis	NO	NO	YES	Assigned
OTU_120	0	0	0	0	0	0	0	0	3	0	0	0	0	0	0	0	ASV1087	SUBFAMILY	Tracheophyta	Magnoliopsida	Brassicales	Brassicaceae	Brassicoideae			100.0	85	99.67	100	Brassicaceae	Cardamine	Cardamine microphylla	NO	NO	NO	Assigned
OTU_121	0	0	0	0	0	0	0	0	3	0	0	0	0	0	0	0	ASV1089	CLASS	Tracheophyta	Magnoliopsida						100.0	94	100.00	100	Orobanchaceae	Lathraea	Lathraea squamaria	NO	NO	NO	Assigned
OTU_122	0	0	0	0	0	0	0	0	8	0	0	0	0	0	0	0	ASV1090	GENUS	Tracheophyta	Magnoliopsida	Fagales	Betulaceae	Coryloideae	Corylus		100.0	8	98.00	100				NO	NO	NO	Assigned
OTU_123	0	0	0	0	0	0	0	0	0	0	3	0	0	0	0	0	ASV1104	CLASS	Tracheophyta	Magnoliopsida						100.0	95	99.43	100	Rosaceae	Rubus	Rubus fruticosus agg.	NO	NO	NO	Assigned
OTU_124	0	0	0	0	0	0	0	0	0	0	0	0	3	0	0	0	ASV1116	SUBFAMILY	Tracheophyta	Magnoliopsida	Boraginales	Boraginaceae	Cynoglossoideae			85.68	14	99.21	100	Boraginaceae	Amsinckia;Cryptantha;Myosotis	Amsinckia menziesii;Cryptantha parviflora;Myosotis secunda	NO	YES	YES	Assigned
OTU_125	0	0	0	0	0	0	0	0	0	0	0	0	0	0	3	0	ASV1123	GENUS	Tracheophyta	Magnoliopsida	Rosales	Rosaceae	Rosoideae	Rubus		100.0	100	99.02	100	Rosaceae	Rubus	Rubus aciodonthus;Rubus adulans;Rubus allegheniensis;Rubus arrheniiformis;Rubus bertramii;Rubus braeuckeriformis;Rubus calotemnus;Rubus campaniensis;Rubus canadensis;Rubus caninitergi;Rubus cochinchinensis;Rubus dasyphyllus;Rubus dejonghii;Rubus divaricatus;Rubus edeesii;Rubus eglandulosus;Rubus eifeliensis;Rubus euryanthemus;Rubus flagelliflorus;Rubus flexuosus;Rubus foliosus;Rubus frederici;Rubus gelertii;Rubus gloriosus;Rubus guestphalicus;Rubus hastiferus;Rubus henrici-weberi;Rubus hypomalacus;Rubus insectifolius;Rubus integribasis;Rubus iuvenis;Rubus langei;Rubus lasiandrus;Rubus latiarcuatus;Rubus leucandrus;Rubus lindebergii;Rubus muenteri;Rubus nemoralis;Rubus nitidiformis;Rubus opacus;Rubus oreades;Rubus plicatus;Rubus poliothyrsus;Rubus polyanthemus;Rubus praticolor;Rubus psilops;Rubus pugiunculosus;Rubus radula;Rubus raduloides;Rubus rubercadaver;Rubus rufescens;Rubus schlechtendalii;Rubus sciocharis;Rubus scissoides;Rubus senticosus;Rubus tubanticus;Rubus vulgaris	NO	NO	YES	Assigned
OTU_126	0	0	0	0	0	0	0	0	0	0	0	0	0	0	0	3	ASV1125	CLASS	Tracheophyta	Magnoliopsida						99.21	94	99.23	100	Viburnaceae	Adoxa	Adoxa moschatellina	NO	NO	NO	Assigned
OTU_127	2	0	0	0	0	0	0	0	0	0	0	0	0	0	0	0	ASV1137	GENUS	Tracheophyta	Magnoliopsida	Rosales	Rosaceae	Rosoideae	Rubus		100.0	100	100.00	100	Rosaceae	Rubus	Rubus aciodonthus;Rubus adspersus;Rubus amisiensis;Rubus arrheniiformis;Rubus bovinus;Rubus braeuckeriformis;Rubus campaniensis;Rubus canescens;Rubus chloocladus;Rubus cochinchinensis;Rubus dasyphyllus;Rubus deweveri;Rubus divaricatus;Rubus eglandulosus;Rubus eifeliensis;Rubus elegantispinosus;Rubus favillatus;Rubus flagellaris;Rubus frederici;Rubus fruticosus agg.;Rubus genevieri;Rubus gloriosus;Rubus hispidus;Rubus insectifolius;Rubus iuvenis;Rubus langei;Rubus lasiandrus;Rubus leucandrus;Rubus longior;Rubus montanus;Rubus mucronipetalus;Rubus neanias;Rubus nelliae;Rubus nemoripatens;Rubus nitidiformis;Rubus opacus;Rubus paludosus;Rubus passionis;Rubus planus;Rubus plicatus;Rubus poliothyrsus;Rubus praticolor;Rubus psilops;Rubus pugiunculosus;Rubus radula;Rubus raduloides;Rubus rubercadaver;Rubus rufescens;Rubus schlechtendalii;Rubus sciocharis;Rubus sp. Glandulosi MS-2014b;Rubus sp. MS-2014a;Rubus sp. MS-2014i;Rubus sp. MS-2014k;Rubus spina-curva;Rubus splendidus;Rubus sprengelii;Rubus stereacanthos;Rubus tubanticus;Rubus ulmifolius;Rubus ursinus;Rubus urticifolius;Rubus vulgaris;Rubus winteri	NO	NO	YES	Assigned
OTU_128	0	0	2	0	0	0	0	0	0	0	0	0	0	0	0	0	ASV1146	Unassigned									0		0				NO	NO	NO	Unassigned
OTU_129	0	0	0	0	0	2	0	0	0	0	0	0	0	0	0	0	ASV1154	SUBFAMILY	Tracheophyta	Magnoliopsida	Rosales	Rosaceae	Rosoideae			95.07	73	100.00	100	Orobanchaceae;Rosaceae	Castilleja;Rubus	Castilleja unalaschcensis;Rubus coreanus;Rubus fruticosus agg.;Rubus ichangensis;Rubus idaeus;Rubus lambertianus;Rubus parviflorus;Rubus pubescens;Rubus pungens var. indefensus;Rubus saxatilis;Rubus sumatranus	YES	YES	YES	Assigned
OTU_130	0	0	0	0	0	2	0	0	0	0	0	0	0	0	0	0	ASV1160	CLASS	Tracheophyta	Magnoliopsida						100.0	73	99.31	100	Oxalidaceae	Oxalis	Oxalis acetosella	NO	NO	NO	Assigned
OTU_131	0	0	0	0	0	0	2	0	0	0	0	0	0	0	0	0	ASV1178	Unassigned									0		0				NO	NO	NO	Unassigned
OTU_132	0	0	0	0	0	0	0	0	2	0	0	0	0	0	0	0	ASV1206	SUBFAMILY	Tracheophyta	Magnoliopsida	Fagales	Betulaceae	Coryloideae			79.71	60	100.00	100	Betulaceae	Corylus	Corylus heterophylla;Corylus sieboldiana	NO	NO	YES	Low-confidence
OTU_133	0	0	0	0	0	0	0	0	0	0	2	0	0	0	0	0	ASV1215	SUBFAMILY	Tracheophyta	Magnoliopsida	Rosales	Rosaceae	Rosoideae			88.82	80	100.00	100	Apiaceae	Aegopodium	Aegopodium podagraria	NO	NO	NO	Assigned
OTU_134	0	0	0	0	0	0	0	0	0	0	0	0	0	2	0	0	ASV1233	Unassigned									0		0				NO	NO	NO	Unassigned
OTU_135	0	0	0	0	0	0	0	0	0	0	0	0	0	2	0	0	ASV1234	Unassigned									0		0				NO	NO	NO	Unassigned
OTU_136	0	0	0	0	0	0	0	0	0	0	0	0	0	2	0	0	ASV1235	Unassigned									0		0				NO	NO	NO	Unassigned
OTU_137	0	0	0	0	0	0	0	0	0	0	0	0	0	2	0	0	ASV1237	Unassigned									0		0				NO	NO	NO	Unassigned
OTU_138	0	0	0	0	0	0	0	0	0	0	0	0	0	2	0	0	ASV1238	Unassigned									0		0				NO	NO	NO	Unassigned
OTU_139	0	0	0	0	0	0	0	0	0	0	0	0	0	2	0	0	ASV1240	Unassigned									0		0				NO	NO	NO	Unassigned
OTU_140	0	0	0	0	0	0	0	0	0	0	0	0	0	2	0	0	ASV1241	Unassigned									0		0				NO	NO	NO	Unassigned
OTU_141	0	0	0	0	0	0	0	0	0	0	0	0	0	0	2	0	ASV1242	Unassigned									0	80.11	11	Fabaceae	Crotalaria	Crotalaria juncea	NO	NO	NO	Unassigned
OTU_142	0	0	0	0	0	0	0	0	0	0	0	0	0	0	2	0	ASV1245	Unassigned									0		0				NO	NO	NO	Unassigned
OTU_143	0	0	0	0	0	0	0	0	0	0	0	0	0	0	2	0	ASV1252	Unassigned									0		0				NO	NO	NO	Unassigned
OTU_144	0	0	0	0	0	0	0	0	0	0	0	0	0	0	2	0	ASV1256	Unassigned									0	85.00	100		Jaagichlorella	Jaagichlorella geometrica	NO	NO	NO	Unassigned
OTU_145	0	0	0	0	0	0	0	0	0	0	0	0	0	0	2	0	ASV1257	CLASS	Tracheophyta	Magnoliopsida						99.61	95	100.00	100	Betulaceae	Corylus	Corylus colurna	NO	NO	NO	Assigned
OTU_146	0	0	0	0	0	0	0	0	0	0	0	0	0	0	0	2	ASV1261	FAMILY	Tracheophyta	Magnoliopsida	Fagales	Fagaceae				90.05	19	98.86	100				NO	NO	NO	Assigned
