ASV,LME1634,LME1635,LME1636,LME1637,LME1646,LME1652,LME1656,LME1663,LME1668,LME1670,LME1679,LME1689,LME1692,LME1695,LME1698,LME1701,LME1702,LME1705,LME1708,LME1714
ASV1,0,0,0,0,0,0,0,0,0,12996,0,0,0,0,0,0,0,0,0,0
ASV10,0,0,0,0,0,0,0,0,0,0,0,0,6151,0,0,0,0,0,0,0
ASV102,0,0,0,0,0,0,0,284,0,0,0,0,0,0,0,0,0,0,0,0
ASV103,0,0,0,0,0,0,0,0,0,0,0,0,0,0,0,0,0,280,0,0
ASV104,0,0,271,0,0,0,0,0,0,0,0,0,0,0,0,0,0,0,0,0
ASV106,0,0,267,0,0,0,0,0,0,0,0,0,0,0,0,0,0,0,0,0
ASV107,0,0,0,262,0,0,0,0,0,0,0,0,0,0,0,0,0,0,0,0
ASV11,0,6049,0,0,0,0,0,0,0,0,0,0,0,0,0,0,0,0,0,0
ASV110,0,0,0,0,0,0,0,255,0,0,0,0,0,0,0,0,0,0,0,0
ASV111,0,0,0,0,0,0,0,0,0,0,0,0,0,0,0,0,0,252,0,0
ASV112,0,0,0,0,0,0,0,0,0,0,249,0,0,0,0,0,0,0,0,0
ASV115,0,240,0,0,0,0,0,0,0,0,0,0,0,0,0,0,0,0,0,0
ASV116,0,0,0,0,0,0,0,0,0,0,0,0,0,0,0,0,0,239,0,0
ASV117,0,0,0,0,0,0,0,0,0,0,237,0,0,0,0,0,0,0,0,0
ASV118,0,0,0,0,0,0,236,0,0,0,0,0,0,0,0,0,0,0,0,0
ASV119,0,0,0,0,0,0,0,0,0,0,0,0,0,0,0,0,230,0,0,0
ASV12,5709,0,0,0,0,0,0,0,0,0,0,0,0,0,0,0,0,0,0,0
ASV120,0,0,0,0,0,0,0,0,0,221,0,0,0,0,0,0,0,0,0,0
ASV121,0,0,211,0,0,0,0,0,0,0,0,0,0,0,0,0,0,0,0,0
ASV122,0,0,0,0,0,0,0,0,0,0,0,0,0,0,0,0,0,0,211,0
ASV123,0,0,0,0,0,0,0,0,0,0,0,0,0,0,0,0,0,0,0,210
ASV124,0,0,0,0,0,0,0,0,0,0,0,0,0,0,0,0,0,0,208,0
ASV126,0,0,0,0,0,0,198,0,0,0,0,0,0,0,0,0,0,0,0,0
ASV127,0,0,0,0,0,196,0,0,0,0,0,0,0,0,0,0,0,0,0,0
ASV129,0,0,0,187,0,0,0,0,0,0,0,0,0,0,0,0,0,0,0,0
ASV13,0,0,0,0,0,0,0,0,5679,0,0,0,0,0,0,0,0,0,0,0
ASV130,0,0,0,0,0,0,0,0,0,0,0,0,0,185,0,0,0,0,0,0
ASV131,0,0,0,0,0,0,0,0,0,0,0,0,0,0,0,183,0,0,0,0
ASV132,0,0,182,0,0,0,0,0,0,0,0,0,0,0,0,0,0,0,0,0
ASV133,0,0,0,0,0,0,0,0,0,0,0,0,182,0,0,0,0,0,0,0
ASV134,0,181,0,0,0,0,0,0,0,0,0,0,0,0,0,0,0,0,0,0
ASV135,0,0,0,0,0,0,0,0,0,180,0,0,0,0,0,0,0,0,0,0
ASV136,0,0,0,0,0,0,177,0,0,0,0,0,0,0,0,0,0,0,0,0
ASV137,0,0,0,0,0,0,0,0,175,0,0,0,0,0,0,0,0,0,0,0
ASV138,0,0,0,0,0,0,0,174,0,0,0,0,0,0,0,0,0,0,0,0
ASV14,0,0,0,0,0,0,0,0,5374,0,0,0,0,0,0,0,0,0,0,0
ASV140,0,0,0,0,0,0,0,0,0,0,0,0,0,0,0,0,0,167,0,0
ASV141,0,0,0,0,0,0,0,0,0,166,0,0,0,0,0,0,0,0,0,0
ASV142,0,0,0,0,0,0,0,165,0,0,0,0,0,0,0,0,0,0,0,0
ASV143,0,0,0,0,163,0,0,0,0,0,0,0,0,0,0,0,0,0,0,0
ASV144,0,0,0,0,0,0,0,0,0,0,0,0,159,0,0,0,0,0,0,0
ASV145,0,0,0,0,0,0,0,0,158,0,0,0,0,0,0,0,0,0,0,0
ASV146,0,0,0,0,0,0,0,0,0,0,0,0,0,0,0,156,0,0,0,0
ASV147,0,0,0,0,0,0,153,0,0,0,0,0,0,0,0,0,0,0,0,0
ASV148,0,0,0,0,0,0,153,0,0,0,0,0,0,0,0,0,0,0,0,0
ASV149,0,0,0,0,0,0,0,0,0,0,0,0,0,150,0,0,0,0,0,0
ASV15,0,5004,0,0,0,0,0,0,0,0,0,0,0,0,0,0,0,0,0,0
ASV150,0,0,0,0,0,0,0,0,0,0,0,0,0,150,0,0,0,0,0,0
ASV151,0,148,0,0,0,0,0,0,0,0,0,0,0,0,0,0,0,0,0,0
ASV152,0,0,0,0,0,0,146,0,0,0,0,0,0,0,0,0,0,0,0,0
ASV153,0,0,0,0,0,145,0,0,0,0,0,0,0,0,0,0,0,0,0,0
ASV154,0,0,0,0,0,0,0,0,0,0,0,0,0,0,0,0,0,0,143,0
ASV157,0,0,0,0,0,0,0,0,0,0,0,0,0,0,0,0,0,0,0,138
ASV159,0,0,0,0,0,0,0,127,0,0,0,0,0,0,0,0,0,0,0,0
ASV16,0,0,0,4864,0,0,0,0,0,0,0,0,0,0,0,0,0,0,0,0
ASV161,0,0,0,124,0,0,0,0,0,0,0,0,0,0,0,0,0,0,0,0
ASV162,0,0,0,0,0,0,0,0,0,0,0,0,0,124,0,0,0,0,0,0
ASV163,0,0,0,0,0,0,0,0,0,0,0,0,0,123,0,0,0,0,0,0
ASV164,0,0,0,0,0,0,0,0,0,0,122,0,0,0,0,0,0,0,0,0
ASV165,0,0,0,0,0,0,0,0,0,0,121,0,0,0,0,0,0,0,0,0
ASV166,0,0,0,0,0,0,0,120,0,0,0,0,0,0,0,0,0,0,0,0
ASV167,0,0,0,0,0,0,0,0,0,0,120,0,0,0,0,0,0,0,0,0
ASV168,0,0,0,118,0,0,0,0,0,0,0,0,0,0,0,0,0,0,0,0
ASV17,0,0,0,0,0,0,4587,0,0,0,0,0,0,0,0,0,0,0,0,0
ASV170,0,115,0,0,0,0,0,0,0,0,0,0,0,0,0,0,0,0,0,0
ASV171,0,0,0,0,0,0,0,0,0,0,0,115,0,0,0,0,0,0,0,0
ASV172,0,0,0,0,0,0,0,0,113,0,0,0,0,0,0,0,0,0,0,0
ASV173,112,0,0,0,0,0,0,0,0,0,0,0,0,0,0,0,0,0,0,0
ASV174,0,0,0,0,0,0,112,0,0,0,0,0,0,0,0,0,0,0,0,0
ASV175,0,0,0,110,0,0,0,0,0,0,0,0,0,0,0,0,0,0,0,0
ASV176,0,0,0,0,110,0,0,0,0,0,0,0,0,0,0,0,0,0,0,0
ASV177,0,0,0,0,110,0,0,0,0,0,0,0,0,0,0,0,0,0,0,0
ASV178,0,0,0,0,0,0,0,0,0,0,0,108,0,0,0,0,0,0,0,0
ASV18,4481,0,0,0,0,0,0,0,0,0,0,0,0,0,0,0,0,0,0,0
ASV180,0,0,0,0,0,0,0,0,0,0,0,107,0,0,0,0,0,0,0,0
ASV181,0,0,0,0,0,103,0,0,0,0,0,0,0,0,0,0,0,0,0,0
ASV182,0,0,0,0,0,0,0,0,0,0,0,0,0,0,0,0,103,0,0,0
ASV183,0,0,0,0,0,0,0,0,101,0,0,0,0,0,0,0,0,0,0,0
ASV184,0,0,0,0,0,0,0,0,0,0,101,0,0,0,0,0,0,0,0,0
ASV185,0,0,0,0,0,0,0,0,0,0,0,0,0,0,98,0,0,0,0,0
ASV186,0,0,0,0,0,0,0,0,0,0,0,0,0,0,0,0,0,0,0,96
ASV187,0,0,0,0,0,0,0,0,0,95,0,0,0,0,0,0,0,0,0,0
ASV188,0,0,0,0,0,0,0,0,0,0,0,0,0,0,0,0,0,0,0,92
ASV189,0,0,0,0,0,0,0,91,0,0,0,0,0,0,0,0,0,0,0,0
ASV19,0,0,0,0,0,0,0,0,0,0,0,0,0,0,0,0,0,0,0,4416
ASV191,0,0,0,0,0,0,0,0,0,0,0,90,0,0,0,0,0,0,0,0
ASV193,0,0,0,0,0,0,0,0,0,0,0,0,0,0,0,87,0,0,0,0
ASV196,0,0,0,0,0,0,0,0,0,0,0,0,84,0,0,0,0,0,0,0
ASV197,0,83,0,0,0,0,0,0,0,0,0,0,0,0,0,0,0,0,0,0
ASV198,0,0,0,0,0,0,0,0,0,81,0,0,0,0,0,0,0,0,0,0
ASV199,0,0,0,0,0,0,0,0,0,81,0,0,0,0,0,0,0,0,0,0
ASV2,0,0,0,0,0,0,0,0,0,0,0,0,0,0,11211,0,0,0,0,0
ASV20,0,0,0,0,0,0,0,0,0,0,0,4251,0,0,0,0,0,0,0,0
ASV202,0,0,0,0,0,0,0,0,78,0,0,0,0,0,0,0,0,0,0,0
ASV203,0,0,0,0,0,0,0,0,0,78,0,0,0,0,0,0,0,0,0,0
ASV206,0,0,0,0,0,0,0,0,0,0,0,0,0,0,0,77,0,0,0,0
ASV207,0,0,0,0,0,0,75,0,0,0,0,0,0,0,0,0,0,0,0,0
ASV208,0,73,0,0,0,0,0,0,0,0,0,0,0,0,0,0,0,0,0,0
ASV209,0,0,0,0,0,0,0,0,0,0,0,0,0,0,73,0,0,0,0,0
ASV21,0,0,0,3732,0,0,0,0,0,0,0,0,0,0,0,0,0,0,0,0
ASV210,0,0,0,0,0,0,0,0,0,0,0,0,0,0,73,0,0,0,0,0
ASV211,72,0,0,0,0,0,0,0,0,0,0,0,0,0,0,0,0,0,0,0
ASV212,0,0,0,0,0,0,0,0,0,0,0,0,72,0,0,0,0,0,0,0
ASV214,71,0,0,0,0,0,0,0,0,0,0,0,0,0,0,0,0,0,0,0
ASV215,0,0,0,0,0,0,0,0,0,71,0,0,0,0,0,0,0,0,0,0
ASV216,0,0,0,0,0,0,0,0,0,0,0,0,0,70,0,0,0,0,0,0
ASV217,0,0,0,0,0,0,0,0,0,0,0,0,0,0,0,0,70,0,0,0
ASV218,0,0,0,0,0,0,0,0,0,0,0,0,0,69,0,0,0,0,0,0
ASV219,0,0,0,0,0,0,0,0,68,0,0,0,0,0,0,0,0,0,0,0
ASV22,0,0,0,0,0,0,3653,0,0,0,0,0,0,0,0,0,0,0,0,0
ASV220,0,0,0,0,0,0,0,67,0,0,0,0,0,0,0,0,0,0,0,0
ASV221,0,0,0,0,65,0,0,0,0,0,0,0,0,0,0,0,0,0,0,0
ASV222,64,0,0,0,0,0,0,0,0,0,0,0,0,0,0,0,0,0,0,0
ASV223,0,0,0,0,0,0,64,0,0,0,0,0,0,0,0,0,0,0,0,0
ASV224,0,0,0,0,0,0,0,0,0,0,0,0,0,0,0,0,64,0,0,0
ASV225,0,0,0,0,0,0,0,0,63,0,0,0,0,0,0,0,0,0,0,0
ASV228,0,59,0,0,0,0,0,0,0,0,0,0,0,0,0,0,0,0,0,0
ASV229,0,0,0,0,0,0,0,0,0,0,0,0,58,0,0,0,0,0,0,0
ASV23,0,0,0,0,2773,0,0,0,0,0,0,0,0,0,0,0,0,0,0,0
ASV231,0,0,0,0,0,0,56,0,0,0,0,0,0,0,0,0,0,0,0,0
ASV233,0,0,0,0,0,0,55,0,0,0,0,0,0,0,0,0,0,0,0,0
ASV234,0,54,0,0,0,0,0,0,0,0,0,0,0,0,0,0,0,0,0,0
ASV235,0,0,0,54,0,0,0,0,0,0,0,0,0,0,0,0,0,0,0,0
ASV236,0,0,0,0,53,0,0,0,0,0,0,0,0,0,0,0,0,0,0,0
ASV239,0,0,0,0,0,0,0,0,0,51,0,0,0,0,0,0,0,0,0,0
ASV24,0,0,0,0,0,0,0,2503,0,0,0,0,0,0,0,0,0,0,0,0
ASV241,0,0,0,0,0,0,0,0,0,0,0,0,0,0,0,0,0,0,0,51
ASV242,0,0,0,0,0,50,0,0,0,0,0,0,0,0,0,0,0,0,0,0
ASV243,0,0,0,0,0,0,0,0,0,0,0,0,50,0,0,0,0,0,0,0
ASV245,0,0,0,0,0,0,0,49,0,0,0,0,0,0,0,0,0,0,0,0
ASV246,0,0,0,0,0,0,0,0,49,0,0,0,0,0,0,0,0,0,0,0
ASV247,0,0,0,0,0,48,0,0,0,0,0,0,0,0,0,0,0,0,0,0
ASV248,0,0,0,0,0,0,0,48,0,0,0,0,0,0,0,0,0,0,0,0
ASV249,0,0,0,0,0,0,0,0,0,0,0,0,48,0,0,0,0,0,0,0
ASV25,0,0,0,0,0,0,0,0,0,0,0,0,0,2381,0,0,0,0,0,0
ASV250,0,0,0,0,0,47,0,0,0,0,0,0,0,0,0,0,0,0,0,0
ASV251,0,0,0,0,0,0,0,0,0,0,0,0,0,0,0,0,47,0,0,0
ASV252,0,0,0,0,0,0,46,0,0,0,0,0,0,0,0,0,0,0,0,0
ASV253,45,0,0,0,0,0,0,0,0,0,0,0,0,0,0,0,0,0,0,0
ASV254,0,0,0,0,0,0,0,45,0,0,0,0,0,0,0,0,0,0,0,0
ASV256,0,0,0,0,0,0,0,0,45,0,0,0,0,0,0,0,0,0,0,0
ASV257,0,0,0,0,0,0,0,0,0,0,0,0,0,45,0,0,0,0,0,0
ASV259,0,0,0,0,0,0,44,0,0,0,0,0,0,0,0,0,0,0,0,0
ASV26,0,0,0,0,0,0,0,0,0,0,2284,0,0,0,0,0,0,0,0,0
ASV260,0,0,0,0,0,0,0,0,0,0,0,44,0,0,0,0,0,0,0,0
ASV261,0,0,0,0,0,43,0,0,0,0,0,0,0,0,0,0,0,0,0,0
ASV263,0,0,0,0,0,0,0,0,0,42,0,0,0,0,0,0,0,0,0,0
ASV264,0,0,0,41,0,0,0,0,0,0,0,0,0,0,0,0,0,0,0,0
ASV265,0,0,0,0,0,0,0,0,0,0,0,0,0,0,0,0,40,0,0,0
ASV266,0,39,0,0,0,0,0,0,0,0,0,0,0,0,0,0,0,0,0,0
ASV267,0,0,0,0,39,0,0,0,0,0,0,0,0,0,0,0,0,0,0,0
ASV268,0,0,0,0,0,0,0,0,0,0,0,0,0,0,0,0,39,0,0,0
ASV269,0,0,0,0,0,38,0,0,0,0,0,0,0,0,0,0,0,0,0,0
ASV27,0,0,0,0,0,0,0,1987,0,0,0,0,0,0,0,0,0,0,0,0
ASV270,0,0,0,0,0,0,0,0,0,0,0,0,38,0,0,0,0,0,0,0
ASV271,0,0,0,0,0,0,0,0,0,0,0,0,0,0,0,0,38,0,0,0
ASV272,0,0,0,0,0,0,0,0,0,0,0,0,37,0,0,0,0,0,0,0
ASV273,0,0,0,0,0,0,0,0,0,0,0,0,0,0,37,0,0,0,0,0
ASV274,36,0,0,0,0,0,0,0,0,0,0,0,0,0,0,0,0,0,0,0
ASV275,0,0,0,0,0,0,0,0,0,0,0,0,0,0,0,0,0,36,0,0
ASV276,0,0,0,0,0,0,0,0,0,0,0,0,0,35,0,0,0,0,0,0
ASV277,0,0,0,0,34,0,0,0,0,0,0,0,0,0,0,0,0,0,0,0
ASV278,0,0,0,0,0,0,0,0,34,0,0,0,0,0,0,0,0,0,0,0
ASV279,0,0,0,0,0,0,0,0,0,0,0,0,0,34,0,0,0,0,0,0
ASV28,0,0,0,0,0,0,0,0,0,0,1959,0,0,0,0,0,0,0,0,0
ASV281,0,0,0,0,0,0,33,0,0,0,0,0,0,0,0,0,0,0,0,0
ASV282,0,0,0,0,0,0,0,0,33,0,0,0,0,0,0,0,0,0,0,0
ASV284,0,0,0,0,0,0,0,0,33,0,0,0,0,0,0,0,0,0,0,0
ASV286,0,0,0,0,0,0,0,0,0,0,0,0,0,33,0,0,0,0,0,0
ASV287,0,0,0,0,0,0,0,32,0,0,0,0,0,0,0,0,0,0,0,0
ASV288,0,0,0,0,0,0,0,0,0,32,0,0,0,0,0,0,0,0,0,0
ASV289,0,0,0,0,0,0,0,0,0,0,0,0,0,32,0,0,0,0,0,0
ASV29,0,0,0,0,0,0,0,0,1909,0,0,0,0,0,0,0,0,0,0,0
ASV290,0,0,0,0,0,0,0,31,0,0,0,0,0,0,0,0,0,0,0,0
ASV291,0,0,0,0,0,0,0,0,0,0,0,0,0,0,0,0,0,0,31,0
ASV292,0,30,0,0,0,0,0,0,0,0,0,0,0,0,0,0,0,0,0,0
ASV293,0,0,0,30,0,0,0,0,0,0,0,0,0,0,0,0,0,0,0,0
ASV294,0,0,0,0,0,0,30,0,0,0,0,0,0,0,0,0,0,0,0,0
ASV295,0,0,0,0,0,0,0,0,30,0,0,0,0,0,0,0,0,0,0,0
ASV297,0,0,0,0,0,0,0,0,0,0,0,0,0,0,29,0,0,0,0,0
ASV298,0,0,0,0,0,0,0,28,0,0,0,0,0,0,0,0,0,0,0,0
ASV299,0,0,0,0,0,0,0,0,28,0,0,0,0,0,0,0,0,0,0,0
ASV3,0,0,0,0,0,0,0,0,0,0,0,0,0,0,0,0,0,10877,0,0
ASV30,0,0,0,0,0,0,0,0,0,0,1884,0,0,0,0,0,0,0,0,0
ASV300,0,0,0,0,0,0,0,0,0,0,0,0,0,0,0,0,0,0,0,28
ASV301,0,27,0,0,0,0,0,0,0,0,0,0,0,0,0,0,0,0,0,0
ASV302,0,0,0,0,0,0,0,25,0,0,0,0,0,0,0,0,0,0,0,0
ASV303,0,0,0,0,0,0,0,0,25,0,0,0,0,0,0,0,0,0,0,0
ASV304,0,0,0,0,0,0,0,0,0,0,0,0,25,0,0,0,0,0,0,0
ASV306,24,0,0,0,0,0,0,0,0,0,0,0,0,0,0,0,0,0,0,0
ASV307,0,0,0,0,0,24,0,0,0,0,0,0,0,0,0,0,0,0,0,0
ASV309,0,0,0,0,0,0,0,0,0,0,0,0,0,0,23,0,0,0,0,0
ASV31,0,0,0,0,0,0,0,0,0,0,0,0,0,0,0,0,0,0,1872,0
ASV310,0,0,0,0,0,0,0,0,0,22,0,0,0,0,0,0,0,0,0,0
ASV311,0,0,0,0,0,0,0,0,0,0,0,0,0,0,22,0,0,0,0,0
ASV312,0,0,0,0,0,0,21,0,0,0,0,0,0,0,0,0,0,0,0,0
ASV313,0,0,0,0,0,0,21,0,0,0,0,0,0,0,0,0,0,0,0,0
ASV314,0,0,0,0,0,0,0,0,21,0,0,0,0,0,0,0,0,0,0,0
ASV315,0,0,0,0,0,0,0,0,0,0,0,0,0,21,0,0,0,0,0,0
ASV316,0,0,0,0,0,0,0,0,0,0,0,0,0,0,0,0,0,0,21,0
ASV317,0,0,0,0,20,0,0,0,0,0,0,0,0,0,0,0,0,0,0,0
ASV318,0,0,0,0,0,0,0,20,0,0,0,0,0,0,0,0,0,0,0,0
ASV319,0,0,0,0,0,0,0,20,0,0,0,0,0,0,0,0,0,0,0,0
ASV32,0,0,1805,0,0,0,0,0,0,0,0,0,0,0,0,0,0,0,0,0
ASV320,0,0,0,0,0,0,0,0,0,0,0,0,18,0,0,0,0,0,0,0
ASV321,0,0,0,0,0,0,0,0,0,0,0,0,0,0,18,0,0,0,0,0
ASV322,0,0,0,0,0,0,0,0,17,0,0,0,0,0,0,0,0,0,0,0
ASV323,0,0,0,0,0,0,0,0,0,0,0,0,0,0,0,0,0,0,17,0
ASV324,0,16,0,0,0,0,0,0,0,0,0,0,0,0,0,0,0,0,0,0
ASV325,0,0,0,0,0,16,0,0,0,0,0,0,0,0,0,0,0,0,0,0
ASV326,0,0,0,0,0,0,0,0,16,0,0,0,0,0,0,0,0,0,0,0
ASV327,0,0,0,0,0,0,0,0,16,0,0,0,0,0,0,0,0,0,0,0
ASV329,0,0,0,0,0,0,0,15,0,0,0,0,0,0,0,0,0,0,0,0
ASV33,22,210,171,84,0,0,1011,99,96,14,11,0,0,0,0,32,0,0,37,0
ASV330,0,0,0,0,0,0,0,15,0,0,0,0,0,0,0,0,0,0,0,0
ASV331,0,0,0,0,0,0,0,0,0,0,0,0,0,0,0,15,0,0,0,0
ASV333,0,0,0,0,0,0,0,0,14,0,0,0,0,0,0,0,0,0,0,0
ASV334,0,0,0,0,0,0,0,0,13,0,0,0,0,0,0,0,0,0,0,0
ASV335,0,0,0,0,0,0,0,0,0,0,0,0,0,0,13,0,0,0,0,0
ASV336,12,0,0,0,0,0,0,0,0,0,0,0,0,0,0,0,0,0,0,0
ASV337,0,0,0,0,0,0,12,0,0,0,0,0,0,0,0,0,0,0,0,0
ASV338,0,0,0,0,0,0,0,0,12,0,0,0,0,0,0,0,0,0,0,0
ASV339,0,0,0,0,0,0,0,0,0,12,0,0,0,0,0,0,0,0,0,0
ASV34,0,0,0,0,0,0,0,0,0,0,0,0,0,0,0,0,0,0,1745,0
ASV340,0,0,0,0,0,0,11,0,0,0,0,0,0,0,0,0,0,0,0,0
ASV341,0,0,0,0,0,0,0,0,0,0,0,0,0,11,0,0,0,0,0,0
ASV342,0,0,0,0,0,0,0,0,0,0,0,0,0,0,0,11,0,0,0,0
ASV343,10,0,0,0,0,0,0,0,0,0,0,0,0,0,0,0,0,0,0,0
ASV344,0,0,0,0,0,0,0,0,0,0,0,0,0,10,0,0,0,0,0,0
ASV345,0,0,0,0,0,0,0,0,0,0,0,0,0,10,0,0,0,0,0,0
ASV346,0,0,0,0,0,0,0,0,0,0,0,0,0,0,0,10,0,0,0,0
ASV347,0,0,0,0,0,0,0,0,0,0,0,0,0,0,0,0,10,0,0,0
ASV35,0,0,0,0,0,0,0,0,0,0,1683,0,0,0,0,0,0,0,0,0
ASV350,0,0,0,0,0,0,0,0,9,0,0,0,0,0,0,0,0,0,0,0
ASV351,0,0,0,0,0,0,0,0,0,9,0,0,0,0,0,0,0,0,0,0
ASV352,0,0,0,0,0,0,0,0,0,0,0,0,0,0,0,0,0,9,0,0
ASV353,0,0,0,0,0,8,0,0,0,0,0,0,0,0,0,0,0,0,0,0
ASV354,0,0,0,0,0,8,0,0,0,0,0,0,0,0,0,0,0,0,0,0
ASV355,0,0,0,0,0,0,0,0,0,0,0,0,0,8,0,0,0,0,0,0
ASV356,0,0,0,0,0,0,0,0,0,0,0,0,7,0,0,0,0,0,0,0
ASV357,0,0,0,0,0,0,0,0,0,0,0,0,0,0,0,0,7,0,0,0
ASV358,0,0,0,0,0,0,0,0,0,0,0,0,0,0,0,0,0,7,0,0
ASV359,0,0,0,0,0,0,0,6,0,0,0,0,0,0,0,0,0,0,0,0
ASV36,0,0,0,0,0,0,0,0,0,0,0,0,0,0,0,0,0,0,1515,0
ASV360,0,0,0,0,0,0,0,0,0,0,0,6,0,0,0,0,0,0,0,0
ASV361,0,0,0,0,0,0,4,0,0,0,0,0,0,0,0,0,0,0,0,0
ASV362,0,0,0,0,0,0,4,0,0,0,0,0,0,0,0,0,0,0,0,0
ASV363,0,0,0,0,0,0,0,0,0,0,0,0,0,0,0,0,0,4,0,0
ASV364,0,0,0,0,0,0,3,0,0,0,0,0,0,0,0,0,0,0,0,0
ASV365,2,0,0,0,0,0,0,0,0,0,0,0,0,0,0,0,0,0,0,0
ASV366,0,0,0,0,0,0,2,0,0,0,0,0,0,0,0,0,0,0,0,0
ASV367,0,0,0,0,0,0,0,0,2,0,0,0,0,0,0,0,0,0,0,0
ASV368,0,0,0,0,0,0,0,0,0,0,0,0,0,0,0,0,0,0,0,2
ASV37,0,0,0,0,0,0,0,0,1498,0,0,0,0,0,0,0,0,0,0,0
ASV39,0,0,0,0,0,0,0,0,0,0,0,0,1392,0,0,0,0,0,0,0
ASV4,0,0,0,0,0,0,0,0,0,0,0,0,0,0,0,10830,0,0,0,0
ASV40,0,0,1361,0,0,0,0,0,0,0,0,0,0,0,0,0,0,0,0,0
ASV41,0,0,0,0,0,0,0,0,0,1288,0,0,0,0,0,0,0,0,0,0
ASV42,0,0,1259,0,0,0,0,0,0,0,0,0,0,0,0,0,0,0,0,0
ASV43,0,0,0,0,0,0,0,0,0,0,1198,0,0,0,0,0,0,0,0,0
ASV44,0,0,0,0,0,0,0,0,0,0,0,0,0,0,0,1194,0,0,0,0
ASV45,0,0,0,0,0,0,0,0,0,0,0,0,1128,0,0,0,0,0,0,0
ASV46,0,0,0,0,0,0,0,0,1119,0,0,0,0,0,0,0,0,0,0,0
ASV47,0,0,0,0,0,0,0,0,0,0,0,1119,0,0,0,0,0,0,0,0
ASV48,0,0,0,0,0,0,0,0,0,0,0,0,0,0,0,0,0,0,1038,0
ASV49,0,0,1033,0,0,0,0,0,0,0,0,0,0,0,0,0,0,0,0,0
ASV5,0,0,0,0,10562,0,0,0,0,0,0,0,0,0,0,0,0,0,0,0
ASV51,0,0,0,0,0,959,0,0,0,0,0,0,0,0,0,0,0,0,0,0
ASV52,0,0,0,0,0,0,0,0,0,0,0,0,0,885,0,0,0,0,0,0
ASV53,0,0,0,0,0,0,0,0,0,0,0,0,0,0,0,0,864,0,0,0
ASV54,0,0,0,0,0,0,0,0,0,0,0,0,0,0,0,0,0,0,861,0
ASV55,0,0,61,0,0,0,124,0,77,0,0,0,0,525,0,0,0,0,0,0
ASV56,0,0,774,0,0,0,0,0,0,0,0,0,0,0,0,0,0,0,0,0
ASV57,0,0,0,0,0,0,0,717,0,0,0,0,0,0,0,0,0,0,0,0
ASV58,705,0,0,0,0,0,0,0,0,0,0,0,0,0,0,0,0,0,0,0
ASV59,698,0,0,0,0,0,0,0,0,0,0,0,0,0,0,0,0,0,0,0
ASV6,0,0,0,0,0,9494,0,0,0,0,0,0,0,0,0,0,0,0,0,0
ASV60,0,0,0,0,693,0,0,0,0,0,0,0,0,0,0,0,0,0,0,0
ASV61,0,0,0,0,0,682,0,0,0,0,0,0,0,0,0,0,0,0,0,0
ASV63,0,0,0,0,0,0,642,0,0,0,0,0,0,0,0,0,0,0,0,0
ASV64,0,0,0,0,0,0,0,0,0,0,0,0,0,0,620,0,0,0,0,0
ASV65,0,0,0,0,0,0,0,0,0,615,0,0,0,0,0,0,0,0,0,0
ASV67,0,0,0,0,0,0,0,0,0,0,0,0,0,0,0,0,606,0,0,0
ASV68,0,0,0,0,0,0,0,0,0,0,0,0,0,0,0,0,586,0,0,0
ASV69,0,0,581,0,0,0,0,0,0,0,0,0,0,0,0,0,0,0,0,0
ASV7,0,0,0,0,0,0,0,0,0,0,0,0,0,0,0,0,8727,0,0,0
ASV72,0,0,0,0,551,0,0,0,0,0,0,0,0,0,0,0,0,0,0,0
ASV75,0,0,0,0,0,0,0,0,0,0,0,0,0,0,0,0,0,0,0,523
ASV76,0,0,0,0,0,0,0,0,0,0,0,0,0,0,0,0,511,0,0,0
ASV77,0,0,0,0,0,0,0,0,0,0,0,0,0,0,0,0,0,496,0,0
ASV78,0,0,0,0,0,0,0,0,0,482,0,0,0,0,0,0,0,0,0,0
ASV79,0,0,0,0,0,0,475,0,0,0,0,0,0,0,0,0,0,0,0,0
ASV8,0,0,0,0,0,0,0,8081,0,0,0,0,0,0,0,0,0,0,0,0
ASV80,0,0,0,0,0,0,0,0,0,0,0,0,0,0,0,0,0,0,464,0
ASV81,0,0,0,0,0,0,0,0,0,0,0,0,0,0,0,433,0,0,0,0
ASV82,0,0,0,0,0,0,0,429,0,0,0,0,0,0,0,0,0,0,0,0
ASV83,0,0,0,0,0,0,404,0,0,0,0,0,0,0,0,0,0,0,0,0
ASV84,0,0,0,0,0,0,0,0,0,0,0,0,0,399,0,0,0,0,0,0
ASV85,0,0,0,0,0,0,0,0,0,0,0,0,398,0,0,0,0,0,0,0
ASV86,0,0,0,0,365,0,0,0,0,0,0,0,0,0,0,0,0,0,0,0
ASV87,0,0,0,0,0,0,0,0,0,0,0,0,0,352,0,0,0,0,0,0
ASV89,0,0,0,342,0,0,0,0,0,0,0,0,0,0,0,0,0,0,0,0
ASV9,0,0,0,0,0,0,0,0,0,0,0,0,0,7732,0,0,0,0,0,0
ASV90,0,0,0,0,0,0,0,0,0,0,0,0,0,0,0,0,0,0,340,0
ASV91,0,0,0,0,0,0,329,0,0,0,0,0,0,0,0,0,0,0,0,0
ASV92,0,0,0,0,0,0,0,0,0,0,0,0,0,0,0,0,0,0,329,0
ASV93,0,0,204,105,0,0,18,0,0,0,0,0,0,0,0,0,0,0,0,0
ASV94,0,0,0,0,0,0,0,322,0,0,0,0,0,0,0,0,0,0,0,0
ASV95,0,0,0,0,0,0,0,0,0,0,0,0,0,321,0,0,0,0,0,0
ASV96,0,0,0,0,0,0,0,0,0,0,0,0,315,0,0,0,0,0,0,0
ASV97,0,0,0,0,0,0,0,0,0,0,0,0,0,0,0,0,0,0,0,312
ASV98,0,0,0,0,0,0,0,300,0,0,0,0,0,0,0,0,0,0,0,0
ASV99,0,0,0,0,0,0,0,0,299,0,0,0,0,0,0,0,0,0,0,0
