ASV,Strand,Kingdom,Kingdom_confidence,Phylum,Phylum_confidence,Class,Class_confidence,Order,Order_confidence,Family,Family_confidence,Genus,Genus_confidence,Species,Species_confidence,Accepted_rank,Accepted_confidence,Raw_SINTAX,Accepted_SINTAX
ASV103,+,Eukaryota,1.0,Streptophyta,1.0,Magnoliopsida,1.0,Lamiales,0.99,Lamiaceae,0.99,,0.43,,0.43,Family,0.99,"k:Eukaryota(1.00),p:Streptophyta(1.00),c:Magnoliopsida(1.00),o:Lamiales(0.99),f:Lamiaceae(0.99),g:Otostegia(0.43),s:Otostegia_fruticosa(0.43)","k:Eukaryota,p:Streptophyta,c:Magnoliopsida,o:Lamiales,f:Lamiaceae"
ASV115,-,Eukaryota,1.0,Streptophyta,1.0,Magnoliopsida,1.0,,0.48,,0.48,,0.12,,,Class,1.0,"k:Eukaryota(1.00),p:Streptophyta(1.00),c:Magnoliopsida(1.00),o:Rosales(0.48),f:Rosaceae(0.48),g:Spiraea(0.12)","k:Eukaryota,p:Streptophyta,c:Magnoliopsida"
ASV11,+,Eukaryota,1.0,Streptophyta,1.0,Magnoliopsida,1.0,Rosales,0.81,Rosaceae,0.8,,0.26,,,Family,0.8,"k:Eukaryota(1.00),p:Streptophyta(1.00),c:Magnoliopsida(1.00),o:Rosales(0.81),f:Rosaceae(0.80),g:Rosa(0.26)","k:Eukaryota,p:Streptophyta,c:Magnoliopsida,o:Rosales,f:Rosaceae"
ASV112,+,Eukaryota,1.0,Streptophyta,1.0,Magnoliopsida,1.0,,0.65,,0.65,,,,,Class,1.0,"k:Eukaryota(1.00),p:Streptophyta(1.00),c:Magnoliopsida(1.00),o:Rosales(0.65),f:Rosaceae(0.65)","k:Eukaryota,p:Streptophyta,c:Magnoliopsida"
ASV107,+,Eukaryota,1.0,Streptophyta,1.0,Magnoliopsida,1.0,,0.18,,0.12,,0.12,,,Class,1.0,"k:Eukaryota(1.00),p:Streptophyta(1.00),c:Magnoliopsida(1.00),o:Ericales(0.18),f:Styracaceae(0.12),g:Bruinsmia(0.12)","k:Eukaryota,p:Streptophyta,c:Magnoliopsida"
ASV12,+,Eukaryota,1.0,Streptophyta,1.0,Magnoliopsida,1.0,,0.68,,0.5,,0.41,,0.21,Class,1.0,"k:Eukaryota(1.00),p:Streptophyta(1.00),c:Magnoliopsida(1.00),o:Fagales(0.68),f:Betulaceae(0.50),g:Corylus(0.41),s:Corylus_heterophylla(0.21)","k:Eukaryota,p:Streptophyta,c:Magnoliopsida"
ASV104,+,Eukaryota,1.0,Streptophyta,1.0,Magnoliopsida,1.0,,0.38,,0.27,,0.17,,0.08,Class,1.0,"k:Eukaryota(1.00),p:Streptophyta(1.00),c:Magnoliopsida(1.00),o:Apiales(0.38),f:Araliaceae(0.27),g:Hydrocotyle(0.17),s:Hydrocotyle_novae-zealandiae(0.08)","k:Eukaryota,p:Streptophyta,c:Magnoliopsida"
ASV116,+,Eukaryota,1.0,Streptophyta,1.0,Magnoliopsida,1.0,,0.14,,0.08,,0.08,,,Class,1.0,"k:Eukaryota(1.00),p:Streptophyta(1.00),c:Magnoliopsida(1.00),o:Ericales(0.14),f:Styracaceae(0.08),g:Bruinsmia(0.08)","k:Eukaryota,p:Streptophyta,c:Magnoliopsida"
ASV120,+,Eukaryota,1.0,Streptophyta,1.0,Magnoliopsida,1.0,Ericales,0.82,,0.77,,0.38,,0.37,Order,0.82,"k:Eukaryota(1.00),p:Streptophyta(1.00),c:Magnoliopsida(1.00),o:Ericales(0.82),f:Primulaceae(0.77),g:Cyclamen(0.38),s:Cyclamen_purpurascens(0.37)","k:Eukaryota,p:Streptophyta,c:Magnoliopsida,o:Ericales"
ASV106,+,Eukaryota,1.0,Streptophyta,1.0,Magnoliopsida,1.0,,0.14,,0.09,,0.09,,,Class,1.0,"k:Eukaryota(1.00),p:Streptophyta(1.00),c:Magnoliopsida(1.00),o:Ericales(0.14),f:Styracaceae(0.09),g:Bruinsmia(0.09)","k:Eukaryota,p:Streptophyta,c:Magnoliopsida"
ASV117,+,Eukaryota,1.0,Streptophyta,1.0,Magnoliopsida,1.0,,0.16,,0.08,,0.06,,0.05,Class,1.0,"k:Eukaryota(1.00),p:Streptophyta(1.00),c:Magnoliopsida(1.00),o:Lamiales(0.16),f:Plantaginaceae(0.08),g:Aragoa(0.06),s:Aragoa_x_funzana(0.05)","k:Eukaryota,p:Streptophyta,c:Magnoliopsida"
ASV110,+,Eukaryota,1.0,Streptophyta,1.0,Magnoliopsida,1.0,,0.6,,0.6,,0.21,,0.21,Class,1.0,"k:Eukaryota(1.00),p:Streptophyta(1.00),c:Magnoliopsida(1.00),o:Boraginales(0.60),f:Boraginaceae(0.60),g:Omphalodes(0.21),s:Omphalodes_verna(0.21)","k:Eukaryota,p:Streptophyta,c:Magnoliopsida"
ASV1,+,Eukaryota,1.0,Streptophyta,1.0,Magnoliopsida,1.0,,0.74,,0.68,,0.2,,,Class,1.0,"k:Eukaryota(1.00),p:Streptophyta(1.00),c:Magnoliopsida(1.00),o:Rosales(0.74),f:Rosaceae(0.68),g:Rosa(0.20)","k:Eukaryota,p:Streptophyta,c:Magnoliopsida"
ASV10,+,Eukaryota,1.0,Streptophyta,1.0,Magnoliopsida,1.0,,0.76,,0.74,,0.21,,,Class,1.0,"k:Eukaryota(1.00),p:Streptophyta(1.00),c:Magnoliopsida(1.00),o:Rosales(0.76),f:Rosaceae(0.74),g:Rosa(0.21)","k:Eukaryota,p:Streptophyta,c:Magnoliopsida"
ASV111,+,Eukaryota,1.0,Streptophyta,1.0,Magnoliopsida,1.0,,0.67,,0.51,,0.46,,0.27,Class,1.0,"k:Eukaryota(1.00),p:Streptophyta(1.00),c:Magnoliopsida(1.00),o:Fagales(0.67),f:Betulaceae(0.51),g:Corylus(0.46),s:Corylus_heterophylla(0.27)","k:Eukaryota,p:Streptophyta,c:Magnoliopsida"
ASV102,+,Eukaryota,1.0,Streptophyta,1.0,Magnoliopsida,1.0,,0.55,,0.44,,0.32,,,Class,1.0,"k:Eukaryota(1.00),p:Streptophyta(1.00),c:Magnoliopsida(1.00),o:Malpighiales(0.55),f:Euphorbiaceae(0.44),g:Euphorbia(0.32)","k:Eukaryota,p:Streptophyta,c:Magnoliopsida"
ASV121,+,Eukaryota,1.0,Streptophyta,1.0,Magnoliopsida,1.0,,0.67,,0.47,,0.4,,0.21,Class,1.0,"k:Eukaryota(1.00),p:Streptophyta(1.00),c:Magnoliopsida(1.00),o:Fagales(0.67),f:Betulaceae(0.47),g:Corylus(0.40),s:Corylus_heterophylla(0.21)","k:Eukaryota,p:Streptophyta,c:Magnoliopsida"
ASV118,+,Eukaryota,1.0,Streptophyta,1.0,Magnoliopsida,1.0,Poales,1.0,Juncaceae,1.0,Luzula,1.0,,,Genus,1.0,"k:Eukaryota(1.00),p:Streptophyta(1.00),c:Magnoliopsida(1.00),o:Poales(1.00),f:Juncaceae(1.00),g:Luzula(1.00)","k:Eukaryota,p:Streptophyta,c:Magnoliopsida,o:Poales,f:Juncaceae,g:Luzula"
ASV122,+,Eukaryota,1.0,Streptophyta,1.0,Magnoliopsida,1.0,Asparagales,0.93,Iridaceae,0.89,,0.25,,0.25,Family,0.89,"k:Eukaryota(1.00),p:Streptophyta(1.00),c:Magnoliopsida(1.00),o:Asparagales(0.93),f:Iridaceae(0.89),g:Melasphaerula(0.25),s:Melasphaerula_ramosa(0.25)","k:Eukaryota,p:Streptophyta,c:Magnoliopsida,o:Asparagales,f:Iridaceae"
ASV119,+,Eukaryota,1.0,Streptophyta,1.0,Magnoliopsida,1.0,,0.4,,0.28,,0.17,,0.08,Class,1.0,"k:Eukaryota(1.00),p:Streptophyta(1.00),c:Magnoliopsida(1.00),o:Apiales(0.40),f:Araliaceae(0.28),g:Hydrocotyle(0.17),s:Hydrocotyle_novae-zealandiae(0.08)","k:Eukaryota,p:Streptophyta,c:Magnoliopsida"
ASV127,+,Eukaryota,1.0,Streptophyta,1.0,Pinopsida,1.0,Pinales,1.0,Pinaceae,1.0,Abies,0.98,,,Genus,0.98,"k:Eukaryota(1.00),p:Streptophyta(1.00),c:Pinopsida(1.00),o:Pinales(1.00),f:Pinaceae(1.00),g:Abies(0.98)","k:Eukaryota,p:Streptophyta,c:Pinopsida,o:Pinales,f:Pinaceae,g:Abies"
ASV124,+,Eukaryota,1.0,Streptophyta,1.0,Magnoliopsida,1.0,,0.63,,0.63,,0.2,,0.2,Class,1.0,"k:Eukaryota(1.00),p:Streptophyta(1.00),c:Magnoliopsida(1.00),o:Boraginales(0.63),f:Boraginaceae(0.63),g:Omphalodes(0.20),s:Omphalodes_verna(0.20)","k:Eukaryota,p:Streptophyta,c:Magnoliopsida"
ASV126,+,Eukaryota,1.0,Streptophyta,1.0,Magnoliopsida,1.0,Malpighiales,0.89,Violaceae,0.89,Viola,0.87,,0.22,Genus,0.87,"k:Eukaryota(1.00),p:Streptophyta(1.00),c:Magnoliopsida(1.00),o:Malpighiales(0.89),f:Violaceae(0.89),g:Viola(0.87),s:Viola_hirta(0.22)","k:Eukaryota,p:Streptophyta,c:Magnoliopsida,o:Malpighiales,f:Violaceae,g:Viola"
ASV123,+,Eukaryota,1.0,Streptophyta,1.0,Magnoliopsida,1.0,,0.59,,0.57,,0.23,,0.18,Class,1.0,"k:Eukaryota(1.00),p:Streptophyta(1.00),c:Magnoliopsida(1.00),o:Rosales(0.59),f:Rosaceae(0.57),g:Agrimonia(0.23),s:Agrimonia_pilosa(0.18)","k:Eukaryota,p:Streptophyta,c:Magnoliopsida"
ASV132,+,Eukaryota,1.0,Streptophyta,1.0,Magnoliopsida,1.0,Lamiales,1.0,Lamiaceae,0.99,,0.37,,0.37,Family,0.99,"k:Eukaryota(1.00),p:Streptophyta(1.00),c:Magnoliopsida(1.00),o:Lamiales(1.00),f:Lamiaceae(0.99),g:Otostegia(0.37),s:Otostegia_fruticosa(0.37)","k:Eukaryota,p:Streptophyta,c:Magnoliopsida,o:Lamiales,f:Lamiaceae"
ASV13,+,Eukaryota,1.0,Streptophyta,1.0,Magnoliopsida,1.0,,0.78,,0.75,,0.25,,,Class,1.0,"k:Eukaryota(1.00),p:Streptophyta(1.00),c:Magnoliopsida(1.00),o:Rosales(0.78),f:Rosaceae(0.75),g:Rosa(0.25)","k:Eukaryota,p:Streptophyta,c:Magnoliopsida"
ASV129,+,Eukaryota,1.0,Streptophyta,1.0,Magnoliopsida,1.0,,0.16,,0.16,,0.08,,0.05,Class,1.0,"k:Eukaryota(1.00),p:Streptophyta(1.00),c:Magnoliopsida(1.00),o:Fabales(0.16),f:Fabaceae(0.16),g:Erythrostemon(0.08),s:Erythrostemon_fimbriatus(0.05)","k:Eukaryota,p:Streptophyta,c:Magnoliopsida"
ASV133,+,Eukaryota,1.0,Streptophyta,1.0,Magnoliopsida,1.0,,0.76,,0.75,,0.41,,0.4,Class,1.0,"k:Eukaryota(1.00),p:Streptophyta(1.00),c:Magnoliopsida(1.00),o:Ericales(0.76),f:Primulaceae(0.75),g:Cyclamen(0.41),s:Cyclamen_purpurascens(0.40)","k:Eukaryota,p:Streptophyta,c:Magnoliopsida"
ASV135,+,Eukaryota,1.0,Streptophyta,1.0,Pinopsida,1.0,Pinales,1.0,Pinaceae,1.0,Abies,0.99,,,Genus,0.99,"k:Eukaryota(1.00),p:Streptophyta(1.00),c:Pinopsida(1.00),o:Pinales(1.00),f:Pinaceae(1.00),g:Abies(0.99)","k:Eukaryota,p:Streptophyta,c:Pinopsida,o:Pinales,f:Pinaceae,g:Abies"
ASV138,+,Eukaryota,1.0,Streptophyta,1.0,Pinopsida,1.0,Pinales,1.0,Pinaceae,1.0,Abies,0.99,,,Genus,0.99,"k:Eukaryota(1.00),p:Streptophyta(1.00),c:Pinopsida(1.00),o:Pinales(1.00),f:Pinaceae(1.00),g:Abies(0.99)","k:Eukaryota,p:Streptophyta,c:Pinopsida,o:Pinales,f:Pinaceae,g:Abies"
ASV136,+,Eukaryota,1.0,Streptophyta,1.0,Magnoliopsida,1.0,Ericales,0.83,Primulaceae,0.81,,0.49,,0.47,Family,0.81,"k:Eukaryota(1.00),p:Streptophyta(1.00),c:Magnoliopsida(1.00),o:Ericales(0.83),f:Primulaceae(0.81),g:Cyclamen(0.49),s:Cyclamen_purpurascens(0.47)","k:Eukaryota,p:Streptophyta,c:Magnoliopsida,o:Ericales,f:Primulaceae"
ASV137,+,Eukaryota,1.0,Streptophyta,1.0,Magnoliopsida,1.0,Malpighiales,0.83,Violaceae,0.81,,0.78,,0.16,Family,0.81,"k:Eukaryota(1.00),p:Streptophyta(1.00),c:Magnoliopsida(1.00),o:Malpighiales(0.83),f:Violaceae(0.81),g:Viola(0.78),s:Viola_hirta(0.16)","k:Eukaryota,p:Streptophyta,c:Magnoliopsida,o:Malpighiales,f:Violaceae"
ASV14,+,Eukaryota,1.0,Streptophyta,1.0,Magnoliopsida,1.0,,0.63,,0.61,,0.12,,0.09,Class,1.0,"k:Eukaryota(1.00),p:Streptophyta(1.00),c:Magnoliopsida(1.00),o:Rosales(0.63),f:Rosaceae(0.61),g:Rubus(0.12),s:Rubus_sp._MS-2022a_(sect._Cuneifolii)(0.09)","k:Eukaryota,p:Streptophyta,c:Magnoliopsida"
ASV134,+,Eukaryota,1.0,Streptophyta,1.0,Magnoliopsida,1.0,,0.18,,0.13,,0.13,,,Class,1.0,"k:Eukaryota(1.00),p:Streptophyta(1.00),c:Magnoliopsida(1.00),o:Ericales(0.18),f:Styracaceae(0.13),g:Bruinsmia(0.13)","k:Eukaryota,p:Streptophyta,c:Magnoliopsida"
ASV141,+,Eukaryota,1.0,Streptophyta,1.0,Magnoliopsida,1.0,Malpighiales,0.85,Violaceae,0.82,,0.78,,0.18,Family,0.82,"k:Eukaryota(1.00),p:Streptophyta(1.00),c:Magnoliopsida(1.00),o:Malpighiales(0.85),f:Violaceae(0.82),g:Viola(0.78),s:Viola_hirta(0.18)","k:Eukaryota,p:Streptophyta,c:Magnoliopsida,o:Malpighiales,f:Violaceae"
ASV140,-,Eukaryota,1.0,Streptophyta,1.0,Magnoliopsida,1.0,,0.75,,0.58,,0.58,,0.3,Class,1.0,"k:Eukaryota(1.00),p:Streptophyta(1.00),c:Magnoliopsida(1.00),o:Malpighiales(0.75),f:Violaceae(0.58),g:Viola(0.58),s:Viola_biflora(0.30)","k:Eukaryota,p:Streptophyta,c:Magnoliopsida"
ASV142,+,Eukaryota,1.0,Streptophyta,1.0,Magnoliopsida,1.0,,0.61,,0.59,,0.19,,,Class,1.0,"k:Eukaryota(1.00),p:Streptophyta(1.00),c:Magnoliopsida(1.00),o:Rosales(0.61),f:Rosaceae(0.59),g:Potentilla(0.19)","k:Eukaryota,p:Streptophyta,c:Magnoliopsida"
ASV131,-,Eukaryota,1.0,Streptophyta,1.0,Magnoliopsida,1.0,,0.55,,0.54,,0.45,,,Class,1.0,"k:Eukaryota(1.00),p:Streptophyta(1.00),c:Magnoliopsida(1.00),o:Ericales(0.55),f:Primulaceae(0.54),g:Cyclamen(0.45)","k:Eukaryota,p:Streptophyta,c:Magnoliopsida"
ASV130,+,Eukaryota,1.0,Streptophyta,1.0,Magnoliopsida,1.0,,0.44,,0.4,,0.4,,0.31,Class,1.0,"k:Eukaryota(1.00),p:Streptophyta(1.00),c:Magnoliopsida(1.00),o:Piperales(0.44),f:Asaraceae(0.40),g:Asarum(0.40),s:Asarum_lewisii(0.31)","k:Eukaryota,p:Streptophyta,c:Magnoliopsida"
ASV144,+,Eukaryota,1.0,Streptophyta,1.0,Magnoliopsida,1.0,Malpighiales,0.82,Violaceae,0.81,Viola,0.8,,0.23,Genus,0.8,"k:Eukaryota(1.00),p:Streptophyta(1.00),c:Magnoliopsida(1.00),o:Malpighiales(0.82),f:Violaceae(0.81),g:Viola(0.80),s:Viola_hirta(0.23)","k:Eukaryota,p:Streptophyta,c:Magnoliopsida,o:Malpighiales,f:Violaceae,g:Viola"
ASV146,-,Eukaryota,1.0,Streptophyta,1.0,Magnoliopsida,1.0,,0.7,,0.54,,0.54,,0.3,Class,1.0,"k:Eukaryota(1.00),p:Streptophyta(1.00),c:Magnoliopsida(1.00),o:Malpighiales(0.70),f:Violaceae(0.54),g:Viola(0.54),s:Viola_sempervirens(0.30)","k:Eukaryota,p:Streptophyta,c:Magnoliopsida"
ASV145,+,Eukaryota,1.0,Streptophyta,1.0,Magnoliopsida,1.0,,0.6,,0.6,,0.16,,0.16,Class,1.0,"k:Eukaryota(1.00),p:Streptophyta(1.00),c:Magnoliopsida(1.00),o:Boraginales(0.60),f:Boraginaceae(0.60),g:Omphalodes(0.16),s:Omphalodes_verna(0.16)","k:Eukaryota,p:Streptophyta,c:Magnoliopsida"
ASV143,+,Eukaryota,1.0,Streptophyta,1.0,Magnoliopsida,1.0,,0.17,,0.08,,0.08,,,Class,1.0,"k:Eukaryota(1.00),p:Streptophyta(1.00),c:Magnoliopsida(1.00),o:Ericales(0.17),f:Styracaceae(0.08),g:Bruinsmia(0.08)","k:Eukaryota,p:Streptophyta,c:Magnoliopsida"
ASV148,+,Eukaryota,1.0,Streptophyta,1.0,Magnoliopsida,1.0,Malpighiales,0.93,Hypericaceae,0.92,Hypericum,0.92,,0.24,Genus,0.92,"k:Eukaryota(1.00),p:Streptophyta(1.00),c:Magnoliopsida(1.00),o:Malpighiales(0.93),f:Hypericaceae(0.92),g:Hypericum(0.92),s:Hypericum_tosaense(0.24)","k:Eukaryota,p:Streptophyta,c:Magnoliopsida,o:Malpighiales,f:Hypericaceae,g:Hypericum"
ASV149,+,Eukaryota,1.0,Streptophyta,1.0,Magnoliopsida,1.0,,0.35,,0.31,,0.2,,0.11,Class,1.0,"k:Eukaryota(1.00),p:Streptophyta(1.00),c:Magnoliopsida(1.00),o:Apiales(0.35),f:Araliaceae(0.31),g:Hydrocotyle(0.20),s:Hydrocotyle_novae-zealandiae(0.11)","k:Eukaryota,p:Streptophyta,c:Magnoliopsida"
ASV15,+,Eukaryota,1.0,Streptophyta,1.0,Magnoliopsida,1.0,,0.48,,0.39,,0.35,,0.22,Class,1.0,"k:Eukaryota(1.00),p:Streptophyta(1.00),c:Magnoliopsida(1.00),o:Fagales(0.48),f:Betulaceae(0.39),g:Corylus(0.35),s:Corylus_heterophylla(0.22)","k:Eukaryota,p:Streptophyta,c:Magnoliopsida"
ASV147,-,Eukaryota,1.0,Streptophyta,1.0,Magnoliopsida,1.0,Dipsacales,0.83,Caprifoliaceae,0.83,,0.78,,,Family,0.83,"k:Eukaryota(1.00),p:Streptophyta(1.00),c:Magnoliopsida(1.00),o:Dipsacales(0.83),f:Caprifoliaceae(0.83),g:Scabiosa(0.78)","k:Eukaryota,p:Streptophyta,c:Magnoliopsida,o:Dipsacales,f:Caprifoliaceae"
ASV153,+,Eukaryota,1.0,Streptophyta,1.0,Magnoliopsida,1.0,Malpighiales,0.87,Violaceae,0.86,,0.79,,0.18,Family,0.86,"k:Eukaryota(1.00),p:Streptophyta(1.00),c:Magnoliopsida(1.00),o:Malpighiales(0.87),f:Violaceae(0.86),g:Viola(0.79),s:Viola_hirta(0.18)","k:Eukaryota,p:Streptophyta,c:Magnoliopsida,o:Malpighiales,f:Violaceae"
ASV150,-,Eukaryota,1.0,Streptophyta,1.0,Magnoliopsida,1.0,,0.48,,0.44,,0.1,,,Class,1.0,"k:Eukaryota(1.00),p:Streptophyta(1.00),c:Magnoliopsida(1.00),o:Rosales(0.48),f:Rosaceae(0.44),g:Spiraea(0.10)","k:Eukaryota,p:Streptophyta,c:Magnoliopsida"
ASV152,+,Eukaryota,1.0,Streptophyta,1.0,Pinopsida,1.0,Pinales,0.98,Pinaceae,0.98,Picea,0.91,,,Genus,0.91,"k:Eukaryota(1.00),p:Streptophyta(1.00),c:Pinopsida(1.00),o:Pinales(0.98),f:Pinaceae(0.98),g:Picea(0.91)","k:Eukaryota,p:Streptophyta,c:Pinopsida,o:Pinales,f:Pinaceae,g:Picea"
ASV154,-,Eukaryota,1.0,Streptophyta,1.0,Magnoliopsida,1.0,Poales,0.98,Juncaceae,0.98,Luzula,0.98,Luzula acuminata,0.96,Species,0.96,"k:Eukaryota(1.00),p:Streptophyta(1.00),c:Magnoliopsida(1.00),o:Poales(0.98),f:Juncaceae(0.98),g:Luzula(0.98),s:Luzula_acuminata(0.96)","k:Eukaryota,p:Streptophyta,c:Magnoliopsida,o:Poales,f:Juncaceae,g:Luzula,s:Luzula_acuminata"
ASV159,+,Eukaryota,1.0,Streptophyta,1.0,Magnoliopsida,1.0,,0.67,,0.67,,0.62,,0.61,Class,1.0,"k:Eukaryota(1.00),p:Streptophyta(1.00),c:Magnoliopsida(1.00),o:Dipsacales(0.67),f:Caprifoliaceae(0.67),g:Scabiosa(0.62),s:Scabiosa_comosa(0.61)","k:Eukaryota,p:Streptophyta,c:Magnoliopsida"
ASV157,+,Eukaryota,1.0,Streptophyta,1.0,Magnoliopsida,1.0,,0.47,,0.47,,0.19,,0.19,Class,1.0,"k:Eukaryota(1.00),p:Streptophyta(1.00),c:Magnoliopsida(1.00),o:Boraginales(0.47),f:Boraginaceae(0.47),g:Omphalodes(0.19),s:Omphalodes_verna(0.19)","k:Eukaryota,p:Streptophyta,c:Magnoliopsida"
ASV162,+,Eukaryota,1.0,Streptophyta,1.0,Magnoliopsida,1.0,,0.39,,0.39,,0.39,,,Class,1.0,"k:Eukaryota(1.00),p:Streptophyta(1.00),c:Magnoliopsida(1.00),o:Oxalidales(0.39),f:Oxalidaceae(0.39),g:Oxalis(0.39)","k:Eukaryota,p:Streptophyta,c:Magnoliopsida"
ASV163,+,Eukaryota,1.0,Streptophyta,1.0,Magnoliopsida,1.0,,0.56,,0.41,,0.34,,0.23,Class,1.0,"k:Eukaryota(1.00),p:Streptophyta(1.00),c:Magnoliopsida(1.00),o:Fagales(0.56),f:Betulaceae(0.41),g:Corylus(0.34),s:Corylus_heterophylla(0.23)","k:Eukaryota,p:Streptophyta,c:Magnoliopsida"
ASV16,+,Eukaryota,1.0,Streptophyta,1.0,Magnoliopsida,1.0,,0.68,,0.5,,0.4,,0.25,Class,1.0,"k:Eukaryota(1.00),p:Streptophyta(1.00),c:Magnoliopsida(1.00),o:Fagales(0.68),f:Betulaceae(0.50),g:Corylus(0.40),s:Corylus_heterophylla(0.25)","k:Eukaryota,p:Streptophyta,c:Magnoliopsida"
ASV165,+,Eukaryota,1.0,Streptophyta,1.0,Magnoliopsida,1.0,,0.64,,0.64,,0.56,,0.56,Class,1.0,"k:Eukaryota(1.00),p:Streptophyta(1.00),c:Magnoliopsida(1.00),o:Dipsacales(0.64),f:Caprifoliaceae(0.64),g:Scabiosa(0.56),s:Scabiosa_comosa(0.56)","k:Eukaryota,p:Streptophyta,c:Magnoliopsida"
ASV166,+,Eukaryota,1.0,Streptophyta,1.0,Magnoliopsida,1.0,Ericales,0.86,Primulaceae,0.83,,0.49,,0.48,Family,0.83,"k:Eukaryota(1.00),p:Streptophyta(1.00),c:Magnoliopsida(1.00),o:Ericales(0.86),f:Primulaceae(0.83),g:Cyclamen(0.49),s:Cyclamen_purpurascens(0.48)","k:Eukaryota,p:Streptophyta,c:Magnoliopsida,o:Ericales,f:Primulaceae"
ASV167,+,Eukaryota,1.0,Streptophyta,1.0,Magnoliopsida,1.0,,0.79,,0.63,,0.42,,0.41,Class,1.0,"k:Eukaryota(1.00),p:Streptophyta(1.00),c:Magnoliopsida(1.00),o:Lamiales(0.79),f:Oleaceae(0.63),g:Jasminum(0.42),s:Jasminum_nervosum(0.41)","k:Eukaryota,p:Streptophyta,c:Magnoliopsida"
ASV170,+,Eukaryota,1.0,Streptophyta,1.0,Magnoliopsida,1.0,,0.65,,0.65,,0.56,,0.56,Class,1.0,"k:Eukaryota(1.00),p:Streptophyta(1.00),c:Magnoliopsida(1.00),o:Dipsacales(0.65),f:Caprifoliaceae(0.65),g:Scabiosa(0.56),s:Scabiosa_comosa(0.56)","k:Eukaryota,p:Streptophyta,c:Magnoliopsida"
ASV161,+,Eukaryota,1.0,Streptophyta,1.0,Magnoliopsida,1.0,,0.78,,0.78,,0.5,,,Class,1.0,"k:Eukaryota(1.00),p:Streptophyta(1.00),c:Magnoliopsida(1.00),o:Fagales(0.78),f:Fagaceae(0.78),g:Fagus(0.50)","k:Eukaryota,p:Streptophyta,c:Magnoliopsida"
ASV171,+,Eukaryota,1.0,Streptophyta,1.0,Magnoliopsida,0.99,,0.49,,0.49,,0.2,,0.2,Class,0.99,"k:Eukaryota(1.00),p:Streptophyta(1.00),c:Magnoliopsida(0.99),o:Boraginales(0.49),f:Boraginaceae(0.49),g:Omphalodes(0.20),s:Omphalodes_verna(0.20)","k:Eukaryota,p:Streptophyta,c:Magnoliopsida"
ASV151,+,Eukaryota,1.0,Streptophyta,1.0,Magnoliopsida,1.0,Lamiales,1.0,Lamiaceae,1.0,,0.33,,0.33,Family,1.0,"k:Eukaryota(1.00),p:Streptophyta(1.00),c:Magnoliopsida(1.00),o:Lamiales(1.00),f:Lamiaceae(1.00),g:Otostegia(0.33),s:Otostegia_fruticosa(0.33)","k:Eukaryota,p:Streptophyta,c:Magnoliopsida,o:Lamiales,f:Lamiaceae"
ASV174,+,Eukaryota,1.0,Streptophyta,1.0,Pinopsida,1.0,Pinales,0.99,Pinaceae,0.99,Abies,0.97,,,Genus,0.97,"k:Eukaryota(1.00),p:Streptophyta(1.00),c:Pinopsida(1.00),o:Pinales(0.99),f:Pinaceae(0.99),g:Abies(0.97)","k:Eukaryota,p:Streptophyta,c:Pinopsida,o:Pinales,f:Pinaceae,g:Abies"
ASV168,+,Eukaryota,1.0,Streptophyta,1.0,Magnoliopsida,1.0,,0.56,,0.48,,0.4,,0.24,Class,1.0,"k:Eukaryota(1.00),p:Streptophyta(1.00),c:Magnoliopsida(1.00),o:Fagales(0.56),f:Betulaceae(0.48),g:Corylus(0.40),s:Corylus_heterophylla(0.24)","k:Eukaryota,p:Streptophyta,c:Magnoliopsida"
ASV173,+,Eukaryota,1.0,Streptophyta,1.0,Magnoliopsida,1.0,,0.19,,0.15,,0.15,,,Class,1.0,"k:Eukaryota(1.00),p:Streptophyta(1.00),c:Magnoliopsida(1.00),o:Ericales(0.19),f:Styracaceae(0.15),g:Bruinsmia(0.15)","k:Eukaryota,p:Streptophyta,c:Magnoliopsida"
ASV172,-,Eukaryota,1.0,Streptophyta,1.0,Magnoliopsida,1.0,Poales,1.0,Juncaceae,1.0,Luzula,1.0,Luzula acuminata,0.97,Species,0.97,"k:Eukaryota(1.00),p:Streptophyta(1.00),c:Magnoliopsida(1.00),o:Poales(1.00),f:Juncaceae(1.00),g:Luzula(1.00),s:Luzula_acuminata(0.97)","k:Eukaryota,p:Streptophyta,c:Magnoliopsida,o:Poales,f:Juncaceae,g:Luzula,s:Luzula_acuminata"
ASV164,+,Eukaryota,1.0,Streptophyta,1.0,Magnoliopsida,1.0,,0.31,,0.28,,0.18,,,Class,1.0,"k:Eukaryota(1.00),p:Streptophyta(1.00),c:Magnoliopsida(1.00),o:Crossosomatales(0.31),f:Staphyleaceae(0.28),g:Staphylea(0.18)","k:Eukaryota,p:Streptophyta,c:Magnoliopsida"
ASV17,+,Eukaryota,1.0,Streptophyta,1.0,Magnoliopsida,1.0,Rosales,0.81,,0.78,,,,,Order,0.81,"k:Eukaryota(1.00),p:Streptophyta(1.00),c:Magnoliopsida(1.00),o:Rosales(0.81),f:Rosaceae(0.78)","k:Eukaryota,p:Streptophyta,c:Magnoliopsida,o:Rosales"
ASV175,+,Eukaryota,1.0,Streptophyta,1.0,Magnoliopsida,1.0,Lamiales,1.0,Lamiaceae,1.0,,0.34,,,Family,1.0,"k:Eukaryota(1.00),p:Streptophyta(1.00),c:Magnoliopsida(1.00),o:Lamiales(1.00),f:Lamiaceae(1.00),g:Phlomis(0.34)","k:Eukaryota,p:Streptophyta,c:Magnoliopsida,o:Lamiales,f:Lamiaceae"
ASV177,+,Eukaryota,1.0,Streptophyta,1.0,Pinopsida,0.99,Pinales,0.99,Pinaceae,0.99,Abies,0.99,,,Genus,0.99,"k:Eukaryota(1.00),p:Streptophyta(1.00),c:Pinopsida(0.99),o:Pinales(0.99),f:Pinaceae(0.99),g:Abies(0.99)","k:Eukaryota,p:Streptophyta,c:Pinopsida,o:Pinales,f:Pinaceae,g:Abies"
ASV18,+,Eukaryota,1.0,Streptophyta,1.0,Magnoliopsida,1.0,,0.76,,0.7,,0.23,,,Class,1.0,"k:Eukaryota(1.00),p:Streptophyta(1.00),c:Magnoliopsida(1.00),o:Rosales(0.76),f:Rosaceae(0.70),g:Rosa(0.23)","k:Eukaryota,p:Streptophyta,c:Magnoliopsida"
ASV176,+,Eukaryota,1.0,Streptophyta,1.0,Magnoliopsida,1.0,Lamiales,1.0,Lamiaceae,1.0,,0.45,,0.45,Family,1.0,"k:Eukaryota(1.00),p:Streptophyta(1.00),c:Magnoliopsida(1.00),o:Lamiales(1.00),f:Lamiaceae(1.00),g:Otostegia(0.45),s:Otostegia_fruticosa(0.45)","k:Eukaryota,p:Streptophyta,c:Magnoliopsida,o:Lamiales,f:Lamiaceae"
ASV182,+,Eukaryota,1.0,Streptophyta,1.0,Pinopsida,1.0,Pinales,1.0,Pinaceae,1.0,Abies,0.99,,,Genus,0.99,"k:Eukaryota(1.00),p:Streptophyta(1.00),c:Pinopsida(1.00),o:Pinales(1.00),f:Pinaceae(1.00),g:Abies(0.99)","k:Eukaryota,p:Streptophyta,c:Pinopsida,o:Pinales,f:Pinaceae,g:Abies"
ASV180,+,Eukaryota,1.0,Streptophyta,1.0,Magnoliopsida,1.0,,0.21,,0.15,,0.15,,,Class,1.0,"k:Eukaryota(1.00),p:Streptophyta(1.00),c:Magnoliopsida(1.00),o:Ericales(0.21),f:Styracaceae(0.15),g:Bruinsmia(0.15)","k:Eukaryota,p:Streptophyta,c:Magnoliopsida"
ASV178,+,Eukaryota,1.0,Streptophyta,1.0,Magnoliopsida,1.0,Malpighiales,0.85,Violaceae,0.82,Viola,0.81,,0.24,Genus,0.81,"k:Eukaryota(1.00),p:Streptophyta(1.00),c:Magnoliopsida(1.00),o:Malpighiales(0.85),f:Violaceae(0.82),g:Viola(0.81),s:Viola_hirta(0.24)","k:Eukaryota,p:Streptophyta,c:Magnoliopsida,o:Malpighiales,f:Violaceae,g:Viola"
ASV183,-,Eukaryota,1.0,Streptophyta,1.0,Magnoliopsida,1.0,,0.64,,0.64,,0.55,,,Class,1.0,"k:Eukaryota(1.00),p:Streptophyta(1.00),c:Magnoliopsida(1.00),o:Ericales(0.64),f:Primulaceae(0.64),g:Cyclamen(0.55)","k:Eukaryota,p:Streptophyta,c:Magnoliopsida"
ASV184,+,Eukaryota,1.0,Streptophyta,1.0,Magnoliopsida,1.0,Poales,0.8,,0.77,,0.75,,,Order,0.8,"k:Eukaryota(1.00),p:Streptophyta(1.00),c:Magnoliopsida(1.00),o:Poales(0.80),f:Juncaceae(0.77),g:Luzula(0.75)","k:Eukaryota,p:Streptophyta,c:Magnoliopsida,o:Poales"
ASV181,+,Eukaryota,1.0,Streptophyta,1.0,Pinopsida,1.0,Cupressales,1.0,Cupressaceae,1.0,,0.54,,0.49,Family,1.0,"k:Eukaryota(1.00),p:Streptophyta(1.00),c:Pinopsida(1.00),o:Cupressales(1.00),f:Cupressaceae(1.00),g:Cupressus(0.54),s:Cupressus_sempervirens(0.49)","k:Eukaryota,p:Streptophyta,c:Pinopsida,o:Cupressales,f:Cupressaceae"
ASV185,+,Eukaryota,1.0,Streptophyta,1.0,Magnoliopsida,1.0,Lamiales,0.99,Lamiaceae,0.99,,0.39,,,Family,0.99,"k:Eukaryota(1.00),p:Streptophyta(1.00),c:Magnoliopsida(1.00),o:Lamiales(0.99),f:Lamiaceae(0.99),g:Phlomis(0.39)","k:Eukaryota,p:Streptophyta,c:Magnoliopsida,o:Lamiales,f:Lamiaceae"
ASV187,+,Eukaryota,1.0,Streptophyta,1.0,Magnoliopsida,1.0,Ranunculales,0.99,Ranunculaceae,0.99,Clematis,0.96,,,Genus,0.96,"k:Eukaryota(1.00),p:Streptophyta(1.00),c:Magnoliopsida(1.00),o:Ranunculales(0.99),f:Ranunculaceae(0.99),g:Clematis(0.96)","k:Eukaryota,p:Streptophyta,c:Magnoliopsida,o:Ranunculales,f:Ranunculaceae,g:Clematis"
ASV189,-,Eukaryota,1.0,Streptophyta,1.0,Magnoliopsida,1.0,Poales,1.0,Juncaceae,1.0,Luzula,1.0,Luzula acuminata,0.97,Species,0.97,"k:Eukaryota(1.00),p:Streptophyta(1.00),c:Magnoliopsida(1.00),o:Poales(1.00),f:Juncaceae(1.00),g:Luzula(1.00),s:Luzula_acuminata(0.97)","k:Eukaryota,p:Streptophyta,c:Magnoliopsida,o:Poales,f:Juncaceae,g:Luzula,s:Luzula_acuminata"
ASV191,+,Eukaryota,1.0,Streptophyta,1.0,Magnoliopsida,1.0,Lamiales,1.0,Lamiaceae,1.0,,0.46,,0.46,Family,1.0,"k:Eukaryota(1.00),p:Streptophyta(1.00),c:Magnoliopsida(1.00),o:Lamiales(1.00),f:Lamiaceae(1.00),g:Otostegia(0.46),s:Otostegia_fruticosa(0.46)","k:Eukaryota,p:Streptophyta,c:Magnoliopsida,o:Lamiales,f:Lamiaceae"
ASV19,+,Eukaryota,1.0,Streptophyta,1.0,Magnoliopsida,1.0,,0.75,,0.73,,0.19,,,Class,1.0,"k:Eukaryota(1.00),p:Streptophyta(1.00),c:Magnoliopsida(1.00),o:Rosales(0.75),f:Rosaceae(0.73),g:Rosa(0.19)","k:Eukaryota,p:Streptophyta,c:Magnoliopsida"
ASV186,+,Eukaryota,1.0,Streptophyta,1.0,Magnoliopsida,1.0,Ericales,0.84,Primulaceae,0.84,,0.52,,0.49,Family,0.84,"k:Eukaryota(1.00),p:Streptophyta(1.00),c:Magnoliopsida(1.00),o:Ericales(0.84),f:Primulaceae(0.84),g:Cyclamen(0.52),s:Cyclamen_purpurascens(0.49)","k:Eukaryota,p:Streptophyta,c:Magnoliopsida,o:Ericales,f:Primulaceae"
ASV193,+,Eukaryota,1.0,Streptophyta,1.0,Pinopsida,1.0,Pinales,1.0,Pinaceae,1.0,Abies,0.99,,,Genus,0.99,"k:Eukaryota(1.00),p:Streptophyta(1.00),c:Pinopsida(1.00),o:Pinales(1.00),f:Pinaceae(1.00),g:Abies(0.99)","k:Eukaryota,p:Streptophyta,c:Pinopsida,o:Pinales,f:Pinaceae,g:Abies"
ASV2,+,Eukaryota,1.0,Streptophyta,1.0,Magnoliopsida,1.0,,0.68,,0.66,,0.16,,,Class,1.0,"k:Eukaryota(1.00),p:Streptophyta(1.00),c:Magnoliopsida(1.00),o:Rosales(0.68),f:Rosaceae(0.66),g:Potentilla(0.16)","k:Eukaryota,p:Streptophyta,c:Magnoliopsida"
ASV196,+,Eukaryota,1.0,Streptophyta,1.0,Magnoliopsida,1.0,,0.78,,0.78,,0.49,,,Class,1.0,"k:Eukaryota(1.00),p:Streptophyta(1.00),c:Magnoliopsida(1.00),o:Fagales(0.78),f:Fagaceae(0.78),g:Fagus(0.49)","k:Eukaryota,p:Streptophyta,c:Magnoliopsida"
ASV202,-,Eukaryota,1.0,Streptophyta,1.0,Magnoliopsida,1.0,,0.52,,0.51,,0.18,,,Class,1.0,"k:Eukaryota(1.00),p:Streptophyta(1.00),c:Magnoliopsida(1.00),o:Rosales(0.52),f:Rosaceae(0.51),g:Spiraea(0.18)","k:Eukaryota,p:Streptophyta,c:Magnoliopsida"
ASV203,+,Eukaryota,1.0,Streptophyta,1.0,Magnoliopsida,1.0,,0.42,,0.4,,0.4,,0.26,Class,1.0,"k:Eukaryota(1.00),p:Streptophyta(1.00),c:Magnoliopsida(1.00),o:Piperales(0.42),f:Asaraceae(0.40),g:Asarum(0.40),s:Asarum_lewisii(0.26)","k:Eukaryota,p:Streptophyta,c:Magnoliopsida"
ASV199,+,Eukaryota,1.0,Streptophyta,1.0,Magnoliopsida,1.0,,0.54,,0.54,,0.16,,0.15,Class,1.0,"k:Eukaryota(1.00),p:Streptophyta(1.00),c:Magnoliopsida(1.00),o:Boraginales(0.54),f:Boraginaceae(0.54),g:Omphalodes(0.16),s:Omphalodes_verna(0.15)","k:Eukaryota,p:Streptophyta,c:Magnoliopsida"
ASV207,+,Eukaryota,1.0,Streptophyta,1.0,Magnoliopsida,1.0,Poales,0.96,Poaceae,0.91,,,,,Family,0.91,"k:Eukaryota(1.00),p:Streptophyta(1.00),c:Magnoliopsida(1.00),o:Poales(0.96),f:Poaceae(0.91)","k:Eukaryota,p:Streptophyta,c:Magnoliopsida,o:Poales,f:Poaceae"
ASV208,+,Eukaryota,1.0,Streptophyta,1.0,Magnoliopsida,1.0,Fabales,0.91,Fabaceae,0.91,,0.35,,0.2,Family,0.91,"k:Eukaryota(1.00),p:Streptophyta(1.00),c:Magnoliopsida(1.00),o:Fabales(0.91),f:Fabaceae(0.91),g:Vicia(0.35),s:Vicia_pannonica(0.20)","k:Eukaryota,p:Streptophyta,c:Magnoliopsida,o:Fabales,f:Fabaceae"
ASV198,+,Eukaryota,1.0,Streptophyta,1.0,Magnoliopsida,1.0,,0.41,,0.29,,0.14,,0.1,Class,1.0,"k:Eukaryota(1.00),p:Streptophyta(1.00),c:Magnoliopsida(1.00),o:Apiales(0.41),f:Araliaceae(0.29),g:Hydrocotyle(0.14),s:Hydrocotyle_novae-zealandiae(0.10)","k:Eukaryota,p:Streptophyta,c:Magnoliopsida"
ASV21,+,Eukaryota,1.0,Streptophyta,1.0,Magnoliopsida,1.0,,0.73,,0.71,,0.19,,,Class,1.0,"k:Eukaryota(1.00),p:Streptophyta(1.00),c:Magnoliopsida(1.00),o:Rosales(0.73),f:Rosaceae(0.71),g:Rosa(0.19)","k:Eukaryota,p:Streptophyta,c:Magnoliopsida"
ASV210,-,Eukaryota,1.0,Streptophyta,1.0,Magnoliopsida,1.0,Poales,0.96,Juncaceae,0.96,Luzula,0.96,Luzula acuminata,0.93,Species,0.93,"k:Eukaryota(1.00),p:Streptophyta(1.00),c:Magnoliopsida(1.00),o:Poales(0.96),f:Juncaceae(0.96),g:Luzula(0.96),s:Luzula_acuminata(0.93)","k:Eukaryota,p:Streptophyta,c:Magnoliopsida,o:Poales,f:Juncaceae,g:Luzula,s:Luzula_acuminata"
ASV20,+,Eukaryota,1.0,Streptophyta,1.0,Magnoliopsida,1.0,Rosales,0.81,,0.76,,0.15,,0.1,Order,0.81,"k:Eukaryota(1.00),p:Streptophyta(1.00),c:Magnoliopsida(1.00),o:Rosales(0.81),f:Rosaceae(0.76),g:Rubus(0.15),s:Rubus_sp._MS-2022a_(sect._Cuneifolii)(0.10)","k:Eukaryota,p:Streptophyta,c:Magnoliopsida,o:Rosales"
ASV188,+,Eukaryota,1.0,Streptophyta,1.0,Magnoliopsida,1.0,Malpighiales,0.86,Violaceae,0.84,Viola,0.8,,0.19,Genus,0.8,"k:Eukaryota(1.00),p:Streptophyta(1.00),c:Magnoliopsida(1.00),o:Malpighiales(0.86),f:Violaceae(0.84),g:Viola(0.80),s:Viola_hirta(0.19)","k:Eukaryota,p:Streptophyta,c:Magnoliopsida,o:Malpighiales,f:Violaceae,g:Viola"
ASV206,+,Eukaryota,1.0,Streptophyta,1.0,Magnoliopsida,1.0,,0.41,,0.31,,0.23,,0.12,Class,1.0,"k:Eukaryota(1.00),p:Streptophyta(1.00),c:Magnoliopsida(1.00),o:Apiales(0.41),f:Araliaceae(0.31),g:Hydrocotyle(0.23),s:Hydrocotyle_novae-zealandiae(0.12)","k:Eukaryota,p:Streptophyta,c:Magnoliopsida"
ASV211,+,Eukaryota,1.0,Streptophyta,1.0,Magnoliopsida,1.0,,0.73,,0.67,,0.2,,0.2,Class,1.0,"k:Eukaryota(1.00),p:Streptophyta(1.00),c:Magnoliopsida(1.00),o:Rosales(0.73),f:Rosaceae(0.67),g:Crataegus(0.20),s:Crataegus_saligna(0.20)","k:Eukaryota,p:Streptophyta,c:Magnoliopsida"
ASV212,+,Eukaryota,1.0,Streptophyta,1.0,Magnoliopsida,1.0,,0.42,,0.35,,0.25,,0.11,Class,1.0,"k:Eukaryota(1.00),p:Streptophyta(1.00),c:Magnoliopsida(1.00),o:Apiales(0.42),f:Araliaceae(0.35),g:Hydrocotyle(0.25),s:Hydrocotyle_novae-zealandiae(0.11)","k:Eukaryota,p:Streptophyta,c:Magnoliopsida"
ASV209,+,Eukaryota,1.0,Streptophyta,1.0,Magnoliopsida,1.0,,0.64,,0.48,,0.43,,0.25,Class,1.0,"k:Eukaryota(1.00),p:Streptophyta(1.00),c:Magnoliopsida(1.00),o:Fagales(0.64),f:Betulaceae(0.48),g:Corylus(0.43),s:Corylus_heterophylla(0.25)","k:Eukaryota,p:Streptophyta,c:Magnoliopsida"
ASV197,+,Eukaryota,1.0,Streptophyta,1.0,Magnoliopsida,1.0,Sapindales,0.93,Sapindaceae,0.93,Acer,0.91,,0.6,Genus,0.91,"k:Eukaryota(1.00),p:Streptophyta(1.00),c:Magnoliopsida(1.00),o:Sapindales(0.93),f:Sapindaceae(0.93),g:Acer(0.91),s:Acer_pseudosieboldianum(0.60)","k:Eukaryota,p:Streptophyta,c:Magnoliopsida,o:Sapindales,f:Sapindaceae,g:Acer"
ASV217,+,Eukaryota,1.0,Streptophyta,1.0,Magnoliopsida,1.0,,0.63,,0.61,,0.22,,,Class,1.0,"k:Eukaryota(1.00),p:Streptophyta(1.00),c:Magnoliopsida(1.00),o:Rosales(0.63),f:Rosaceae(0.61),g:Potentilla(0.22)","k:Eukaryota,p:Streptophyta,c:Magnoliopsida"
ASV22,+,Eukaryota,1.0,Streptophyta,1.0,Magnoliopsida,1.0,,0.53,,0.38,,0.32,,0.18,Class,1.0,"k:Eukaryota(1.00),p:Streptophyta(1.00),c:Magnoliopsida(1.00),o:Fagales(0.53),f:Betulaceae(0.38),g:Corylus(0.32),s:Corylus_heterophylla(0.18)","k:Eukaryota,p:Streptophyta,c:Magnoliopsida"
ASV219,-,Eukaryota,1.0,Streptophyta,1.0,Magnoliopsida,1.0,,0.52,,0.5,,0.3,,0.3,Class,1.0,"k:Eukaryota(1.00),p:Streptophyta(1.00),c:Magnoliopsida(1.00),o:Boraginales(0.52),f:Boraginaceae(0.50),g:Nonea(0.30),s:Nonea_macrosperma(0.30)","k:Eukaryota,p:Streptophyta,c:Magnoliopsida"
ASV222,+,Eukaryota,1.0,Streptophyta,1.0,Magnoliopsida,1.0,Malpighiales,0.87,Violaceae,0.86,Viola,0.83,,0.18,Genus,0.83,"k:Eukaryota(1.00),p:Streptophyta(1.00),c:Magnoliopsida(1.00),o:Malpighiales(0.87),f:Violaceae(0.86),g:Viola(0.83),s:Viola_verecunda(0.18)","k:Eukaryota,p:Streptophyta,c:Magnoliopsida,o:Malpighiales,f:Violaceae,g:Viola"
ASV214,+,Eukaryota,1.0,Streptophyta,1.0,Magnoliopsida,1.0,Fabales,0.9,Fabaceae,0.9,,0.34,,0.34,Family,0.9,"k:Eukaryota(1.00),p:Streptophyta(1.00),c:Magnoliopsida(1.00),o:Fabales(0.90),f:Fabaceae(0.90),g:Dunbaria(0.34),s:Dunbaria_nivea(0.34)","k:Eukaryota,p:Streptophyta,c:Magnoliopsida,o:Fabales,f:Fabaceae"
ASV221,+,Eukaryota,1.0,Streptophyta,1.0,Magnoliopsida,1.0,,0.7,,0.39,,0.39,,,Class,1.0,"k:Eukaryota(1.00),p:Streptophyta(1.00),c:Magnoliopsida(1.00),o:Saxifragales(0.70),f:Grossulariaceae(0.39),g:Ribes(0.39)","k:Eukaryota,p:Streptophyta,c:Magnoliopsida"
ASV225,+,Eukaryota,1.0,Streptophyta,1.0,Pinopsida,1.0,Pinales,1.0,Pinaceae,1.0,Abies,0.99,,,Genus,0.99,"k:Eukaryota(1.00),p:Streptophyta(1.00),c:Pinopsida(1.00),o:Pinales(1.00),f:Pinaceae(1.00),g:Abies(0.99)","k:Eukaryota,p:Streptophyta,c:Pinopsida,o:Pinales,f:Pinaceae,g:Abies"
ASV216,+,Eukaryota,1.0,Streptophyta,1.0,Magnoliopsida,1.0,,0.59,,0.59,,0.18,,0.18,Class,1.0,"k:Eukaryota(1.00),p:Streptophyta(1.00),c:Magnoliopsida(1.00),o:Boraginales(0.59),f:Boraginaceae(0.59),g:Omphalodes(0.18),s:Omphalodes_verna(0.18)","k:Eukaryota,p:Streptophyta,c:Magnoliopsida"
ASV224,+,Eukaryota,1.0,Streptophyta,1.0,Magnoliopsida,1.0,Gentianales,0.98,Rubiaceae,0.97,,,,,Family,0.97,"k:Eukaryota(1.00),p:Streptophyta(1.00),c:Magnoliopsida(1.00),o:Gentianales(0.98),f:Rubiaceae(0.97)","k:Eukaryota,p:Streptophyta,c:Magnoliopsida,o:Gentianales,f:Rubiaceae"
ASV220,+,Eukaryota,1.0,Streptophyta,1.0,Magnoliopsida,1.0,,0.56,,0.29,,0.07,,0.02,Class,1.0,"k:Eukaryota(1.00),p:Streptophyta(1.00),c:Magnoliopsida(1.00),o:Malpighiales(0.56),f:Euphorbiaceae(0.29),g:Euphorbia(0.07),s:Euphorbia_scheffleri(0.02)","k:Eukaryota,p:Streptophyta,c:Magnoliopsida"
ASV218,-,Eukaryota,1.0,Streptophyta,1.0,Magnoliopsida,1.0,,0.65,,0.62,,,,,Class,1.0,"k:Eukaryota(1.00),p:Streptophyta(1.00),c:Magnoliopsida(1.00),o:Rosales(0.65),f:Rosaceae(0.62)","k:Eukaryota,p:Streptophyta,c:Magnoliopsida"
ASV231,-,Eukaryota,1.0,Streptophyta,1.0,Magnoliopsida,1.0,,0.57,,0.36,,0.2,,,Class,1.0,"k:Eukaryota(1.00),p:Streptophyta(1.00),c:Magnoliopsida(1.00),o:Lamiales(0.57),f:Oleaceae(0.36),g:Ligustrum(0.20)","k:Eukaryota,p:Streptophyta,c:Magnoliopsida"
ASV215,+,Eukaryota,1.0,Streptophyta,1.0,Magnoliopsida,1.0,,0.57,,0.31,,0.12,,0.12,Class,1.0,"k:Eukaryota(1.00),p:Streptophyta(1.00),c:Magnoliopsida(1.00),o:Malpighiales(0.57),f:Euphorbiaceae(0.31),g:Croton(0.12),s:Croton_vernicosa(0.12)","k:Eukaryota,p:Streptophyta,c:Magnoliopsida"
ASV223,+,Eukaryota,1.0,Streptophyta,1.0,Magnoliopsida,1.0,Asparagales,0.92,Iridaceae,0.92,,0.28,,0.13,Family,0.92,"k:Eukaryota(1.00),p:Streptophyta(1.00),c:Magnoliopsida(1.00),o:Asparagales(0.92),f:Iridaceae(0.92),g:Lapeirousia(0.28),s:Lapeirousia_pyramidalis(0.13)","k:Eukaryota,p:Streptophyta,c:Magnoliopsida,o:Asparagales,f:Iridaceae"
ASV233,+,Eukaryota,1.0,Streptophyta,1.0,Magnoliopsida,1.0,,0.5,,0.5,,0.24,,0.24,Class,1.0,"k:Eukaryota(1.00),p:Streptophyta(1.00),c:Magnoliopsida(1.00),o:Dipsacales(0.50),f:Caprifoliaceae(0.50),g:Scabiosa(0.24),s:Scabiosa_comosa(0.24)","k:Eukaryota,p:Streptophyta,c:Magnoliopsida"
ASV228,+,Eukaryota,1.0,Streptophyta,1.0,Magnoliopsida,1.0,,0.16,,0.09,,0.05,,0.03,Class,1.0,"k:Eukaryota(1.00),p:Streptophyta(1.00),c:Magnoliopsida(1.00),o:Asterales(0.16),f:Menyanthaceae(0.09),g:Liparophyllum(0.05),s:Liparophyllum_exiguum(0.03)","k:Eukaryota,p:Streptophyta,c:Magnoliopsida"
ASV23,+,Eukaryota,1.0,Streptophyta,1.0,Magnoliopsida,1.0,Poales,0.97,Poaceae,0.96,,,,,Family,0.96,"k:Eukaryota(1.00),p:Streptophyta(1.00),c:Magnoliopsida(1.00),o:Poales(0.97),f:Poaceae(0.96)","k:Eukaryota,p:Streptophyta,c:Magnoliopsida,o:Poales,f:Poaceae"
ASV234,+,Eukaryota,1.0,Streptophyta,1.0,Magnoliopsida,1.0,,0.79,,0.76,,0.39,,0.39,Class,1.0,"k:Eukaryota(1.00),p:Streptophyta(1.00),c:Magnoliopsida(1.00),o:Ericales(0.79),f:Primulaceae(0.76),g:Cyclamen(0.39),s:Cyclamen_purpurascens(0.39)","k:Eukaryota,p:Streptophyta,c:Magnoliopsida"
ASV236,+,Eukaryota,1.0,Streptophyta,1.0,Magnoliopsida,1.0,,0.47,,0.25,,0.05,,0.05,Class,1.0,"k:Eukaryota(1.00),p:Streptophyta(1.00),c:Magnoliopsida(1.00),o:Malpighiales(0.47),f:Euphorbiaceae(0.25),g:Croton(0.05),s:Croton_vernicosa(0.05)","k:Eukaryota,p:Streptophyta,c:Magnoliopsida"
ASV239,+,Eukaryota,1.0,Streptophyta,1.0,Magnoliopsida,1.0,Lamiales,0.8,,0.63,,0.26,,0.26,Order,0.8,"k:Eukaryota(1.00),p:Streptophyta(1.00),c:Magnoliopsida(1.00),o:Lamiales(0.80),f:Lamiaceae(0.63),g:Nepeta(0.26),s:Nepeta_tenuifolia(0.26)","k:Eukaryota,p:Streptophyta,c:Magnoliopsida,o:Lamiales"
ASV24,+,Eukaryota,1.0,Streptophyta,1.0,Magnoliopsida,1.0,,0.73,,0.7,,0.24,,,Class,1.0,"k:Eukaryota(1.00),p:Streptophyta(1.00),c:Magnoliopsida(1.00),o:Rosales(0.73),f:Rosaceae(0.70),g:Rosa(0.24)","k:Eukaryota,p:Streptophyta,c:Magnoliopsida"
ASV241,+,Eukaryota,1.0,Streptophyta,1.0,Magnoliopsida,1.0,,0.57,,0.4,,0.36,,0.24,Class,1.0,"k:Eukaryota(1.00),p:Streptophyta(1.00),c:Magnoliopsida(1.00),o:Fagales(0.57),f:Betulaceae(0.40),g:Corylus(0.36),s:Corylus_heterophylla(0.24)","k:Eukaryota,p:Streptophyta,c:Magnoliopsida"
ASV243,+,Eukaryota,1.0,Streptophyta,1.0,Magnoliopsida,1.0,,0.63,,0.63,,0.27,,,Class,1.0,"k:Eukaryota(1.00),p:Streptophyta(1.00),c:Magnoliopsida(1.00),o:Rosales(0.63),f:Rosaceae(0.63),g:Rosa(0.27)","k:Eukaryota,p:Streptophyta,c:Magnoliopsida"
ASV245,-,Eukaryota,1.0,Streptophyta,1.0,Magnoliopsida,1.0,,0.35,,0.27,,0.27,,,Class,1.0,"k:Eukaryota(1.00),p:Streptophyta(1.00),c:Magnoliopsida(1.00),o:Dipsacales(0.35),f:Caprifoliaceae(0.27),g:Scabiosa(0.27)","k:Eukaryota,p:Streptophyta,c:Magnoliopsida"
ASV247,+,Eukaryota,1.0,Streptophyta,1.0,Magnoliopsida,1.0,,0.55,,0.55,,0.19,,0.19,Class,1.0,"k:Eukaryota(1.00),p:Streptophyta(1.00),c:Magnoliopsida(1.00),o:Boraginales(0.55),f:Boraginaceae(0.55),g:Omphalodes(0.19),s:Omphalodes_verna(0.19)","k:Eukaryota,p:Streptophyta,c:Magnoliopsida"
ASV229,+,Eukaryota,1.0,Streptophyta,1.0,Magnoliopsida,1.0,Gentianales,0.98,Rubiaceae,0.98,,0.46,,0.27,Family,0.98,"k:Eukaryota(1.00),p:Streptophyta(1.00),c:Magnoliopsida(1.00),o:Gentianales(0.98),f:Rubiaceae(0.98),g:Galium(0.46),s:Galium_bungei(0.27)","k:Eukaryota,p:Streptophyta,c:Magnoliopsida,o:Gentianales,f:Rubiaceae"
ASV248,+,Eukaryota,1.0,Streptophyta,1.0,Magnoliopsida,1.0,,0.43,,0.38,,0.14,,0.06,Class,1.0,"k:Eukaryota(1.00),p:Streptophyta(1.00),c:Magnoliopsida(1.00),o:Poales(0.43),f:Cyperaceae(0.38),g:Carex(0.14),s:Carex_phleoides(0.06)","k:Eukaryota,p:Streptophyta,c:Magnoliopsida"
ASV25,+,Eukaryota,1.0,Streptophyta,1.0,Magnoliopsida,1.0,,0.69,,0.69,,0.19,,0.04,Class,1.0,"k:Eukaryota(1.00),p:Streptophyta(1.00),c:Magnoliopsida(1.00),o:Rosales(0.69),f:Rosaceae(0.69),g:Potentilla(0.19),s:Potentilla_radiata(0.04)","k:Eukaryota,p:Streptophyta,c:Magnoliopsida"
ASV252,+,Eukaryota,1.0,Streptophyta,1.0,Magnoliopsida,1.0,,0.48,,0.48,,0.19,,0.12,Class,1.0,"k:Eukaryota(1.00),p:Streptophyta(1.00),c:Magnoliopsida(1.00),o:Rosales(0.48),f:Rosaceae(0.48),g:Rubus(0.19),s:Rubus_sp._MS-2022a_(sect._Cuneifolii)(0.12)","k:Eukaryota,p:Streptophyta,c:Magnoliopsida"
ASV242,+,Eukaryota,1.0,Streptophyta,1.0,Magnoliopsida,1.0,,0.65,,0.61,,0.19,,,Class,1.0,"k:Eukaryota(1.00),p:Streptophyta(1.00),c:Magnoliopsida(1.00),o:Rosales(0.65),f:Rosaceae(0.61),g:Potentilla(0.19)","k:Eukaryota,p:Streptophyta,c:Magnoliopsida"
ASV246,+,Eukaryota,1.0,Streptophyta,1.0,Magnoliopsida,1.0,,0.68,,0.62,,0.15,,0.15,Class,1.0,"k:Eukaryota(1.00),p:Streptophyta(1.00),c:Magnoliopsida(1.00),o:Asterales(0.68),f:Asteraceae(0.62),g:Emilia(0.15),s:Emilia_coccinea(0.15)","k:Eukaryota,p:Streptophyta,c:Magnoliopsida"
ASV235,+,Eukaryota,1.0,Streptophyta,1.0,Magnoliopsida,1.0,Sapindales,0.85,Sapindaceae,0.84,Acer,0.84,,0.55,Genus,0.84,"k:Eukaryota(1.00),p:Streptophyta(1.00),c:Magnoliopsida(1.00),o:Sapindales(0.85),f:Sapindaceae(0.84),g:Acer(0.84),s:Acer_pseudosieboldianum(0.55)","k:Eukaryota,p:Streptophyta,c:Magnoliopsida,o:Sapindales,f:Sapindaceae,g:Acer"
ASV249,+,Eukaryota,1.0,Streptophyta,1.0,Magnoliopsida,1.0,Malpighiales,0.99,Salicaceae,0.99,Salix,0.99,,0.7,Genus,0.99,"k:Eukaryota(1.00),p:Streptophyta(1.00),c:Magnoliopsida(1.00),o:Malpighiales(0.99),f:Salicaceae(0.99),g:Salix(0.99),s:Salix_koriyanagi(0.70)","k:Eukaryota,p:Streptophyta,c:Magnoliopsida,o:Malpighiales,f:Salicaceae,g:Salix"
ASV257,+,Eukaryota,1.0,Streptophyta,1.0,Magnoliopsida,1.0,Sapindales,0.88,Sapindaceae,0.83,Acer,0.83,,0.56,Genus,0.83,"k:Eukaryota(1.00),p:Streptophyta(1.00),c:Magnoliopsida(1.00),o:Sapindales(0.88),f:Sapindaceae(0.83),g:Acer(0.83),s:Acer_pseudosieboldianum(0.56)","k:Eukaryota,p:Streptophyta,c:Magnoliopsida,o:Sapindales,f:Sapindaceae,g:Acer"
ASV251,+,Eukaryota,1.0,Streptophyta,1.0,Magnoliopsida,1.0,,0.35,,0.32,,0.32,,0.23,Class,1.0,"k:Eukaryota(1.00),p:Streptophyta(1.00),c:Magnoliopsida(1.00),o:Piperales(0.35),f:Asaraceae(0.32),g:Asarum(0.32),s:Asarum_lewisii(0.23)","k:Eukaryota,p:Streptophyta,c:Magnoliopsida"
ASV259,+,Eukaryota,1.0,Streptophyta,1.0,Magnoliopsida,1.0,,0.45,,0.45,,0.43,,0.35,Class,1.0,"k:Eukaryota(1.00),p:Streptophyta(1.00),c:Magnoliopsida(1.00),o:Fagales(0.45),f:Betulaceae(0.45),g:Corylus(0.43),s:Corylus_jacquemontii(0.35)","k:Eukaryota,p:Streptophyta,c:Magnoliopsida"
ASV260,+,Eukaryota,1.0,Streptophyta,1.0,Magnoliopsida,1.0,Ericales,0.81,,0.79,,0.47,,0.44,Order,0.81,"k:Eukaryota(1.00),p:Streptophyta(1.00),c:Magnoliopsida(1.00),o:Ericales(0.81),f:Primulaceae(0.79),g:Cyclamen(0.47),s:Cyclamen_purpurascens(0.44)","k:Eukaryota,p:Streptophyta,c:Magnoliopsida,o:Ericales"
ASV263,+,Eukaryota,1.0,Streptophyta,0.98,Magnoliopsida,0.97,,0.32,,0.32,,0.21,,,Class,0.97,"k:Eukaryota(1.00),p:Streptophyta(0.98),c:Magnoliopsida(0.97),o:Rosales(0.32),f:Rosaceae(0.32),g:Rosa(0.21)","k:Eukaryota,p:Streptophyta,c:Magnoliopsida"
ASV26,+,Eukaryota,1.0,Streptophyta,1.0,Magnoliopsida,1.0,,0.77,,0.75,,0.2,,,Class,1.0,"k:Eukaryota(1.00),p:Streptophyta(1.00),c:Magnoliopsida(1.00),o:Rosales(0.77),f:Rosaceae(0.75),g:Rosa(0.20)","k:Eukaryota,p:Streptophyta,c:Magnoliopsida"
ASV261,+,Eukaryota,1.0,Streptophyta,1.0,Magnoliopsida,1.0,Malpighiales,0.94,Hypericaceae,0.92,Hypericum,0.92,,,Genus,0.92,"k:Eukaryota(1.00),p:Streptophyta(1.00),c:Magnoliopsida(1.00),o:Malpighiales(0.94),f:Hypericaceae(0.92),g:Hypericum(0.92)","k:Eukaryota,p:Streptophyta,c:Magnoliopsida,o:Malpighiales,f:Hypericaceae,g:Hypericum"
ASV250,+,Eukaryota,1.0,Streptophyta,1.0,Magnoliopsida,1.0,,0.37,,0.34,,0.34,,0.18,Class,1.0,"k:Eukaryota(1.00),p:Streptophyta(1.00),c:Magnoliopsida(1.00),o:Piperales(0.37),f:Asaraceae(0.34),g:Asarum(0.34),s:Asarum_lewisii(0.18)","k:Eukaryota,p:Streptophyta,c:Magnoliopsida"
ASV253,+,Eukaryota,1.0,Streptophyta,1.0,Magnoliopsida,1.0,,0.68,,0.62,,0.2,,,Class,1.0,"k:Eukaryota(1.00),p:Streptophyta(1.00),c:Magnoliopsida(1.00),o:Rosales(0.68),f:Rosaceae(0.62),g:Potentilla(0.20)","k:Eukaryota,p:Streptophyta,c:Magnoliopsida"
ASV254,+,Eukaryota,1.0,Streptophyta,1.0,Magnoliopsida,1.0,,0.5,,0.36,,0.22,,0.16,Class,1.0,"k:Eukaryota(1.00),p:Streptophyta(1.00),c:Magnoliopsida(1.00),o:Poales(0.50),f:Cyperaceae(0.36),g:Carex(0.22),s:Carex_phleoides(0.16)","k:Eukaryota,p:Streptophyta,c:Magnoliopsida"
ASV264,+,Eukaryota,1.0,Streptophyta,1.0,Magnoliopsida,1.0,,0.65,,0.62,,0.2,,0.2,Class,1.0,"k:Eukaryota(1.00),p:Streptophyta(1.00),c:Magnoliopsida(1.00),o:Rosales(0.65),f:Rosaceae(0.62),g:Crataegus(0.20),s:Crataegus_saligna(0.20)","k:Eukaryota,p:Streptophyta,c:Magnoliopsida"
ASV256,+,Eukaryota,1.0,Streptophyta,1.0,Magnoliopsida,1.0,,0.42,,0.17,,,,,Class,1.0,"k:Eukaryota(1.00),p:Streptophyta(1.00),c:Magnoliopsida(1.00),o:Poales(0.42),f:Poaceae(0.17)","k:Eukaryota,p:Streptophyta,c:Magnoliopsida"
ASV267,+,Eukaryota,1.0,Streptophyta,1.0,Magnoliopsida,1.0,Malpighiales,0.83,,0.78,,0.75,,0.2,Order,0.83,"k:Eukaryota(1.00),p:Streptophyta(1.00),c:Magnoliopsida(1.00),o:Malpighiales(0.83),f:Violaceae(0.78),g:Viola(0.75),s:Viola_hirta(0.20)","k:Eukaryota,p:Streptophyta,c:Magnoliopsida,o:Malpighiales"
ASV266,-,Eukaryota,1.0,Streptophyta,1.0,Magnoliopsida,1.0,Poales,1.0,Juncaceae,1.0,Luzula,0.98,Luzula acuminata,0.96,Species,0.96,"k:Eukaryota(1.00),p:Streptophyta(1.00),c:Magnoliopsida(1.00),o:Poales(1.00),f:Juncaceae(1.00),g:Luzula(0.98),s:Luzula_acuminata(0.96)","k:Eukaryota,p:Streptophyta,c:Magnoliopsida,o:Poales,f:Juncaceae,g:Luzula,s:Luzula_acuminata"
ASV268,+,Eukaryota,1.0,Streptophyta,1.0,Magnoliopsida,1.0,,0.59,,0.42,,0.14,,0.14,Class,1.0,"k:Eukaryota(1.00),p:Streptophyta(1.00),c:Magnoliopsida(1.00),o:Malpighiales(0.59),f:Euphorbiaceae(0.42),g:Croton(0.14),s:Croton_vernicosa(0.14)","k:Eukaryota,p:Streptophyta,c:Magnoliopsida"
ASV275,+,Eukaryota,1.0,Streptophyta,1.0,Magnoliopsida,0.98,,0.36,,0.36,,0.19,,,Class,0.98,"k:Eukaryota(1.00),p:Streptophyta(1.00),c:Magnoliopsida(0.98),o:Rosales(0.36),f:Rosaceae(0.36),g:Rosa(0.19)","k:Eukaryota,p:Streptophyta,c:Magnoliopsida"
ASV272,+,Eukaryota,1.0,Streptophyta,1.0,Magnoliopsida,1.0,,0.76,,0.76,,0.41,,,Class,1.0,"k:Eukaryota(1.00),p:Streptophyta(1.00),c:Magnoliopsida(1.00),o:Ranunculales(0.76),f:Ranunculaceae(0.76),g:Aconitum(0.41)","k:Eukaryota,p:Streptophyta,c:Magnoliopsida"
ASV274,+,Eukaryota,1.0,Streptophyta,1.0,Magnoliopsida,1.0,,0.64,,0.63,,0.38,,0.35,Class,1.0,"k:Eukaryota(1.00),p:Streptophyta(1.00),c:Magnoliopsida(1.00),o:Ericales(0.64),f:Primulaceae(0.63),g:Cyclamen(0.38),s:Cyclamen_purpurascens(0.35)","k:Eukaryota,p:Streptophyta,c:Magnoliopsida"
ASV27,+,Eukaryota,1.0,Streptophyta,1.0,Magnoliopsida,1.0,Caryophyllales,0.96,Caryophyllaceae,0.88,,0.54,,0.29,Family,0.88,"k:Eukaryota(1.00),p:Streptophyta(1.00),c:Magnoliopsida(1.00),o:Caryophyllales(0.96),f:Caryophyllaceae(0.88),g:Stellaria(0.54),s:Stellaria_media(0.29)","k:Eukaryota,p:Streptophyta,c:Magnoliopsida,o:Caryophyllales,f:Caryophyllaceae"
ASV269,+,Eukaryota,1.0,Streptophyta,1.0,Magnoliopsida,1.0,,0.55,,0.49,,0.16,,0.16,Class,1.0,"k:Eukaryota(1.00),p:Streptophyta(1.00),c:Magnoliopsida(1.00),o:Asterales(0.55),f:Asteraceae(0.49),g:Emilia(0.16),s:Emilia_coccinea(0.16)","k:Eukaryota,p:Streptophyta,c:Magnoliopsida"
ASV276,+,Eukaryota,1.0,Streptophyta,1.0,Magnoliopsida,1.0,,0.5,,0.47,,0.43,,0.31,Class,1.0,"k:Eukaryota(1.00),p:Streptophyta(1.00),c:Magnoliopsida(1.00),o:Fagales(0.50),f:Betulaceae(0.47),g:Corylus(0.43),s:Corylus_jacquemontii(0.31)","k:Eukaryota,p:Streptophyta,c:Magnoliopsida"
ASV277,+,Eukaryota,1.0,Streptophyta,1.0,Magnoliopsida,1.0,Rosales,0.88,Rosaceae,0.86,Prunus,0.82,,0.37,Genus,0.82,"k:Eukaryota(1.00),p:Streptophyta(1.00),c:Magnoliopsida(1.00),o:Rosales(0.88),f:Rosaceae(0.86),g:Prunus(0.82),s:Prunus_mira(0.37)","k:Eukaryota,p:Streptophyta,c:Magnoliopsida,o:Rosales,f:Rosaceae,g:Prunus"
ASV265,+,Eukaryota,1.0,Streptophyta,1.0,Magnoliopsida,1.0,Gentianales,0.94,Rubiaceae,0.94,,0.55,,0.33,Family,0.94,"k:Eukaryota(1.00),p:Streptophyta(1.00),c:Magnoliopsida(1.00),o:Gentianales(0.94),f:Rubiaceae(0.94),g:Galium(0.55),s:Galium_bungei(0.33)","k:Eukaryota,p:Streptophyta,c:Magnoliopsida,o:Gentianales,f:Rubiaceae"
ASV278,+,Eukaryota,1.0,Streptophyta,1.0,Magnoliopsida,1.0,,0.44,,0.34,,0.24,,0.16,Class,1.0,"k:Eukaryota(1.00),p:Streptophyta(1.00),c:Magnoliopsida(1.00),o:Apiales(0.44),f:Araliaceae(0.34),g:Hydrocotyle(0.24),s:Hydrocotyle_novae-zealandiae(0.16)","k:Eukaryota,p:Streptophyta,c:Magnoliopsida"
ASV271,+,Eukaryota,1.0,Streptophyta,1.0,Magnoliopsida,1.0,,0.72,,0.72,,0.33,,,Class,1.0,"k:Eukaryota(1.00),p:Streptophyta(1.00),c:Magnoliopsida(1.00),o:Boraginales(0.72),f:Boraginaceae(0.72),g:Pulmonaria(0.33)","k:Eukaryota,p:Streptophyta,c:Magnoliopsida"
ASV282,+,Eukaryota,1.0,Streptophyta,1.0,Magnoliopsida,1.0,Ranunculales,1.0,Ranunculaceae,1.0,Clematis,0.97,,,Genus,0.97,"k:Eukaryota(1.00),p:Streptophyta(1.00),c:Magnoliopsida(1.00),o:Ranunculales(1.00),f:Ranunculaceae(1.00),g:Clematis(0.97)","k:Eukaryota,p:Streptophyta,c:Magnoliopsida,o:Ranunculales,f:Ranunculaceae,g:Clematis"
ASV273,+,Eukaryota,1.0,Streptophyta,1.0,Magnoliopsida,1.0,Malpighiales,0.86,Violaceae,0.8,,0.79,,0.24,Family,0.8,"k:Eukaryota(1.00),p:Streptophyta(1.00),c:Magnoliopsida(1.00),o:Malpighiales(0.86),f:Violaceae(0.80),g:Viola(0.79),s:Viola_hirta(0.24)","k:Eukaryota,p:Streptophyta,c:Magnoliopsida,o:Malpighiales,f:Violaceae"
ASV286,+,Eukaryota,1.0,Streptophyta,1.0,Magnoliopsida,1.0,,0.73,,0.73,,0.34,,,Class,1.0,"k:Eukaryota(1.00),p:Streptophyta(1.00),c:Magnoliopsida(1.00),o:Boraginales(0.73),f:Boraginaceae(0.73),g:Pulmonaria(0.34)","k:Eukaryota,p:Streptophyta,c:Magnoliopsida"
ASV270,+,Eukaryota,1.0,Streptophyta,1.0,Magnoliopsida,1.0,,0.6,,0.43,,0.13,,0.12,Class,1.0,"k:Eukaryota(1.00),p:Streptophyta(1.00),c:Magnoliopsida(1.00),o:Malpighiales(0.60),f:Euphorbiaceae(0.43),g:Croton(0.13),s:Croton_vernicosa(0.12)","k:Eukaryota,p:Streptophyta,c:Magnoliopsida"
ASV288,+,Eukaryota,1.0,Streptophyta,1.0,Magnoliopsida,1.0,,0.6,,0.55,,,,,Class,1.0,"k:Eukaryota(1.00),p:Streptophyta(1.00),c:Magnoliopsida(1.00),o:Asterales(0.60),f:Asteraceae(0.55)","k:Eukaryota,p:Streptophyta,c:Magnoliopsida"
ASV28,+,Eukaryota,1.0,Streptophyta,1.0,Magnoliopsida,1.0,,0.77,,0.74,,0.2,,,Class,1.0,"k:Eukaryota(1.00),p:Streptophyta(1.00),c:Magnoliopsida(1.00),o:Rosales(0.77),f:Rosaceae(0.74),g:Rosa(0.20)","k:Eukaryota,p:Streptophyta,c:Magnoliopsida"
ASV287,+,Eukaryota,1.0,Streptophyta,1.0,Magnoliopsida,1.0,,0.57,,0.54,,0.16,,0.16,Class,1.0,"k:Eukaryota(1.00),p:Streptophyta(1.00),c:Magnoliopsida(1.00),o:Asterales(0.57),f:Asteraceae(0.54),g:Emilia(0.16),s:Emilia_coccinea(0.16)","k:Eukaryota,p:Streptophyta,c:Magnoliopsida"
ASV281,+,Eukaryota,1.0,Streptophyta,1.0,Magnoliopsida,1.0,,0.55,,0.53,,0.08,,0.07,Class,1.0,"k:Eukaryota(1.00),p:Streptophyta(1.00),c:Magnoliopsida(1.00),o:Asterales(0.55),f:Asteraceae(0.53),g:Lasiopogon(0.08),s:Lasiopogon_glomerulatus(0.07)","k:Eukaryota,p:Streptophyta,c:Magnoliopsida"
ASV279,+,Eukaryota,1.0,Streptophyta,1.0,Magnoliopsida,1.0,Poales,0.86,Juncaceae,0.84,Luzula,0.82,,,Genus,0.82,"k:Eukaryota(1.00),p:Streptophyta(1.00),c:Magnoliopsida(1.00),o:Poales(0.86),f:Juncaceae(0.84),g:Luzula(0.82)","k:Eukaryota,p:Streptophyta,c:Magnoliopsida,o:Poales,f:Juncaceae,g:Luzula"
ASV289,+,Eukaryota,1.0,Streptophyta,1.0,Magnoliopsida,1.0,Poales,0.94,Poaceae,0.85,,,,,Family,0.85,"k:Eukaryota(1.00),p:Streptophyta(1.00),c:Magnoliopsida(1.00),o:Poales(0.94),f:Poaceae(0.85)","k:Eukaryota,p:Streptophyta,c:Magnoliopsida,o:Poales,f:Poaceae"
ASV29,+,Eukaryota,1.0,Streptophyta,1.0,Magnoliopsida,1.0,Poales,0.97,Poaceae,0.96,,0.25,,0.25,Family,0.96,"k:Eukaryota(1.00),p:Streptophyta(1.00),c:Magnoliopsida(1.00),o:Poales(0.97),f:Poaceae(0.96),g:Dactyloctenium(0.25),s:Dactyloctenium_aegyptium(0.25)","k:Eukaryota,p:Streptophyta,c:Magnoliopsida,o:Poales,f:Poaceae"
ASV290,+,Eukaryota,1.0,Streptophyta,1.0,Magnoliopsida,1.0,Asparagales,0.95,Iridaceae,0.94,,0.31,,,Family,0.94,"k:Eukaryota(1.00),p:Streptophyta(1.00),c:Magnoliopsida(1.00),o:Asparagales(0.95),f:Iridaceae(0.94),g:Lapeirousia(0.31)","k:Eukaryota,p:Streptophyta,c:Magnoliopsida,o:Asparagales,f:Iridaceae"
ASV293,+,Eukaryota,1.0,Streptophyta,1.0,Magnoliopsida,1.0,,0.53,,0.4,,0.24,,0.08,Class,1.0,"k:Eukaryota(1.00),p:Streptophyta(1.00),c:Magnoliopsida(1.00),o:Poales(0.53),f:Cyperaceae(0.40),g:Carex(0.24),s:Carex_phleoides(0.08)","k:Eukaryota,p:Streptophyta,c:Magnoliopsida"
ASV294,+,Eukaryota,1.0,Streptophyta,1.0,Magnoliopsida,1.0,,0.76,,0.72,,0.31,,0.31,Class,1.0,"k:Eukaryota(1.00),p:Streptophyta(1.00),c:Magnoliopsida(1.00),o:Rosales(0.76),f:Rosaceae(0.72),g:Crataegus(0.31),s:Crataegus_saligna(0.31)","k:Eukaryota,p:Streptophyta,c:Magnoliopsida"
ASV284,+,Eukaryota,1.0,Streptophyta,1.0,Magnoliopsida,1.0,,0.6,,0.57,,0.18,,0.14,Class,1.0,"k:Eukaryota(1.00),p:Streptophyta(1.00),c:Magnoliopsida(1.00),o:Rosales(0.60),f:Rosaceae(0.57),g:Agrimonia(0.18),s:Agrimonia_pilosa(0.14)","k:Eukaryota,p:Streptophyta,c:Magnoliopsida"
ASV299,+,Eukaryota,1.0,Streptophyta,1.0,Magnoliopsida,1.0,Gentianales,0.96,Rubiaceae,0.95,,,,,Family,0.95,"k:Eukaryota(1.00),p:Streptophyta(1.00),c:Magnoliopsida(1.00),o:Gentianales(0.96),f:Rubiaceae(0.95)","k:Eukaryota,p:Streptophyta,c:Magnoliopsida,o:Gentianales,f:Rubiaceae"
ASV295,+,Eukaryota,1.0,Streptophyta,1.0,Magnoliopsida,1.0,Lamiales,0.82,,0.57,,0.24,,,Order,0.82,"k:Eukaryota(1.00),p:Streptophyta(1.00),c:Magnoliopsida(1.00),o:Lamiales(0.82),f:Lamiaceae(0.57),g:Clinopodium(0.24)","k:Eukaryota,p:Streptophyta,c:Magnoliopsida,o:Lamiales"
ASV30,+,Eukaryota,1.0,Streptophyta,1.0,Magnoliopsida,1.0,,0.66,,0.47,,0.38,,0.2,Class,1.0,"k:Eukaryota(1.00),p:Streptophyta(1.00),c:Magnoliopsida(1.00),o:Fagales(0.66),f:Betulaceae(0.47),g:Corylus(0.38),s:Corylus_heterophylla(0.20)","k:Eukaryota,p:Streptophyta,c:Magnoliopsida"
ASV291,+,Eukaryota,1.0,Streptophyta,1.0,Magnoliopsida,1.0,Celastrales,0.82,Celastraceae,0.82,,0.25,,0.25,Family,0.82,"k:Eukaryota(1.00),p:Streptophyta(1.00),c:Magnoliopsida(1.00),o:Celastrales(0.82),f:Celastraceae(0.82),g:Brexiella(0.25),s:Brexiella_sp._RHA-2013c(0.25)","k:Eukaryota,p:Streptophyta,c:Magnoliopsida,o:Celastrales,f:Celastraceae"
ASV300,+,Eukaryota,1.0,Streptophyta,1.0,Magnoliopsida,1.0,Poales,0.96,Poaceae,0.91,,0.25,,0.14,Family,0.91,"k:Eukaryota(1.00),p:Streptophyta(1.00),c:Magnoliopsida(1.00),o:Poales(0.96),f:Poaceae(0.91),g:Elymus(0.25),s:Elymus_sibiricus(0.14)","k:Eukaryota,p:Streptophyta,c:Magnoliopsida,o:Poales,f:Poaceae"
ASV292,+,Eukaryota,1.0,Streptophyta,1.0,Magnoliopsida,1.0,,0.51,,0.5,,0.21,,0.13,Class,1.0,"k:Eukaryota(1.00),p:Streptophyta(1.00),c:Magnoliopsida(1.00),o:Rosales(0.51),f:Rosaceae(0.50),g:Rubus(0.21),s:Rubus_sp._MS-2022a_(sect._Cuneifolii)(0.13)","k:Eukaryota,p:Streptophyta,c:Magnoliopsida"
ASV301,+,Eukaryota,1.0,Streptophyta,1.0,Magnoliopsida,1.0,,0.38,,0.29,,0.2,,0.1,Class,1.0,"k:Eukaryota(1.00),p:Streptophyta(1.00),c:Magnoliopsida(1.00),o:Poales(0.38),f:Cyperaceae(0.29),g:Carex(0.20),s:Carex_phleoides(0.10)","k:Eukaryota,p:Streptophyta,c:Magnoliopsida"
ASV297,+,Eukaryota,1.0,Streptophyta,1.0,Magnoliopsida,1.0,,0.69,,0.67,,0.19,,0.19,Class,1.0,"k:Eukaryota(1.00),p:Streptophyta(1.00),c:Magnoliopsida(1.00),o:Rosales(0.69),f:Rosaceae(0.67),g:Crataegus(0.19),s:Crataegus_saligna(0.19)","k:Eukaryota,p:Streptophyta,c:Magnoliopsida"
ASV309,+,Eukaryota,1.0,Streptophyta,1.0,Pinopsida,1.0,Pinales,1.0,Pinaceae,1.0,Abies,0.98,,,Genus,0.98,"k:Eukaryota(1.00),p:Streptophyta(1.00),c:Pinopsida(1.00),o:Pinales(1.00),f:Pinaceae(1.00),g:Abies(0.98)","k:Eukaryota,p:Streptophyta,c:Pinopsida,o:Pinales,f:Pinaceae,g:Abies"
ASV303,+,Eukaryota,1.0,Streptophyta,1.0,Magnoliopsida,1.0,Celastrales,0.8,Celastraceae,0.8,,0.21,,0.21,Family,0.8,"k:Eukaryota(1.00),p:Streptophyta(1.00),c:Magnoliopsida(1.00),o:Celastrales(0.80),f:Celastraceae(0.80),g:Brexiella(0.21),s:Brexiella_sp._RHA-2013c(0.21)","k:Eukaryota,p:Streptophyta,c:Magnoliopsida,o:Celastrales,f:Celastraceae"
ASV3,+,Eukaryota,1.0,Streptophyta,1.0,Magnoliopsida,1.0,,0.78,,0.77,,0.2,,,Class,1.0,"k:Eukaryota(1.00),p:Streptophyta(1.00),c:Magnoliopsida(1.00),o:Rosales(0.78),f:Rosaceae(0.77),g:Rosa(0.20)","k:Eukaryota,p:Streptophyta,c:Magnoliopsida"
ASV307,-,Eukaryota,1.0,Streptophyta,1.0,Magnoliopsida,1.0,,0.73,,0.72,,0.2,,,Class,1.0,"k:Eukaryota(1.00),p:Streptophyta(1.00),c:Magnoliopsida(1.00),o:Rosales(0.73),f:Rosaceae(0.72),g:Rosa(0.20)","k:Eukaryota,p:Streptophyta,c:Magnoliopsida"
ASV31,-,Eukaryota,1.0,Streptophyta,1.0,Magnoliopsida,1.0,,0.31,,0.22,,0.08,,0.08,Class,1.0,"k:Eukaryota(1.00),p:Streptophyta(1.00),c:Magnoliopsida(1.00),o:Rosales(0.31),f:Rosaceae(0.22),g:Rubus(0.08),s:Rubus_idaeus(0.08)","k:Eukaryota,p:Streptophyta,c:Magnoliopsida"
ASV310,+,Eukaryota,1.0,Streptophyta,1.0,Magnoliopsida,1.0,Gentianales,0.95,Rubiaceae,0.95,,0.33,,,Family,0.95,"k:Eukaryota(1.00),p:Streptophyta(1.00),c:Magnoliopsida(1.00),o:Gentianales(0.95),f:Rubiaceae(0.95),g:Galium(0.33)","k:Eukaryota,p:Streptophyta,c:Magnoliopsida,o:Gentianales,f:Rubiaceae"
ASV302,+,Eukaryota,1.0,Streptophyta,1.0,Magnoliopsida,1.0,,0.75,,0.75,,0.28,,0.28,Class,1.0,"k:Eukaryota(1.00),p:Streptophyta(1.00),c:Magnoliopsida(1.00),o:Rosales(0.75),f:Rosaceae(0.75),g:Crataegus(0.28),s:Crataegus_saligna(0.28)","k:Eukaryota,p:Streptophyta,c:Magnoliopsida"
ASV311,-,Eukaryota,1.0,Streptophyta,1.0,Magnoliopsida,1.0,Rosales,0.85,,0.77,,0.27,,,Order,0.85,"k:Eukaryota(1.00),p:Streptophyta(1.00),c:Magnoliopsida(1.00),o:Rosales(0.85),f:Rosaceae(0.77),g:Rosa(0.27)","k:Eukaryota,p:Streptophyta,c:Magnoliopsida,o:Rosales"
ASV304,+,Eukaryota,1.0,Streptophyta,1.0,Magnoliopsida,1.0,Fabales,0.84,Fabaceae,0.84,,0.29,,0.17,Family,0.84,"k:Eukaryota(1.00),p:Streptophyta(1.00),c:Magnoliopsida(1.00),o:Fabales(0.84),f:Fabaceae(0.84),g:Vicia(0.29),s:Vicia_pannonica(0.17)","k:Eukaryota,p:Streptophyta,c:Magnoliopsida,o:Fabales,f:Fabaceae"
ASV315,+,Eukaryota,1.0,Streptophyta,1.0,Pinopsida,1.0,Cupressales,1.0,Cupressaceae,1.0,,0.46,,0.37,Family,1.0,"k:Eukaryota(1.00),p:Streptophyta(1.00),c:Pinopsida(1.00),o:Cupressales(1.00),f:Cupressaceae(1.00),g:Cupressus(0.46),s:Cupressus_sempervirens(0.37)","k:Eukaryota,p:Streptophyta,c:Pinopsida,o:Cupressales,f:Cupressaceae"
ASV306,+,Eukaryota,1.0,Streptophyta,1.0,Pinopsida,1.0,Cupressales,1.0,Cupressaceae,0.99,,0.64,,0.53,Family,0.99,"k:Eukaryota(1.00),p:Streptophyta(1.00),c:Pinopsida(1.00),o:Cupressales(1.00),f:Cupressaceae(0.99),g:Cupressus(0.64),s:Cupressus_sempervirens(0.53)","k:Eukaryota,p:Streptophyta,c:Pinopsida,o:Cupressales,f:Cupressaceae"
ASV317,+,Eukaryota,1.0,Streptophyta,1.0,Magnoliopsida,1.0,,0.55,,0.55,,0.29,,0.29,Class,1.0,"k:Eukaryota(1.00),p:Streptophyta(1.00),c:Magnoliopsida(1.00),o:Dipsacales(0.55),f:Caprifoliaceae(0.55),g:Scabiosa(0.29),s:Scabiosa_comosa(0.29)","k:Eukaryota,p:Streptophyta,c:Magnoliopsida"
ASV314,-,Eukaryota,1.0,Streptophyta,1.0,Magnoliopsida,1.0,,0.31,,0.25,,0.21,,0.09,Class,1.0,"k:Eukaryota(1.00),p:Streptophyta(1.00),c:Magnoliopsida(1.00),o:Lamiales(0.31),f:Plantaginaceae(0.25),g:Veronica(0.21),s:Veronica_alpina(0.09)","k:Eukaryota,p:Streptophyta,c:Magnoliopsida"
ASV313,+,Eukaryota,1.0,Streptophyta,1.0,Magnoliopsida,1.0,,0.13,,0.07,,0.07,,0.04,Class,1.0,"k:Eukaryota(1.00),p:Streptophyta(1.00),c:Magnoliopsida(1.00),o:Lamiales(0.13),f:Plantaginaceae(0.07),g:Aragoa(0.07),s:Aragoa_corrugatifolia(0.04)","k:Eukaryota,p:Streptophyta,c:Magnoliopsida"
ASV319,+,Eukaryota,1.0,Streptophyta,1.0,Magnoliopsida,1.0,Poales,0.98,Poaceae,0.96,,0.34,,0.24,Family,0.96,"k:Eukaryota(1.00),p:Streptophyta(1.00),c:Magnoliopsida(1.00),o:Poales(0.98),f:Poaceae(0.96),g:Elymus(0.34),s:Elymus_canadensis(0.24)","k:Eukaryota,p:Streptophyta,c:Magnoliopsida,o:Poales,f:Poaceae"
ASV298,+,Eukaryota,1.0,Streptophyta,1.0,Magnoliopsida,1.0,,0.35,,0.29,,0.16,,,Class,1.0,"k:Eukaryota(1.00),p:Streptophyta(1.00),c:Magnoliopsida(1.00),o:Apiales(0.35),f:Araliaceae(0.29),g:Hydrocotyle(0.16)","k:Eukaryota,p:Streptophyta,c:Magnoliopsida"
ASV323,+,Eukaryota,1.0,Streptophyta,1.0,Pinopsida,0.98,Pinales,0.98,Pinaceae,0.98,Abies,0.96,,,Genus,0.96,"k:Eukaryota(1.00),p:Streptophyta(1.00),c:Pinopsida(0.98),o:Pinales(0.98),f:Pinaceae(0.98),g:Abies(0.96)","k:Eukaryota,p:Streptophyta,c:Pinopsida,o:Pinales,f:Pinaceae,g:Abies"
ASV320,-,Eukaryota,1.0,Streptophyta,1.0,Magnoliopsida,1.0,Poales,0.98,Juncaceae,0.97,Luzula,0.97,Luzula acuminata,0.93,Species,0.93,"k:Eukaryota(1.00),p:Streptophyta(1.00),c:Magnoliopsida(1.00),o:Poales(0.98),f:Juncaceae(0.97),g:Luzula(0.97),s:Luzula_acuminata(0.93)","k:Eukaryota,p:Streptophyta,c:Magnoliopsida,o:Poales,f:Juncaceae,g:Luzula,s:Luzula_acuminata"
ASV316,+,Eukaryota,1.0,Streptophyta,1.0,Pinopsida,1.0,Cupressales,1.0,Cupressaceae,1.0,,0.58,,0.49,Family,1.0,"k:Eukaryota(1.00),p:Streptophyta(1.00),c:Pinopsida(1.00),o:Cupressales(1.00),f:Cupressaceae(1.00),g:Cupressus(0.58),s:Cupressus_sempervirens(0.49)","k:Eukaryota,p:Streptophyta,c:Pinopsida,o:Cupressales,f:Cupressaceae"
ASV321,-,Eukaryota,1.0,Streptophyta,1.0,Magnoliopsida,1.0,Poales,0.91,Juncaceae,0.91,,0.74,,0.64,Family,0.91,"k:Eukaryota(1.00),p:Streptophyta(1.00),c:Magnoliopsida(1.00),o:Poales(0.91),f:Juncaceae(0.91),g:Juncus(0.74),s:Juncus_prominens(0.64)","k:Eukaryota,p:Streptophyta,c:Magnoliopsida,o:Poales,f:Juncaceae"
ASV324,-,Eukaryota,1.0,Streptophyta,1.0,Magnoliopsida,1.0,,0.76,,0.72,,0.2,,,Class,1.0,"k:Eukaryota(1.00),p:Streptophyta(1.00),c:Magnoliopsida(1.00),o:Rosales(0.76),f:Rosaceae(0.72),g:Rosa(0.20)","k:Eukaryota,p:Streptophyta,c:Magnoliopsida"
ASV318,+,Eukaryota,1.0,Streptophyta,1.0,Magnoliopsida,1.0,,0.42,,0.38,,0.38,,0.24,Class,1.0,"k:Eukaryota(1.00),p:Streptophyta(1.00),c:Magnoliopsida(1.00),o:Piperales(0.42),f:Asaraceae(0.38),g:Asarum(0.38),s:Asarum_lewisii(0.24)","k:Eukaryota,p:Streptophyta,c:Magnoliopsida"
ASV325,+,Eukaryota,1.0,Streptophyta,1.0,Magnoliopsida,1.0,Lamiales,1.0,Lamiaceae,0.99,,0.34,,0.34,Family,0.99,"k:Eukaryota(1.00),p:Streptophyta(1.00),c:Magnoliopsida(1.00),o:Lamiales(1.00),f:Lamiaceae(0.99),g:Otostegia(0.34),s:Otostegia_fruticosa(0.34)","k:Eukaryota,p:Streptophyta,c:Magnoliopsida,o:Lamiales,f:Lamiaceae"
ASV327,+,Eukaryota,1.0,Streptophyta,1.0,Pinopsida,1.0,Pinales,1.0,Pinaceae,1.0,Picea,0.92,,,Genus,0.92,"k:Eukaryota(1.00),p:Streptophyta(1.00),c:Pinopsida(1.00),o:Pinales(1.00),f:Pinaceae(1.00),g:Picea(0.92)","k:Eukaryota,p:Streptophyta,c:Pinopsida,o:Pinales,f:Pinaceae,g:Picea"
ASV33,+,Eukaryota,1.0,Streptophyta,1.0,Magnoliopsida,1.0,Poales,0.97,Cyperaceae,0.96,Carex,0.94,,0.46,Genus,0.94,"k:Eukaryota(1.00),p:Streptophyta(1.00),c:Magnoliopsida(1.00),o:Poales(0.97),f:Cyperaceae(0.96),g:Carex(0.94),s:Carex_scirpoidea(0.46)","k:Eukaryota,p:Streptophyta,c:Magnoliopsida,o:Poales,f:Cyperaceae,g:Carex"
ASV322,+,Eukaryota,1.0,Streptophyta,1.0,Magnoliopsida,1.0,,0.71,,0.7,,0.24,,,Class,1.0,"k:Eukaryota(1.00),p:Streptophyta(1.00),c:Magnoliopsida(1.00),o:Malvales(0.71),f:Malvaceae(0.70),g:Tilia(0.24)","k:Eukaryota,p:Streptophyta,c:Magnoliopsida"
ASV331,+,Eukaryota,1.0,Streptophyta,0.99,Magnoliopsida,0.96,,0.59,,0.59,,0.3,,,Class,0.96,"k:Eukaryota(1.00),p:Streptophyta(0.99),c:Magnoliopsida(0.96),o:Rosales(0.59),f:Rosaceae(0.59),g:Rosa(0.30)","k:Eukaryota,p:Streptophyta,c:Magnoliopsida"
ASV32,+,Eukaryota,1.0,Streptophyta,1.0,Magnoliopsida,1.0,,0.6,,0.43,,0.33,,0.2,Class,1.0,"k:Eukaryota(1.00),p:Streptophyta(1.00),c:Magnoliopsida(1.00),o:Fagales(0.60),f:Betulaceae(0.43),g:Corylus(0.33),s:Corylus_heterophylla(0.20)","k:Eukaryota,p:Streptophyta,c:Magnoliopsida"
ASV312,+,Eukaryota,1.0,Streptophyta,1.0,Magnoliopsida,1.0,Fabales,0.8,Fabaceae,0.8,,0.38,,0.23,Family,0.8,"k:Eukaryota(1.00),p:Streptophyta(1.00),c:Magnoliopsida(1.00),o:Fabales(0.80),f:Fabaceae(0.80),g:Vicia(0.38),s:Vicia_pannonica(0.23)","k:Eukaryota,p:Streptophyta,c:Magnoliopsida,o:Fabales,f:Fabaceae"
ASV333,+,Eukaryota,1.0,Streptophyta,1.0,Magnoliopsida,1.0,,0.56,,0.56,,0.33,,0.33,Class,1.0,"k:Eukaryota(1.00),p:Streptophyta(1.00),c:Magnoliopsida(1.00),o:Dipsacales(0.56),f:Caprifoliaceae(0.56),g:Scabiosa(0.33),s:Scabiosa_comosa(0.33)","k:Eukaryota,p:Streptophyta,c:Magnoliopsida"
ASV334,+,Eukaryota,1.0,Streptophyta,1.0,Magnoliopsida,1.0,,0.24,,0.19,,0.19,,0.13,Class,1.0,"k:Eukaryota(1.00),p:Streptophyta(1.00),c:Magnoliopsida(1.00),o:Piperales(0.24),f:Asaraceae(0.19),g:Asarum(0.19),s:Asarum_lewisii(0.13)","k:Eukaryota,p:Streptophyta,c:Magnoliopsida"
ASV326,+,Eukaryota,1.0,Streptophyta,1.0,Magnoliopsida,1.0,,0.6,,0.35,,0.12,,0.11,Class,1.0,"k:Eukaryota(1.00),p:Streptophyta(1.00),c:Magnoliopsida(1.00),o:Malpighiales(0.60),f:Euphorbiaceae(0.35),g:Croton(0.12),s:Croton_vernicosa(0.11)","k:Eukaryota,p:Streptophyta,c:Magnoliopsida"
ASV329,-,Eukaryota,1.0,Streptophyta,1.0,Magnoliopsida,1.0,,0.64,,0.5,,0.44,,0.27,Class,1.0,"k:Eukaryota(1.00),p:Streptophyta(1.00),c:Magnoliopsida(1.00),o:Fagales(0.64),f:Betulaceae(0.50),g:Corylus(0.44),s:Corylus_heterophylla(0.27)","k:Eukaryota,p:Streptophyta,c:Magnoliopsida"
ASV337,+,Eukaryota,1.0,Streptophyta,1.0,Magnoliopsida,1.0,Sapindales,0.91,Sapindaceae,0.91,Acer,0.89,,0.61,Genus,0.89,"k:Eukaryota(1.00),p:Streptophyta(1.00),c:Magnoliopsida(1.00),o:Sapindales(0.91),f:Sapindaceae(0.91),g:Acer(0.89),s:Acer_pseudosieboldianum(0.61)","k:Eukaryota,p:Streptophyta,c:Magnoliopsida,o:Sapindales,f:Sapindaceae,g:Acer"
ASV338,-,Eukaryota,1.0,Streptophyta,1.0,Magnoliopsida,1.0,Fabales,0.91,Fabaceae,0.91,,,,,Family,0.91,"k:Eukaryota(1.00),p:Streptophyta(1.00),c:Magnoliopsida(1.00),o:Fabales(0.91),f:Fabaceae(0.91)","k:Eukaryota,p:Streptophyta,c:Magnoliopsida,o:Fabales,f:Fabaceae"
ASV335,+,Eukaryota,1.0,Streptophyta,1.0,Magnoliopsida,1.0,,0.64,,0.64,,0.49,,0.49,Class,1.0,"k:Eukaryota(1.00),p:Streptophyta(1.00),c:Magnoliopsida(1.00),o:Dipsacales(0.64),f:Caprifoliaceae(0.64),g:Scabiosa(0.49),s:Scabiosa_comosa(0.49)","k:Eukaryota,p:Streptophyta,c:Magnoliopsida"
ASV340,+,Eukaryota,1.0,Streptophyta,1.0,Magnoliopsida,1.0,Gentianales,0.98,Rubiaceae,0.98,,0.47,,0.26,Family,0.98,"k:Eukaryota(1.00),p:Streptophyta(1.00),c:Magnoliopsida(1.00),o:Gentianales(0.98),f:Rubiaceae(0.98),g:Galium(0.47),s:Galium_bungei(0.26)","k:Eukaryota,p:Streptophyta,c:Magnoliopsida,o:Gentianales,f:Rubiaceae"
ASV342,-,Eukaryota,1.0,Streptophyta,1.0,Magnoliopsida,1.0,,0.75,,0.7,,0.18,,,Class,1.0,"k:Eukaryota(1.00),p:Streptophyta(1.00),c:Magnoliopsida(1.00),o:Rosales(0.75),f:Rosaceae(0.70),g:Rosa(0.18)","k:Eukaryota,p:Streptophyta,c:Magnoliopsida"
ASV330,+,Eukaryota,1.0,Streptophyta,1.0,Magnoliopsida,1.0,Sapindales,0.88,Sapindaceae,0.87,Acer,0.86,,0.6,Genus,0.86,"k:Eukaryota(1.00),p:Streptophyta(1.00),c:Magnoliopsida(1.00),o:Sapindales(0.88),f:Sapindaceae(0.87),g:Acer(0.86),s:Acer_pseudosieboldianum(0.60)","k:Eukaryota,p:Streptophyta,c:Magnoliopsida,o:Sapindales,f:Sapindaceae,g:Acer"
ASV34,+,Eukaryota,1.0,Streptophyta,1.0,Magnoliopsida,1.0,,0.69,,0.65,,0.16,,,Class,1.0,"k:Eukaryota(1.00),p:Streptophyta(1.00),c:Magnoliopsida(1.00),o:Rosales(0.69),f:Rosaceae(0.65),g:Rosa(0.16)","k:Eukaryota,p:Streptophyta,c:Magnoliopsida"
ASV343,+,Eukaryota,1.0,Streptophyta,1.0,Pinopsida,1.0,Pinales,0.99,Pinaceae,0.99,Abies,0.96,,,Genus,0.96,"k:Eukaryota(1.00),p:Streptophyta(1.00),c:Pinopsida(1.00),o:Pinales(0.99),f:Pinaceae(0.99),g:Abies(0.96)","k:Eukaryota,p:Streptophyta,c:Pinopsida,o:Pinales,f:Pinaceae,g:Abies"
ASV346,+,Eukaryota,1.0,Streptophyta,1.0,Magnoliopsida,1.0,Gentianales,0.96,Rubiaceae,0.95,,0.41,,,Family,0.95,"k:Eukaryota(1.00),p:Streptophyta(1.00),c:Magnoliopsida(1.00),o:Gentianales(0.96),f:Rubiaceae(0.95),g:Galium(0.41)","k:Eukaryota,p:Streptophyta,c:Magnoliopsida,o:Gentianales,f:Rubiaceae"
ASV344,+,Eukaryota,1.0,Streptophyta,1.0,Magnoliopsida,1.0,,0.39,,0.31,,0.12,,0.06,Class,1.0,"k:Eukaryota(1.00),p:Streptophyta(1.00),c:Magnoliopsida(1.00),o:Rosales(0.39),f:Rosaceae(0.31),g:Potentilla(0.12),s:Potentilla_argentea(0.06)","k:Eukaryota,p:Streptophyta,c:Magnoliopsida"
ASV341,+,Eukaryota,1.0,Streptophyta,1.0,Magnoliopsida,1.0,Gentianales,0.96,Rubiaceae,0.95,,0.48,,0.29,Family,0.95,"k:Eukaryota(1.00),p:Streptophyta(1.00),c:Magnoliopsida(1.00),o:Gentianales(0.96),f:Rubiaceae(0.95),g:Galium(0.48),s:Galium_bungei(0.29)","k:Eukaryota,p:Streptophyta,c:Magnoliopsida,o:Gentianales,f:Rubiaceae"
ASV350,+,Eukaryota,1.0,Streptophyta,1.0,Magnoliopsida,1.0,Malpighiales,1.0,Salicaceae,1.0,Salix,0.98,,0.72,Genus,0.98,"k:Eukaryota(1.00),p:Streptophyta(1.00),c:Magnoliopsida(1.00),o:Malpighiales(1.00),f:Salicaceae(1.00),g:Salix(0.98),s:Salix_koriyanagi(0.72)","k:Eukaryota,p:Streptophyta,c:Magnoliopsida,o:Malpighiales,f:Salicaceae,g:Salix"
ASV351,+,Eukaryota,1.0,Streptophyta,1.0,Magnoliopsida,1.0,Poales,0.99,Poaceae,0.86,,0.27,,0.14,Family,0.86,"k:Eukaryota(1.00),p:Streptophyta(1.00),c:Magnoliopsida(1.00),o:Poales(0.99),f:Poaceae(0.86),g:Elymus(0.27),s:Elymus_sibiricus(0.14)","k:Eukaryota,p:Streptophyta,c:Magnoliopsida,o:Poales,f:Poaceae"
ASV354,+,Eukaryota,1.0,Streptophyta,1.0,Magnoliopsida,1.0,Fabales,0.96,Fabaceae,0.96,,0.43,,0.43,Family,0.96,"k:Eukaryota(1.00),p:Streptophyta(1.00),c:Magnoliopsida(1.00),o:Fabales(0.96),f:Fabaceae(0.96),g:Dunbaria(0.43),s:Dunbaria_nivea(0.43)","k:Eukaryota,p:Streptophyta,c:Magnoliopsida,o:Fabales,f:Fabaceae"
ASV347,+,Eukaryota,1.0,Streptophyta,1.0,Magnoliopsida,1.0,Celastrales,0.82,Celastraceae,0.82,,0.16,,0.16,Family,0.82,"k:Eukaryota(1.00),p:Streptophyta(1.00),c:Magnoliopsida(1.00),o:Celastrales(0.82),f:Celastraceae(0.82),g:Brexiella(0.16),s:Brexiella_sp._RHA-2013c(0.16)","k:Eukaryota,p:Streptophyta,c:Magnoliopsida,o:Celastrales,f:Celastraceae"
ASV355,+,Eukaryota,1.0,Streptophyta,1.0,Magnoliopsida,1.0,,0.76,,0.76,,0.16,,0.15,Class,1.0,"k:Eukaryota(1.00),p:Streptophyta(1.00),c:Magnoliopsida(1.00),o:Celastrales(0.76),f:Celastraceae(0.76),g:Brexiella(0.16),s:Brexiella_sp._RHA-2013c(0.15)","k:Eukaryota,p:Streptophyta,c:Magnoliopsida"
ASV345,-,Eukaryota,1.0,Streptophyta,1.0,Magnoliopsida,1.0,,0.79,,0.79,,0.71,,,Class,1.0,"k:Eukaryota(1.00),p:Streptophyta(1.00),c:Magnoliopsida(1.00),o:Dipsacales(0.79),f:Caprifoliaceae(0.79),g:Scabiosa(0.71)","k:Eukaryota,p:Streptophyta,c:Magnoliopsida"
ASV35,-,Eukaryota,1.0,Streptophyta,1.0,Magnoliopsida,1.0,,0.68,,0.65,,,,,Class,1.0,"k:Eukaryota(1.00),p:Streptophyta(1.00),c:Magnoliopsida(1.00),o:Rosales(0.68),f:Rosaceae(0.65)","k:Eukaryota,p:Streptophyta,c:Magnoliopsida"
ASV356,-,Eukaryota,1.0,Streptophyta,1.0,Magnoliopsida,1.0,Poales,1.0,Cyperaceae,1.0,Carex,0.98,,0.69,Genus,0.98,"k:Eukaryota(1.00),p:Streptophyta(1.00),c:Magnoliopsida(1.00),o:Poales(1.00),f:Cyperaceae(1.00),g:Carex(0.98),s:Carex_siderosticta(0.69)","k:Eukaryota,p:Streptophyta,c:Magnoliopsida,o:Poales,f:Cyperaceae,g:Carex"
ASV357,-,Eukaryota,1.0,Streptophyta,1.0,Magnoliopsida,1.0,,0.74,,0.71,,0.19,,,Class,1.0,"k:Eukaryota(1.00),p:Streptophyta(1.00),c:Magnoliopsida(1.00),o:Rosales(0.74),f:Rosaceae(0.71),g:Rosa(0.19)","k:Eukaryota,p:Streptophyta,c:Magnoliopsida"
ASV358,+,Eukaryota,1.0,Streptophyta,1.0,Pinopsida,0.99,Pinales,0.96,Pinaceae,0.96,Abies,0.95,,,Genus,0.95,"k:Eukaryota(1.00),p:Streptophyta(1.00),c:Pinopsida(0.99),o:Pinales(0.96),f:Pinaceae(0.96),g:Abies(0.95)","k:Eukaryota,p:Streptophyta,c:Pinopsida,o:Pinales,f:Pinaceae,g:Abies"
ASV360,+,Eukaryota,1.0,Streptophyta,0.94,,0.79,,0.27,,0.19,,0.1,,,Phylum,0.94,"k:Eukaryota(1.00),p:Streptophyta(0.94),c:Magnoliopsida(0.79),o:Poales(0.27),f:Poaceae(0.19),g:Sporobolus(0.10)","k:Eukaryota,p:Streptophyta"
ASV336,-,Eukaryota,1.0,Streptophyta,1.0,Magnoliopsida,1.0,Poales,1.0,Juncaceae,1.0,Luzula,0.99,Luzula acuminata,0.95,Species,0.95,"k:Eukaryota(1.00),p:Streptophyta(1.00),c:Magnoliopsida(1.00),o:Poales(1.00),f:Juncaceae(1.00),g:Luzula(0.99),s:Luzula_acuminata(0.95)","k:Eukaryota,p:Streptophyta,c:Magnoliopsida,o:Poales,f:Juncaceae,g:Luzula,s:Luzula_acuminata"
ASV339,-,Eukaryota,1.0,Streptophyta,1.0,Magnoliopsida,1.0,,0.72,,0.7,,0.21,,,Class,1.0,"k:Eukaryota(1.00),p:Streptophyta(1.00),c:Magnoliopsida(1.00),o:Rosales(0.72),f:Rosaceae(0.70),g:Rosa(0.21)","k:Eukaryota,p:Streptophyta,c:Magnoliopsida"
ASV353,+,Eukaryota,1.0,Streptophyta,1.0,Magnoliopsida,1.0,,0.61,,0.37,,0.1,,0.1,Class,1.0,"k:Eukaryota(1.00),p:Streptophyta(1.00),c:Magnoliopsida(1.00),o:Malpighiales(0.61),f:Euphorbiaceae(0.37),g:Croton(0.10),s:Croton_vernicosa(0.10)","k:Eukaryota,p:Streptophyta,c:Magnoliopsida"
ASV361,-,Eukaryota,1.0,Streptophyta,1.0,Magnoliopsida,1.0,,0.41,,0.17,,0.17,,0.17,Class,1.0,"k:Eukaryota(1.00),p:Streptophyta(1.00),c:Magnoliopsida(1.00),o:Fagales(0.41),f:Juglandaceae(0.17),g:Platycarya(0.17),s:Platycarya_longipes(0.17)","k:Eukaryota,p:Streptophyta,c:Magnoliopsida"
ASV36,+,Eukaryota,1.0,Streptophyta,1.0,Magnoliopsida,1.0,Rosales,0.81,Rosaceae,0.81,,0.19,,,Family,0.81,"k:Eukaryota(1.00),p:Streptophyta(1.00),c:Magnoliopsida(1.00),o:Rosales(0.81),f:Rosaceae(0.81),g:Potentilla(0.19)","k:Eukaryota,p:Streptophyta,c:Magnoliopsida,o:Rosales,f:Rosaceae"
ASV362,+,Eukaryota,1.0,Streptophyta,1.0,Magnoliopsida,1.0,,0.7,,0.68,,0.38,,,Class,1.0,"k:Eukaryota(1.00),p:Streptophyta(1.00),c:Magnoliopsida(1.00),o:Asterales(0.70),f:Campanulaceae(0.68),g:Campanula(0.38)","k:Eukaryota,p:Streptophyta,c:Magnoliopsida"
ASV352,-,Eukaryota,1.0,Streptophyta,1.0,Magnoliopsida,1.0,,0.74,,0.7,,0.19,,,Class,1.0,"k:Eukaryota(1.00),p:Streptophyta(1.00),c:Magnoliopsida(1.00),o:Rosales(0.74),f:Rosaceae(0.70),g:Rosa(0.19)","k:Eukaryota,p:Streptophyta,c:Magnoliopsida"
ASV368,+,Eukaryota,1.0,Streptophyta,0.97,,0.73,,0.14,,0.07,,0.04,,0.04,Phylum,0.97,"k:Eukaryota(1.00),p:Streptophyta(0.97),c:Magnoliopsida(0.73),o:Poales(0.14),f:Poaceae(0.07),g:Poa(0.04),s:Poa_sintenisii(0.04)","k:Eukaryota,p:Streptophyta"
ASV364,+,Eukaryota,1.0,Streptophyta,1.0,,0.39,,0.36,,0.36,,0.28,,0.17,Phylum,1.0,"k:Eukaryota(1.00),p:Streptophyta(1.00),c:Polypodiopsida(0.39),o:Ophioglossales(0.36),f:Ophioglossaceae(0.36),g:Ophioglossum(0.28),s:Ophioglossum_coriaceum(0.17)","k:Eukaryota,p:Streptophyta"
ASV366,+,Eukaryota,1.0,Streptophyta,1.0,Magnoliopsida,1.0,Poales,0.96,Juncaceae,0.96,Luzula,0.96,,0.74,Genus,0.96,"k:Eukaryota(1.00),p:Streptophyta(1.00),c:Magnoliopsida(1.00),o:Poales(0.96),f:Juncaceae(0.96),g:Luzula(0.96),s:Luzula_acuminata(0.74)","k:Eukaryota,p:Streptophyta,c:Magnoliopsida,o:Poales,f:Juncaceae,g:Luzula"
ASV365,+,Eukaryota,1.0,Streptophyta,1.0,Magnoliopsida,1.0,Liliales,1.0,Liliaceae,1.0,,0.71,,,Family,1.0,"k:Eukaryota(1.00),p:Streptophyta(1.00),c:Magnoliopsida(1.00),o:Liliales(1.00),f:Liliaceae(1.00),g:Amana(0.71)","k:Eukaryota,p:Streptophyta,c:Magnoliopsida,o:Liliales,f:Liliaceae"
ASV40,+,Eukaryota,1.0,Streptophyta,1.0,Magnoliopsida,1.0,Rosales,0.81,,0.78,,0.23,,,Order,0.81,"k:Eukaryota(1.00),p:Streptophyta(1.00),c:Magnoliopsida(1.00),o:Rosales(0.81),f:Rosaceae(0.78),g:Rosa(0.23)","k:Eukaryota,p:Streptophyta,c:Magnoliopsida,o:Rosales"
ASV41,+,Eukaryota,1.0,Streptophyta,1.0,Magnoliopsida,1.0,,0.68,,0.65,,0.18,,,Class,1.0,"k:Eukaryota(1.00),p:Streptophyta(1.00),c:Magnoliopsida(1.00),o:Rosales(0.68),f:Rosaceae(0.65),g:Rosa(0.18)","k:Eukaryota,p:Streptophyta,c:Magnoliopsida"
ASV39,+,Eukaryota,1.0,Streptophyta,1.0,Magnoliopsida,1.0,,0.65,,0.54,,0.44,,0.21,Class,1.0,"k:Eukaryota(1.00),p:Streptophyta(1.00),c:Magnoliopsida(1.00),o:Fagales(0.65),f:Betulaceae(0.54),g:Corylus(0.44),s:Corylus_heterophylla(0.21)","k:Eukaryota,p:Streptophyta,c:Magnoliopsida"
ASV359,+,Eukaryota,1.0,Streptophyta,1.0,Pinopsida,0.98,Cupressales,0.98,Cupressaceae,0.98,,0.49,,,Family,0.98,"k:Eukaryota(1.00),p:Streptophyta(1.00),c:Pinopsida(0.98),o:Cupressales(0.98),f:Cupressaceae(0.98),g:Juniperus(0.49)","k:Eukaryota,p:Streptophyta,c:Pinopsida,o:Cupressales,f:Cupressaceae"
ASV42,+,Eukaryota,1.0,Streptophyta,1.0,Magnoliopsida,1.0,,0.78,,0.77,,0.15,,0.07,Class,1.0,"k:Eukaryota(1.00),p:Streptophyta(1.00),c:Magnoliopsida(1.00),o:Rosales(0.78),f:Rosaceae(0.77),g:Rosa(0.15),s:Rosa_rugosa(0.07)","k:Eukaryota,p:Streptophyta,c:Magnoliopsida"
ASV363,-,Eukaryota,1.0,Streptophyta,1.0,Magnoliopsida,1.0,,0.54,,0.54,,0.54,,0.21,Class,1.0,"k:Eukaryota(1.00),p:Streptophyta(1.00),c:Magnoliopsida(1.00),o:Poales(0.54),f:Cyperaceae(0.54),g:Carex(0.54),s:Carex_siderosticta(0.21)","k:Eukaryota,p:Streptophyta,c:Magnoliopsida"
ASV48,+,Eukaryota,1.0,Streptophyta,1.0,Magnoliopsida,1.0,Rosales,0.81,Rosaceae,0.8,,0.25,,,Family,0.8,"k:Eukaryota(1.00),p:Streptophyta(1.00),c:Magnoliopsida(1.00),o:Rosales(0.81),f:Rosaceae(0.80),g:Rosa(0.25)","k:Eukaryota,p:Streptophyta,c:Magnoliopsida,o:Rosales,f:Rosaceae"
ASV46,-,Eukaryota,1.0,Streptophyta,1.0,Magnoliopsida,1.0,,0.39,,0.38,,0.28,,,Class,1.0,"k:Eukaryota(1.00),p:Streptophyta(1.00),c:Magnoliopsida(1.00),o:Saxifragales(0.39),f:Saxifragaceae(0.38),g:Saxifraga(0.28)","k:Eukaryota,p:Streptophyta,c:Magnoliopsida"
ASV367,-,Eukaryota,1.0,Streptophyta,1.0,Magnoliopsida,1.0,Poales,1.0,Poaceae,1.0,,0.31,,0.31,Family,1.0,"k:Eukaryota(1.00),p:Streptophyta(1.00),c:Magnoliopsida(1.00),o:Poales(1.00),f:Poaceae(1.00),g:Dactyloctenium(0.31),s:Dactyloctenium_aegyptium(0.31)","k:Eukaryota,p:Streptophyta,c:Magnoliopsida,o:Poales,f:Poaceae"
ASV4,-,Eukaryota,1.0,Streptophyta,1.0,Magnoliopsida,1.0,,0.56,,0.54,,,,,Class,1.0,"k:Eukaryota(1.00),p:Streptophyta(1.00),c:Magnoliopsida(1.00),o:Rosales(0.56),f:Rosaceae(0.54)","k:Eukaryota,p:Streptophyta,c:Magnoliopsida"
ASV47,+,Eukaryota,1.0,Streptophyta,1.0,Magnoliopsida,1.0,,0.68,,0.54,,0.46,,0.23,Class,1.0,"k:Eukaryota(1.00),p:Streptophyta(1.00),c:Magnoliopsida(1.00),o:Fagales(0.68),f:Betulaceae(0.54),g:Corylus(0.46),s:Corylus_heterophylla(0.23)","k:Eukaryota,p:Streptophyta,c:Magnoliopsida"
ASV37,+,Eukaryota,1.0,Streptophyta,1.0,Magnoliopsida,1.0,,0.62,,0.44,,0.36,,0.19,Class,1.0,"k:Eukaryota(1.00),p:Streptophyta(1.00),c:Magnoliopsida(1.00),o:Fagales(0.62),f:Betulaceae(0.44),g:Corylus(0.36),s:Corylus_heterophylla(0.19)","k:Eukaryota,p:Streptophyta,c:Magnoliopsida"
ASV5,+,Eukaryota,1.0,Streptophyta,1.0,Magnoliopsida,1.0,,0.78,,0.76,,,,,Class,1.0,"k:Eukaryota(1.00),p:Streptophyta(1.00),c:Magnoliopsida(1.00),o:Rosales(0.78),f:Rosaceae(0.76)","k:Eukaryota,p:Streptophyta,c:Magnoliopsida"
ASV45,+,Eukaryota,1.0,Streptophyta,1.0,Magnoliopsida,1.0,Lamiales,0.99,Lamiaceae,0.98,,0.43,,0.43,Family,0.98,"k:Eukaryota(1.00),p:Streptophyta(1.00),c:Magnoliopsida(1.00),o:Lamiales(0.99),f:Lamiaceae(0.98),g:Otostegia(0.43),s:Otostegia_fruticosa(0.43)","k:Eukaryota,p:Streptophyta,c:Magnoliopsida,o:Lamiales,f:Lamiaceae"
ASV51,+,Eukaryota,1.0,Streptophyta,1.0,Magnoliopsida,1.0,Lamiales,1.0,Lamiaceae,1.0,,0.46,,0.46,Family,1.0,"k:Eukaryota(1.00),p:Streptophyta(1.00),c:Magnoliopsida(1.00),o:Lamiales(1.00),f:Lamiaceae(1.00),g:Otostegia(0.46),s:Otostegia_fruticosa(0.46)","k:Eukaryota,p:Streptophyta,c:Magnoliopsida,o:Lamiales,f:Lamiaceae"
ASV52,+,Eukaryota,1.0,Streptophyta,1.0,Magnoliopsida,1.0,Lamiales,1.0,Lamiaceae,1.0,,0.38,,0.38,Family,1.0,"k:Eukaryota(1.00),p:Streptophyta(1.00),c:Magnoliopsida(1.00),o:Lamiales(1.00),f:Lamiaceae(1.00),g:Otostegia(0.38),s:Otostegia_fruticosa(0.38)","k:Eukaryota,p:Streptophyta,c:Magnoliopsida,o:Lamiales,f:Lamiaceae"
ASV53,+,Eukaryota,1.0,Streptophyta,1.0,Magnoliopsida,1.0,Lamiales,0.97,Lamiaceae,0.97,,0.4,,0.4,Family,0.97,"k:Eukaryota(1.00),p:Streptophyta(1.00),c:Magnoliopsida(1.00),o:Lamiales(0.97),f:Lamiaceae(0.97),g:Otostegia(0.40),s:Otostegia_fruticosa(0.40)","k:Eukaryota,p:Streptophyta,c:Magnoliopsida,o:Lamiales,f:Lamiaceae"
ASV55,+,Eukaryota,1.0,Streptophyta,1.0,Magnoliopsida,1.0,Poales,0.98,Cyperaceae,0.98,Carex,0.97,,0.48,Genus,0.97,"k:Eukaryota(1.00),p:Streptophyta(1.00),c:Magnoliopsida(1.00),o:Poales(0.98),f:Cyperaceae(0.98),g:Carex(0.97),s:Carex_scirpoidea(0.48)","k:Eukaryota,p:Streptophyta,c:Magnoliopsida,o:Poales,f:Cyperaceae,g:Carex"
ASV54,+,Eukaryota,1.0,Streptophyta,1.0,Magnoliopsida,1.0,Rosales,0.8,,0.75,,0.2,,,Order,0.8,"k:Eukaryota(1.00),p:Streptophyta(1.00),c:Magnoliopsida(1.00),o:Rosales(0.80),f:Rosaceae(0.75),g:Rosa(0.20)","k:Eukaryota,p:Streptophyta,c:Magnoliopsida,o:Rosales"
ASV43,+,Eukaryota,1.0,Streptophyta,1.0,Magnoliopsida,1.0,,0.71,,0.63,,0.24,,,Class,1.0,"k:Eukaryota(1.00),p:Streptophyta(1.00),c:Magnoliopsida(1.00),o:Rosales(0.71),f:Rosaceae(0.63),g:Rosa(0.24)","k:Eukaryota,p:Streptophyta,c:Magnoliopsida"
ASV56,-,Eukaryota,1.0,Streptophyta,1.0,Magnoliopsida,1.0,Poales,0.97,Juncaceae,0.97,Luzula,0.97,Luzula acuminata,0.95,Species,0.95,"k:Eukaryota(1.00),p:Streptophyta(1.00),c:Magnoliopsida(1.00),o:Poales(0.97),f:Juncaceae(0.97),g:Luzula(0.97),s:Luzula_acuminata(0.95)","k:Eukaryota,p:Streptophyta,c:Magnoliopsida,o:Poales,f:Juncaceae,g:Luzula,s:Luzula_acuminata"
ASV44,-,Eukaryota,1.0,Streptophyta,1.0,Magnoliopsida,1.0,Poales,0.98,Juncaceae,0.98,Luzula,0.98,Luzula acuminata,0.93,Species,0.93,"k:Eukaryota(1.00),p:Streptophyta(1.00),c:Magnoliopsida(1.00),o:Poales(0.98),f:Juncaceae(0.98),g:Luzula(0.98),s:Luzula_acuminata(0.93)","k:Eukaryota,p:Streptophyta,c:Magnoliopsida,o:Poales,f:Juncaceae,g:Luzula,s:Luzula_acuminata"
ASV58,+,Eukaryota,1.0,Streptophyta,1.0,Magnoliopsida,1.0,Lamiales,0.99,Orobanchaceae,0.97,Lathraea,0.95,Lathraea squamaria,0.95,Species,0.95,"k:Eukaryota(1.00),p:Streptophyta(1.00),c:Magnoliopsida(1.00),o:Lamiales(0.99),f:Orobanchaceae(0.97),g:Lathraea(0.95),s:Lathraea_squamaria(0.95)","k:Eukaryota,p:Streptophyta,c:Magnoliopsida,o:Lamiales,f:Orobanchaceae,g:Lathraea,s:Lathraea_squamaria"
ASV6,+,Eukaryota,1.0,Streptophyta,1.0,Magnoliopsida,1.0,,0.77,,0.75,,0.16,,0.15,Class,1.0,"k:Eukaryota(1.00),p:Streptophyta(1.00),c:Magnoliopsida(1.00),o:Rosales(0.77),f:Rosaceae(0.75),g:Geum(0.16),s:Geum_urbanum(0.15)","k:Eukaryota,p:Streptophyta,c:Magnoliopsida"
ASV57,+,Eukaryota,1.0,Streptophyta,1.0,Pinopsida,1.0,Pinales,1.0,Pinaceae,1.0,Picea,0.92,,,Genus,0.92,"k:Eukaryota(1.00),p:Streptophyta(1.00),c:Pinopsida(1.00),o:Pinales(1.00),f:Pinaceae(1.00),g:Picea(0.92)","k:Eukaryota,p:Streptophyta,c:Pinopsida,o:Pinales,f:Pinaceae,g:Picea"
ASV60,+,Eukaryota,1.0,Streptophyta,1.0,Magnoliopsida,1.0,,0.67,,0.47,,0.43,,0.2,Class,1.0,"k:Eukaryota(1.00),p:Streptophyta(1.00),c:Magnoliopsida(1.00),o:Fagales(0.67),f:Betulaceae(0.47),g:Corylus(0.43),s:Corylus_heterophylla(0.20)","k:Eukaryota,p:Streptophyta,c:Magnoliopsida"
ASV49,+,Eukaryota,1.0,Streptophyta,1.0,Magnoliopsida,1.0,Rosales,0.8,,0.74,,0.21,,,Order,0.8,"k:Eukaryota(1.00),p:Streptophyta(1.00),c:Magnoliopsida(1.00),o:Rosales(0.80),f:Rosaceae(0.74),g:Rosa(0.21)","k:Eukaryota,p:Streptophyta,c:Magnoliopsida,o:Rosales"
ASV67,-,Eukaryota,1.0,Streptophyta,1.0,Magnoliopsida,1.0,Poales,0.97,Juncaceae,0.97,Luzula,0.96,Luzula acuminata,0.94,Species,0.94,"k:Eukaryota(1.00),p:Streptophyta(1.00),c:Magnoliopsida(1.00),o:Poales(0.97),f:Juncaceae(0.97),g:Luzula(0.96),s:Luzula_acuminata(0.94)","k:Eukaryota,p:Streptophyta,c:Magnoliopsida,o:Poales,f:Juncaceae,g:Luzula,s:Luzula_acuminata"
ASV64,+,Eukaryota,1.0,Streptophyta,1.0,Magnoliopsida,1.0,,0.19,,0.14,,0.14,,,Class,1.0,"k:Eukaryota(1.00),p:Streptophyta(1.00),c:Magnoliopsida(1.00),o:Ericales(0.19),f:Styracaceae(0.14),g:Bruinsmia(0.14)","k:Eukaryota,p:Streptophyta,c:Magnoliopsida"
ASV7,+,Eukaryota,1.0,Streptophyta,1.0,Magnoliopsida,1.0,,0.69,,0.67,,,,,Class,1.0,"k:Eukaryota(1.00),p:Streptophyta(1.00),c:Magnoliopsida(1.00),o:Rosales(0.69),f:Rosaceae(0.67)","k:Eukaryota,p:Streptophyta,c:Magnoliopsida"
ASV59,+,Eukaryota,1.0,Streptophyta,1.0,Magnoliopsida,1.0,,0.61,,0.61,,0.5,,0.5,Class,1.0,"k:Eukaryota(1.00),p:Streptophyta(1.00),c:Magnoliopsida(1.00),o:Dipsacales(0.61),f:Caprifoliaceae(0.61),g:Scabiosa(0.50),s:Scabiosa_comosa(0.50)","k:Eukaryota,p:Streptophyta,c:Magnoliopsida"
ASV69,+,Eukaryota,1.0,Streptophyta,1.0,Magnoliopsida,1.0,,0.58,,0.48,,0.39,,0.26,Class,1.0,"k:Eukaryota(1.00),p:Streptophyta(1.00),c:Magnoliopsida(1.00),o:Fagales(0.58),f:Betulaceae(0.48),g:Corylus(0.39),s:Corylus_heterophylla(0.26)","k:Eukaryota,p:Streptophyta,c:Magnoliopsida"
ASV75,+,Eukaryota,1.0,Streptophyta,1.0,Magnoliopsida,1.0,Lamiales,1.0,Lamiaceae,0.98,,0.42,,0.42,Family,0.98,"k:Eukaryota(1.00),p:Streptophyta(1.00),c:Magnoliopsida(1.00),o:Lamiales(1.00),f:Lamiaceae(0.98),g:Otostegia(0.42),s:Otostegia_fruticosa(0.42)","k:Eukaryota,p:Streptophyta,c:Magnoliopsida,o:Lamiales,f:Lamiaceae"
ASV63,+,Eukaryota,1.0,Streptophyta,1.0,Magnoliopsida,1.0,,0.51,,0.51,,0.17,,0.17,Class,1.0,"k:Eukaryota(1.00),p:Streptophyta(1.00),c:Magnoliopsida(1.00),o:Boraginales(0.51),f:Boraginaceae(0.51),g:Omphalodes(0.17),s:Omphalodes_verna(0.17)","k:Eukaryota,p:Streptophyta,c:Magnoliopsida"
ASV76,+,Eukaryota,1.0,Streptophyta,1.0,Magnoliopsida,1.0,Ericales,0.86,Primulaceae,0.84,,0.43,,0.4,Family,0.84,"k:Eukaryota(1.00),p:Streptophyta(1.00),c:Magnoliopsida(1.00),o:Ericales(0.86),f:Primulaceae(0.84),g:Cyclamen(0.43),s:Cyclamen_purpurascens(0.40)","k:Eukaryota,p:Streptophyta,c:Magnoliopsida,o:Ericales,f:Primulaceae"
ASV78,+,Eukaryota,1.0,Streptophyta,1.0,Magnoliopsida,1.0,Lamiales,1.0,Lamiaceae,1.0,,0.39,,0.39,Family,1.0,"k:Eukaryota(1.00),p:Streptophyta(1.00),c:Magnoliopsida(1.00),o:Lamiales(1.00),f:Lamiaceae(1.00),g:Otostegia(0.39),s:Otostegia_fruticosa(0.39)","k:Eukaryota,p:Streptophyta,c:Magnoliopsida,o:Lamiales,f:Lamiaceae"
ASV72,+,Eukaryota,1.0,Streptophyta,1.0,Magnoliopsida,1.0,,0.72,,0.72,,0.21,,0.21,Class,1.0,"k:Eukaryota(1.00),p:Streptophyta(1.00),c:Magnoliopsida(1.00),o:Rosales(0.72),f:Rosaceae(0.72),g:Crataegus(0.21),s:Crataegus_saligna(0.21)","k:Eukaryota,p:Streptophyta,c:Magnoliopsida"
ASV61,+,Eukaryota,1.0,Streptophyta,1.0,Magnoliopsida,1.0,,0.74,,0.59,,0.47,,0.24,Class,1.0,"k:Eukaryota(1.00),p:Streptophyta(1.00),c:Magnoliopsida(1.00),o:Fagales(0.74),f:Betulaceae(0.59),g:Corylus(0.47),s:Corylus_heterophylla(0.24)","k:Eukaryota,p:Streptophyta,c:Magnoliopsida"
ASV68,+,Eukaryota,1.0,Streptophyta,1.0,Magnoliopsida,1.0,Malpighiales,0.81,,0.77,,0.76,,0.16,Order,0.81,"k:Eukaryota(1.00),p:Streptophyta(1.00),c:Magnoliopsida(1.00),o:Malpighiales(0.81),f:Violaceae(0.77),g:Viola(0.76),s:Viola_hirta(0.16)","k:Eukaryota,p:Streptophyta,c:Magnoliopsida,o:Malpighiales"
ASV65,+,Eukaryota,1.0,Streptophyta,1.0,Magnoliopsida,1.0,,0.68,,0.5,,0.43,,0.32,Class,1.0,"k:Eukaryota(1.00),p:Streptophyta(1.00),c:Magnoliopsida(1.00),o:Fagales(0.68),f:Betulaceae(0.50),g:Corylus(0.43),s:Corylus_heterophylla(0.32)","k:Eukaryota,p:Streptophyta,c:Magnoliopsida"
ASV8,+,Eukaryota,1.0,Streptophyta,1.0,Magnoliopsida,1.0,,0.69,,0.52,,0.44,,0.29,Class,1.0,"k:Eukaryota(1.00),p:Streptophyta(1.00),c:Magnoliopsida(1.00),o:Fagales(0.69),f:Betulaceae(0.52),g:Corylus(0.44),s:Corylus_heterophylla(0.29)","k:Eukaryota,p:Streptophyta,c:Magnoliopsida"
ASV80,+,Eukaryota,1.0,Streptophyta,1.0,Magnoliopsida,1.0,Lamiales,0.99,Lamiaceae,0.99,,0.45,,0.45,Family,0.99,"k:Eukaryota(1.00),p:Streptophyta(1.00),c:Magnoliopsida(1.00),o:Lamiales(0.99),f:Lamiaceae(0.99),g:Otostegia(0.45),s:Otostegia_fruticosa(0.45)","k:Eukaryota,p:Streptophyta,c:Magnoliopsida,o:Lamiales,f:Lamiaceae"
ASV84,+,Eukaryota,1.0,Streptophyta,1.0,Pinopsida,1.0,Pinales,1.0,Pinaceae,1.0,Abies,1.0,,,Genus,1.0,"k:Eukaryota(1.00),p:Streptophyta(1.00),c:Pinopsida(1.00),o:Pinales(1.00),f:Pinaceae(1.00),g:Abies(1.00)","k:Eukaryota,p:Streptophyta,c:Pinopsida,o:Pinales,f:Pinaceae,g:Abies"
ASV77,+,Eukaryota,1.0,Streptophyta,1.0,Magnoliopsida,1.0,,0.62,,0.58,,,,,Class,1.0,"k:Eukaryota(1.00),p:Streptophyta(1.00),c:Magnoliopsida(1.00),o:Rosales(0.62),f:Rosaceae(0.58)","k:Eukaryota,p:Streptophyta,c:Magnoliopsida"
ASV82,+,Eukaryota,1.0,Streptophyta,1.0,Magnoliopsida,1.0,Malpighiales,0.85,Violaceae,0.84,Viola,0.8,,0.17,Genus,0.8,"k:Eukaryota(1.00),p:Streptophyta(1.00),c:Magnoliopsida(1.00),o:Malpighiales(0.85),f:Violaceae(0.84),g:Viola(0.80),s:Viola_hirta(0.17)","k:Eukaryota,p:Streptophyta,c:Magnoliopsida,o:Malpighiales,f:Violaceae,g:Viola"
ASV86,+,Eukaryota,1.0,Streptophyta,1.0,Magnoliopsida,1.0,,0.69,,0.68,,0.16,,0.05,Class,1.0,"k:Eukaryota(1.00),p:Streptophyta(1.00),c:Magnoliopsida(1.00),o:Rosales(0.69),f:Rosaceae(0.68),g:Potentilla(0.16),s:Potentilla_radiata(0.05)","k:Eukaryota,p:Streptophyta,c:Magnoliopsida"
ASV81,+,Eukaryota,1.0,Streptophyta,1.0,Magnoliopsida,1.0,Lamiales,1.0,Lamiaceae,0.99,,0.35,,0.35,Family,0.99,"k:Eukaryota(1.00),p:Streptophyta(1.00),c:Magnoliopsida(1.00),o:Lamiales(1.00),f:Lamiaceae(0.99),g:Otostegia(0.35),s:Otostegia_fruticosa(0.35)","k:Eukaryota,p:Streptophyta,c:Magnoliopsida,o:Lamiales,f:Lamiaceae"
ASV85,+,Eukaryota,1.0,Streptophyta,1.0,Pinopsida,1.0,Pinales,0.99,Pinaceae,0.99,Abies,0.98,,,Genus,0.98,"k:Eukaryota(1.00),p:Streptophyta(1.00),c:Pinopsida(1.00),o:Pinales(0.99),f:Pinaceae(0.99),g:Abies(0.98)","k:Eukaryota,p:Streptophyta,c:Pinopsida,o:Pinales,f:Pinaceae,g:Abies"
ASV9,+,Eukaryota,1.0,Streptophyta,1.0,Magnoliopsida,1.0,,0.68,,0.51,,0.41,,0.24,Class,1.0,"k:Eukaryota(1.00),p:Streptophyta(1.00),c:Magnoliopsida(1.00),o:Fagales(0.68),f:Betulaceae(0.51),g:Corylus(0.41),s:Corylus_heterophylla(0.24)","k:Eukaryota,p:Streptophyta,c:Magnoliopsida"
ASV89,+,Eukaryota,1.0,Streptophyta,1.0,Magnoliopsida,1.0,Poales,0.83,,0.79,,0.76,,,Order,0.83,"k:Eukaryota(1.00),p:Streptophyta(1.00),c:Magnoliopsida(1.00),o:Poales(0.83),f:Juncaceae(0.79),g:Luzula(0.76)","k:Eukaryota,p:Streptophyta,c:Magnoliopsida,o:Poales"
ASV91,-,Eukaryota,1.0,Streptophyta,1.0,Magnoliopsida,1.0,,0.55,,0.49,,,,,Class,1.0,"k:Eukaryota(1.00),p:Streptophyta(1.00),c:Magnoliopsida(1.00),o:Rosales(0.55),f:Rosaceae(0.49)","k:Eukaryota,p:Streptophyta,c:Magnoliopsida"
ASV93,+,Eukaryota,1.0,Streptophyta,1.0,Magnoliopsida,1.0,Poales,0.99,Cyperaceae,0.98,Carex,0.96,,0.43,Genus,0.96,"k:Eukaryota(1.00),p:Streptophyta(1.00),c:Magnoliopsida(1.00),o:Poales(0.99),f:Cyperaceae(0.98),g:Carex(0.96),s:Carex_simpliciuscula(0.43)","k:Eukaryota,p:Streptophyta,c:Magnoliopsida,o:Poales,f:Cyperaceae,g:Carex"
ASV97,+,Eukaryota,1.0,Streptophyta,1.0,Pinopsida,0.99,Pinales,0.98,Pinaceae,0.98,Abies,0.98,,,Genus,0.98,"k:Eukaryota(1.00),p:Streptophyta(1.00),c:Pinopsida(0.99),o:Pinales(0.98),f:Pinaceae(0.98),g:Abies(0.98)","k:Eukaryota,p:Streptophyta,c:Pinopsida,o:Pinales,f:Pinaceae,g:Abies"
ASV83,+,Eukaryota,1.0,Streptophyta,1.0,Magnoliopsida,1.0,Poales,0.86,Juncaceae,0.85,Luzula,0.82,,,Genus,0.82,"k:Eukaryota(1.00),p:Streptophyta(1.00),c:Magnoliopsida(1.00),o:Poales(0.86),f:Juncaceae(0.85),g:Luzula(0.82)","k:Eukaryota,p:Streptophyta,c:Magnoliopsida,o:Poales,f:Juncaceae,g:Luzula"
ASV79,+,Eukaryota,1.0,Streptophyta,1.0,Magnoliopsida,1.0,Lamiales,1.0,Lamiaceae,1.0,,0.37,,,Family,1.0,"k:Eukaryota(1.00),p:Streptophyta(1.00),c:Magnoliopsida(1.00),o:Lamiales(1.00),f:Lamiaceae(1.00),g:Phlomis(0.37)","k:Eukaryota,p:Streptophyta,c:Magnoliopsida,o:Lamiales,f:Lamiaceae"
ASV98,+,Eukaryota,1.0,Streptophyta,1.0,Magnoliopsida,1.0,Poales,0.98,Cyperaceae,0.97,Carex,0.96,,0.54,Genus,0.96,"k:Eukaryota(1.00),p:Streptophyta(1.00),c:Magnoliopsida(1.00),o:Poales(0.98),f:Cyperaceae(0.97),g:Carex(0.96),s:Carex_scirpoidea(0.54)","k:Eukaryota,p:Streptophyta,c:Magnoliopsida,o:Poales,f:Cyperaceae,g:Carex"
ASV92,+,Eukaryota,1.0,Streptophyta,1.0,Magnoliopsida,1.0,Malpighiales,0.82,Violaceae,0.8,,0.77,,0.19,Family,0.8,"k:Eukaryota(1.00),p:Streptophyta(1.00),c:Magnoliopsida(1.00),o:Malpighiales(0.82),f:Violaceae(0.80),g:Viola(0.77),s:Viola_hirta(0.19)","k:Eukaryota,p:Streptophyta,c:Magnoliopsida,o:Malpighiales,f:Violaceae"
ASV87,+,Eukaryota,1.0,Streptophyta,1.0,Magnoliopsida,1.0,Ericales,0.81,Primulaceae,0.8,,0.53,,0.49,Family,0.8,"k:Eukaryota(1.00),p:Streptophyta(1.00),c:Magnoliopsida(1.00),o:Ericales(0.81),f:Primulaceae(0.80),g:Cyclamen(0.53),s:Cyclamen_purpurascens(0.49)","k:Eukaryota,p:Streptophyta,c:Magnoliopsida,o:Ericales,f:Primulaceae"
ASV99,+,Eukaryota,1.0,Streptophyta,1.0,Magnoliopsida,1.0,Lamiales,1.0,Lamiaceae,0.98,,0.37,,,Family,0.98,"k:Eukaryota(1.00),p:Streptophyta(1.00),c:Magnoliopsida(1.00),o:Lamiales(1.00),f:Lamiaceae(0.98),g:Phlomis(0.37)","k:Eukaryota,p:Streptophyta,c:Magnoliopsida,o:Lamiales,f:Lamiaceae"
ASV95,+,Eukaryota,1.0,Streptophyta,1.0,Magnoliopsida,1.0,Malpighiales,0.83,Violaceae,0.8,,0.76,,0.25,Family,0.8,"k:Eukaryota(1.00),p:Streptophyta(1.00),c:Magnoliopsida(1.00),o:Malpighiales(0.83),f:Violaceae(0.80),g:Viola(0.76),s:Viola_hirta(0.25)","k:Eukaryota,p:Streptophyta,c:Magnoliopsida,o:Malpighiales,f:Violaceae"
ASV90,+,Eukaryota,1.0,Streptophyta,1.0,Magnoliopsida,1.0,Ericales,0.82,Primulaceae,0.81,,0.49,,0.49,Family,0.81,"k:Eukaryota(1.00),p:Streptophyta(1.00),c:Magnoliopsida(1.00),o:Ericales(0.82),f:Primulaceae(0.81),g:Cyclamen(0.49),s:Cyclamen_purpurascens(0.49)","k:Eukaryota,p:Streptophyta,c:Magnoliopsida,o:Ericales,f:Primulaceae"
ASV94,+,Eukaryota,1.0,Streptophyta,1.0,Magnoliopsida,1.0,Lamiales,0.99,Lamiaceae,0.99,,0.34,,,Family,0.99,"k:Eukaryota(1.00),p:Streptophyta(1.00),c:Magnoliopsida(1.00),o:Lamiales(0.99),f:Lamiaceae(0.99),g:Phlomis(0.34)","k:Eukaryota,p:Streptophyta,c:Magnoliopsida,o:Lamiales,f:Lamiaceae"
ASV96,+,Eukaryota,1.0,Streptophyta,1.0,Magnoliopsida,1.0,,0.48,,0.43,,0.43,,0.32,Class,1.0,"k:Eukaryota(1.00),p:Streptophyta(1.00),c:Magnoliopsida(1.00),o:Piperales(0.48),f:Asaraceae(0.43),g:Asarum(0.43),s:Asarum_lewisii(0.32)","k:Eukaryota,p:Streptophyta,c:Magnoliopsida"
