ASV_ID,Kingdom,Kingdom_confidence,Phylum,Phylum_confidence,Class,Class_confidence,Order,Order_confidence,Family,Family_confidence,Genus,Genus_confidence,Species,Species_confidence,Strand,Deepest_rank,Deepest_taxon,Accepted_taxonomy
ASV103,Fungi,1.00,Ascomycota,1.00,Dothideomycetes,0.82,Pleosporales,0.82,Pleosporales_incertae_sedis,0.82,Coniothyrium,0.82,Coniothyrium_fuckelii,0.82,+,Species,Coniothyrium_fuckelii,"k:Fungi,p:Ascomycota,c:Dothideomycetes,o:Pleosporales,f:Pleosporales_incertae_sedis,g:Coniothyrium,s:Coniothyrium_fuckelii"
ASV169,Fungi,1.00,Ascomycota,1.00,Sordariomycetes,1.00,Hypocreales,1.00,Bionectriaceae,0.99,Bionectria,0.99,Bionectria_sp.,0.99,+,Species,Bionectria_sp.,"k:Fungi,p:Ascomycota,c:Sordariomycetes,o:Hypocreales,f:Bionectriaceae,g:Bionectria,s:Bionectria_sp."
ASV185,Fungi,1.00,Ascomycota,1.00,Dothideomycetes,0.95,Pleosporales,0.95,Phaeosphaeriaceae,0.95,Sclerostagonospora,0.95,Sclerostagonospora_sp.,0.95,+,Species,Sclerostagonospora_sp.,"k:Fungi,p:Ascomycota,c:Dothideomycetes,o:Pleosporales,f:Phaeosphaeriaceae,g:Sclerostagonospora,s:Sclerostagonospora_sp."
ASV22,Fungi,1.00,Ascomycota,1.00,Pezizomycetes,1.00,Pezizales,1.00,Ascobolaceae,1.00,Ascobolus,1.00,Ascobolus_sp._CA01,0.99,+,Species,Ascobolus_sp._CA01,"k:Fungi,p:Ascomycota,c:Pezizomycetes,o:Pezizales,f:Ascobolaceae,g:Ascobolus,s:Ascobolus_sp._CA01"
ASV244,Fungi,1.00,Ascomycota,0.99,Dothideomycetes,0.97,Pleosporales,0.97,Phaeosphaeriaceae,0.97,Sclerostagonospora,0.97,Sclerostagonospora_sp.,0.97,+,Species,Sclerostagonospora_sp.,"k:Fungi,p:Ascomycota,c:Dothideomycetes,o:Pleosporales,f:Phaeosphaeriaceae,g:Sclerostagonospora,s:Sclerostagonospora_sp."
ASV248,Fungi,1.00,Ascomycota,1.00,Dothideomycetes,1.00,Pleosporales,1.00,Pleosporales_incertae_sedis,0.96,Coniothyrium,0.96,Coniothyrium_fuckelii,0.96,+,Species,Coniothyrium_fuckelii,"k:Fungi,p:Ascomycota,c:Dothideomycetes,o:Pleosporales,f:Pleosporales_incertae_sedis,g:Coniothyrium,s:Coniothyrium_fuckelii"
ASV252,Fungi,1.00,Ascomycota,1.00,Ascomycota_class_incertae_sedis,0.98,Ascomycota_order_incertae_sedis,0.98,Ascomycota_family_incertae_sedis,0.98,Trichocladium,0.92,Trichocladium_asperum,0.92,+,Species,Trichocladium_asperum,"k:Fungi,p:Ascomycota,c:Ascomycota_class_incertae_sedis,o:Ascomycota_order_incertae_sedis,f:Ascomycota_family_incertae_sedis,g:Trichocladium,s:Trichocladium_asperum"
ASV255,Fungi,1.00,Ascomycota,1.00,Ascomycota_class_incertae_sedis,1.00,Ascomycota_order_incertae_sedis,1.00,Ascomycota_family_incertae_sedis,1.00,Preussia,1.00,,,+,Genus,Preussia,"k:Fungi,p:Ascomycota,c:Ascomycota_class_incertae_sedis,o:Ascomycota_order_incertae_sedis,f:Ascomycota_family_incertae_sedis,g:Preussia"
ASV25,Fungi,1.00,Ascomycota,1.00,Pezizomycetes,1.00,Pezizales,1.00,,,Trichobolus,0.99,Trichobolus_sp._zukalii-CA01,0.99,+,Species,Trichobolus_sp._zukalii-CA01,"k:Fungi,p:Ascomycota,c:Pezizomycetes,o:Pezizales,g:Trichobolus,s:Trichobolus_sp._zukalii-CA01"
ASV29,Fungi,1.00,Ascomycota,1.00,Pezizomycetes,1.00,Pezizales,1.00,Ascobolaceae,1.00,Ascobolus,1.00,Ascobolus_sp._CA01,1.00,+,Species,Ascobolus_sp._CA01,"k:Fungi,p:Ascomycota,c:Pezizomycetes,o:Pezizales,f:Ascobolaceae,g:Ascobolus,s:Ascobolus_sp._CA01"
ASV30,Fungi,1.00,Ascomycota,1.00,Pezizomycetes,1.00,Pezizales,1.00,,,Trichobolus,1.00,Trichobolus_sp._zukalii-CA01,1.00,+,Species,Trichobolus_sp._zukalii-CA01,"k:Fungi,p:Ascomycota,c:Pezizomycetes,o:Pezizales,g:Trichobolus,s:Trichobolus_sp._zukalii-CA01"
ASV306,Fungi,1.00,Ascomycota,1.00,Sordariomycetes,1.00,Hypocreales,1.00,Hypocreaceae,1.00,Trichoderma,1.00,Trichoderma_sp._GD25b,0.87,+,Species,Trichoderma_sp._GD25b,"k:Fungi,p:Ascomycota,c:Sordariomycetes,o:Hypocreales,f:Hypocreaceae,g:Trichoderma,s:Trichoderma_sp._GD25b"
ASV322,Fungi,1.00,Ascomycota,1.00,Dothideomycetes,1.00,Pleosporales,1.00,Pleosporales_incertae_sedis,0.97,Paraconiothyrium,0.91,Paraconiothyrium_sporulosum,0.91,+,Species,Paraconiothyrium_sporulosum,"k:Fungi,p:Ascomycota,c:Dothideomycetes,o:Pleosporales,f:Pleosporales_incertae_sedis,g:Paraconiothyrium,s:Paraconiothyrium_sporulosum"
ASV331,Fungi,1.00,Ascomycota,1.00,Ascomycota_class_incertae_sedis,0.99,Ascomycota_order_incertae_sedis,0.99,Ascomycota_family_incertae_sedis,0.99,Preussia,0.99,,,+,Genus,Preussia,"k:Fungi,p:Ascomycota,c:Ascomycota_class_incertae_sedis,o:Ascomycota_order_incertae_sedis,f:Ascomycota_family_incertae_sedis,g:Preussia"
ASV340,Fungi,1.00,Basidiomycota,1.00,Microbotryomycetes,0.95,Sporidiobolales,0.95,Sporidiobolaceae,0.95,Rhodotorula,0.95,Rhodotorula_sp.,0.93,+,Species,Rhodotorula_sp.,"k:Fungi,p:Basidiomycota,c:Microbotryomycetes,o:Sporidiobolales,f:Sporidiobolaceae,g:Rhodotorula,s:Rhodotorula_sp."
ASV408,Fungi,1.00,Basidiomycota,1.00,Cystobasidiomycetes,0.88,Erythrobasidiales,0.83,,,Erythrobasidium,0.83,Erythrobasidium_sp.,0.83,+,Species,Erythrobasidium_sp.,"k:Fungi,p:Basidiomycota,c:Cystobasidiomycetes,o:Erythrobasidiales,g:Erythrobasidium,s:Erythrobasidium_sp."
ASV429,Fungi,1.00,Ascomycota,1.00,Ascomycota_class_incertae_sedis,0.88,Ascomycota_order_incertae_sedis,0.88,Ascomycota_family_incertae_sedis,0.88,Preussia,0.88,,,+,Genus,Preussia,"k:Fungi,p:Ascomycota,c:Ascomycota_class_incertae_sedis,o:Ascomycota_order_incertae_sedis,f:Ascomycota_family_incertae_sedis,g:Preussia"
ASV439,Fungi,1.00,Basidiomycota,1.00,Agaricomycetes,1.00,Thelephorales,1.00,Thelephoraceae,1.00,Tomentella,1.00,Tomentella_sp.,0.99,+,Species,Tomentella_sp.,"k:Fungi,p:Basidiomycota,c:Agaricomycetes,o:Thelephorales,f:Thelephoraceae,g:Tomentella,s:Tomentella_sp."
ASV487,Fungi,1.00,Basidiomycota,1.00,Agaricomycetes,1.00,Geastrales,1.00,Geastraceae,1.00,Geastrum,1.00,Geastrum_sp.,0.97,+,Species,Geastrum_sp.,"k:Fungi,p:Basidiomycota,c:Agaricomycetes,o:Geastrales,f:Geastraceae,g:Geastrum,s:Geastrum_sp."
ASV491,Fungi,1.00,Ascomycota,1.00,Dothideomycetes,1.00,Microthyriales,1.00,Leptopeltidaceae,1.00,Dothiopeltis,1.00,Dothiopeltis_n._sp.,1.00,+,Species,Dothiopeltis_n._sp.,"k:Fungi,p:Ascomycota,c:Dothideomycetes,o:Microthyriales,f:Leptopeltidaceae,g:Dothiopeltis,s:Dothiopeltis_n._sp."
ASV502,Fungi,1.00,Ascomycota,1.00,Sordariomycetes,1.00,Hypocreales,0.99,Cordycipitaceae,0.97,Elaphocordyceps,0.97,Elaphocordyceps_sp._20124794d,0.97,+,Species,Elaphocordyceps_sp._20124794d,"k:Fungi,p:Ascomycota,c:Sordariomycetes,o:Hypocreales,f:Cordycipitaceae,g:Elaphocordyceps,s:Elaphocordyceps_sp._20124794d"
ASV558,Fungi,1.00,Basidiomycota,1.00,Microbotryomycetes,0.90,Sporidiobolales,0.90,Sporidiobolaceae,0.90,Rhodotorula,0.90,Rhodotorula_sp._CCFEE_5628,0.82,+,Species,Rhodotorula_sp._CCFEE_5628,"k:Fungi,p:Basidiomycota,c:Microbotryomycetes,o:Sporidiobolales,f:Sporidiobolaceae,g:Rhodotorula,s:Rhodotorula_sp._CCFEE_5628"
ASV585,Fungi,1.00,Basidiomycota,0.98,Agaricostilbomycetes,0.96,Agaricostilbales,0.96,Chionosphaeraceae,0.94,Kurtzmanomyces,0.91,Kurtzmanomyces_sp._CBS_12709,0.83,+,Species,Kurtzmanomyces_sp._CBS_12709,"k:Fungi,p:Basidiomycota,c:Agaricostilbomycetes,o:Agaricostilbales,f:Chionosphaeraceae,g:Kurtzmanomyces,s:Kurtzmanomyces_sp._CBS_12709"
ASV584,Fungi,1.00,Ascomycota,1.00,Dothideomycetes,0.94,Pleosporales,0.94,Pleosporales_incertae_sedis,0.94,Paraconiothyrium,0.87,,,+,Genus,Paraconiothyrium,"k:Fungi,p:Ascomycota,c:Dothideomycetes,o:Pleosporales,f:Pleosporales_incertae_sedis,g:Paraconiothyrium"
ASV592,Fungi,1.00,Basidiomycota,1.00,Agaricomycetes,1.00,Thelephorales,1.00,Thelephoraceae,1.00,Tomentella,1.00,Tomentella_sp.,1.00,+,Species,Tomentella_sp.,"k:Fungi,p:Basidiomycota,c:Agaricomycetes,o:Thelephorales,f:Thelephoraceae,g:Tomentella,s:Tomentella_sp."
ASV596,Fungi,1.00,Basidiomycota,1.00,Agaricomycetes,1.00,Polyporales,1.00,Sistotremataceae,1.00,Trechispora,1.00,Trechispora_sp.,0.83,+,Species,Trechispora_sp.,"k:Fungi,p:Basidiomycota,c:Agaricomycetes,o:Polyporales,f:Sistotremataceae,g:Trechispora,s:Trechispora_sp."
ASV599,Fungi,1.00,Ascomycota,0.99,Ascomycota_class_incertae_sedis,0.96,Ascomycota_order_incertae_sedis,0.96,Ascomycota_family_incertae_sedis,0.96,Dendryphion,0.96,,,+,Genus,Dendryphion,"k:Fungi,p:Ascomycota,c:Ascomycota_class_incertae_sedis,o:Ascomycota_order_incertae_sedis,f:Ascomycota_family_incertae_sedis,g:Dendryphion"
ASV602,Fungi,1.00,Ascomycota,1.00,Sordariomycetes,0.80,Diaporthales,0.80,Diaporthaceae,0.80,Diaporthe,0.80,Diaporthe_cf._nobilis,0.80,+,Species,Diaporthe_cf._nobilis,"k:Fungi,p:Ascomycota,c:Sordariomycetes,o:Diaporthales,f:Diaporthaceae,g:Diaporthe,s:Diaporthe_cf._nobilis"
ASV639,Fungi,1.00,Ascomycota,1.00,Dothideomycetes,1.00,Microthyriales,1.00,Leptopeltidaceae,1.00,Dothiopeltis,1.00,Dothiopeltis_n._sp.,1.00,+,Species,Dothiopeltis_n._sp.,"k:Fungi,p:Ascomycota,c:Dothideomycetes,o:Microthyriales,f:Leptopeltidaceae,g:Dothiopeltis,s:Dothiopeltis_n._sp."
ASV640,Fungi,1.00,Ascomycota,1.00,Ascomycota_class_incertae_sedis,0.97,Ascomycota_order_incertae_sedis,0.97,Ascomycota_family_incertae_sedis,0.97,Plectosphaerella,0.97,Plectosphaerella_cucumerina,0.87,+,Species,Plectosphaerella_cucumerina,"k:Fungi,p:Ascomycota,c:Ascomycota_class_incertae_sedis,o:Ascomycota_order_incertae_sedis,f:Ascomycota_family_incertae_sedis,g:Plectosphaerella,s:Plectosphaerella_cucumerina"
ASV645,Fungi,1.00,Ascomycota,1.00,Sordariomycetes,1.00,Xylariales,1.00,Xylariales_incertae_sedis,1.00,Microdochium,1.00,Microdochium_phragmitis,0.99,+,Species,Microdochium_phragmitis,"k:Fungi,p:Ascomycota,c:Sordariomycetes,o:Xylariales,f:Xylariales_incertae_sedis,g:Microdochium,s:Microdochium_phragmitis"
ASV663,Fungi,1.00,Basidiomycota,0.99,Tremellomycetes,0.98,Tremellales,0.98,Tremellales_incertae_sedis,0.96,Hannaella,0.96,Hannaella_oryzae,0.95,+,Species,Hannaella_oryzae,"k:Fungi,p:Basidiomycota,c:Tremellomycetes,o:Tremellales,f:Tremellales_incertae_sedis,g:Hannaella,s:Hannaella_oryzae"
ASV668,Fungi,1.00,Ascomycota,1.00,Dothideomycetes,0.82,Pleosporales,0.82,Pleosporales_incertae_sedis,0.82,Epicoccum,0.82,,,+,Genus,Epicoccum,"k:Fungi,p:Ascomycota,c:Dothideomycetes,o:Pleosporales,f:Pleosporales_incertae_sedis,g:Epicoccum"
ASV67,Fungi,1.00,Ascomycota,1.00,Dothideomycetes,1.00,Botryosphaeriales,0.96,Botryosphaeriaceae,0.96,Microdiplodia,0.96,Microdiplodia_sp._A18,0.96,+,Species,Microdiplodia_sp._A18,"k:Fungi,p:Ascomycota,c:Dothideomycetes,o:Botryosphaeriales,f:Botryosphaeriaceae,g:Microdiplodia,s:Microdiplodia_sp._A18"
ASV693,Fungi,1.00,Ascomycota,0.94,Leotiomycetes,0.89,Helotiales,0.89,Hyaloscyphaceae,0.87,Capitotricha,0.87,Capitotricha_sp.,0.87,+,Species,Capitotricha_sp.,"k:Fungi,p:Ascomycota,c:Leotiomycetes,o:Helotiales,f:Hyaloscyphaceae,g:Capitotricha,s:Capitotricha_sp."
ASV700,Fungi,1.00,Ascomycota,1.00,Sordariomycetes,1.00,Diaporthales,1.00,Diaporthales_incertae_sedis,1.00,Valsaria,1.00,,,+,Genus,Valsaria,"k:Fungi,p:Ascomycota,c:Sordariomycetes,o:Diaporthales,f:Diaporthales_incertae_sedis,g:Valsaria"
ASV696,Fungi,1.00,Ascomycota,0.91,Leotiomycetes,0.90,Leotiomycetes_order_Incertae_sedis,0.84,Leotiomycetes_family_incertae_sedis,0.84,Dendrostilbella,0.84,Dendrostilbella_mycophila,0.84,+,Species,Dendrostilbella_mycophila,"k:Fungi,p:Ascomycota,c:Leotiomycetes,o:Leotiomycetes_order_Incertae_sedis,f:Leotiomycetes_family_incertae_sedis,g:Dendrostilbella,s:Dendrostilbella_mycophila"
ASV723,Fungi,1.00,Basidiomycota,1.00,Microbotryomycetes,1.00,Sporidiobolales,1.00,Sporidiobolaceae,1.00,Rhodotorula,1.00,Rhodotorula_sp._KBP_3844,0.98,+,Species,Rhodotorula_sp._KBP_3844,"k:Fungi,p:Basidiomycota,c:Microbotryomycetes,o:Sporidiobolales,f:Sporidiobolaceae,g:Rhodotorula,s:Rhodotorula_sp._KBP_3844"
ASV732,Fungi,1.00,Ascomycota,1.00,Sordariomycetes,1.00,Xylariales,1.00,Xylariales_incertae_sedis,1.00,Microdochium,1.00,Microdochium_phragmitis,0.98,+,Species,Microdochium_phragmitis,"k:Fungi,p:Ascomycota,c:Sordariomycetes,o:Xylariales,f:Xylariales_incertae_sedis,g:Microdochium,s:Microdochium_phragmitis"
ASV736,Fungi,1.00,Basidiomycota,1.00,Agaricomycetes,1.00,Hymenochaetales,1.00,Hymenochaetaceae,1.00,Inonotus,0.85,Inonotus_sp.,0.85,+,Species,Inonotus_sp.,"k:Fungi,p:Basidiomycota,c:Agaricomycetes,o:Hymenochaetales,f:Hymenochaetaceae,g:Inonotus,s:Inonotus_sp."
ASV751,Fungi,1.00,Basidiomycota,1.00,Tremellomycetes,1.00,Tremellales,1.00,Tremellaceae,1.00,Cryptococcus,1.00,Cryptococcus_sp.,1.00,+,Species,Cryptococcus_sp.,"k:Fungi,p:Basidiomycota,c:Tremellomycetes,o:Tremellales,f:Tremellaceae,g:Cryptococcus,s:Cryptococcus_sp."
ASV770,Fungi,1.00,Ascomycota,1.00,Taphrinomycetes,0.99,Taphrinales,0.99,Taphrinaceae,0.99,Taphrina,0.99,Taphrina_sp.,0.95,+,Species,Taphrina_sp.,"k:Fungi,p:Ascomycota,c:Taphrinomycetes,o:Taphrinales,f:Taphrinaceae,g:Taphrina,s:Taphrina_sp."
ASV776,Fungi,1.00,Basidiomycota,1.00,Agaricostilbomycetes,1.00,Agaricostilbales,1.00,Agaricostilbaceae,1.00,Bensingtonia,1.00,Bensingtonia_sp._AS_2.2601,1.00,+,Species,Bensingtonia_sp._AS_2.2601,"k:Fungi,p:Basidiomycota,c:Agaricostilbomycetes,o:Agaricostilbales,f:Agaricostilbaceae,g:Bensingtonia,s:Bensingtonia_sp._AS_2.2601"
ASV78,Fungi,1.00,Basidiomycota,1.00,Microbotryomycetes,1.00,Sporidiobolales,1.00,Sporidiobolaceae,1.00,Rhodotorula,1.00,Rhodotorula_sp._CCFEE_5628,1.00,+,Species,Rhodotorula_sp._CCFEE_5628,"k:Fungi,p:Basidiomycota,c:Microbotryomycetes,o:Sporidiobolales,f:Sporidiobolaceae,g:Rhodotorula,s:Rhodotorula_sp._CCFEE_5628"
ASV785,Fungi,1.00,Ascomycota,1.00,Ascomycota_class_incertae_sedis,0.86,Ascomycota_order_incertae_sedis,0.86,Ascomycota_family_incertae_sedis,0.86,Preussia,0.86,Preussia_africana,0.84,+,Species,Preussia_africana,"k:Fungi,p:Ascomycota,c:Ascomycota_class_incertae_sedis,o:Ascomycota_order_incertae_sedis,f:Ascomycota_family_incertae_sedis,g:Preussia,s:Preussia_africana"
ASV811,Fungi,1.00,Ascomycota,0.99,Sordariomycetes,0.88,Coniochaetales,0.88,Coniochaetaceae,0.88,Lecythophora,0.88,Lecythophora_sp.,0.88,+,Species,Lecythophora_sp.,"k:Fungi,p:Ascomycota,c:Sordariomycetes,o:Coniochaetales,f:Coniochaetaceae,g:Lecythophora,s:Lecythophora_sp."
ASV810,Fungi,1.00,Ascomycota,1.00,Dothideomycetes,1.00,Pleosporales,1.00,Massarinaceae,0.99,Massarina,0.99,Massarina_sp._MUT_4323,0.95,+,Species,Massarina_sp._MUT_4323,"k:Fungi,p:Ascomycota,c:Dothideomycetes,o:Pleosporales,f:Massarinaceae,g:Massarina,s:Massarina_sp._MUT_4323"
ASV837,Fungi,1.00,Basidiomycota,1.00,Agaricomycetes,1.00,Boletales,1.00,Boletaceae,1.00,Octaviania,0.99,Octaviania_sp.,0.99,+,Species,Octaviania_sp.,"k:Fungi,p:Basidiomycota,c:Agaricomycetes,o:Boletales,f:Boletaceae,g:Octaviania,s:Octaviania_sp."
ASV833,Fungi,1.00,Ascomycota,1.00,Ascomycota_class_incertae_sedis,1.00,Ascomycota_order_incertae_sedis,1.00,Ascomycota_family_incertae_sedis,1.00,Chalara,1.00,Chalara_holubovae,1.00,+,Species,Chalara_holubovae,"k:Fungi,p:Ascomycota,c:Ascomycota_class_incertae_sedis,o:Ascomycota_order_incertae_sedis,f:Ascomycota_family_incertae_sedis,g:Chalara,s:Chalara_holubovae"
ASV842,Fungi,1.00,Ascomycota,0.99,Dothideomycetes,0.86,Microthyriales,0.85,Leptopeltidaceae,0.85,Dothiopeltis,0.85,Dothiopeltis_n._sp.,0.85,+,Species,Dothiopeltis_n._sp.,"k:Fungi,p:Ascomycota,c:Dothideomycetes,o:Microthyriales,f:Leptopeltidaceae,g:Dothiopeltis,s:Dothiopeltis_n._sp."
ASV89,Fungi,1.00,Ascomycota,1.00,Pezizomycetes,1.00,Pezizales,1.00,,,Trichobolus,1.00,Trichobolus_sp._zukalii-CA01,1.00,+,Species,Trichobolus_sp._zukalii-CA01,"k:Fungi,p:Ascomycota,c:Pezizomycetes,o:Pezizales,g:Trichobolus,s:Trichobolus_sp._zukalii-CA01"
ASV904,Fungi,1.00,Ascomycota,1.00,Pezizomycetes,1.00,Pezizales,1.00,,,Trichobolus,0.98,Trichobolus_sp._zukalii-CA01,0.98,+,Species,Trichobolus_sp._zukalii-CA01,"k:Fungi,p:Ascomycota,c:Pezizomycetes,o:Pezizales,g:Trichobolus,s:Trichobolus_sp._zukalii-CA01"
ASV903,Fungi,1.00,Ascomycota,1.00,Ascomycota_class_incertae_sedis,0.88,Ascomycota_order_incertae_sedis,0.88,Ascomycota_family_incertae_sedis,0.88,,,,,+,Family,Ascomycota_family_incertae_sedis,"k:Fungi,p:Ascomycota,c:Ascomycota_class_incertae_sedis,o:Ascomycota_order_incertae_sedis,f:Ascomycota_family_incertae_sedis"
ASV913,Fungi,1.00,Ascomycota,1.00,Sordariomycetes,1.00,,,,,Xylomelasma,1.00,Xylomelasma_sp._ZK29/08,1.00,+,Species,Xylomelasma_sp._ZK29/08,"k:Fungi,p:Ascomycota,c:Sordariomycetes,g:Xylomelasma,s:Xylomelasma_sp._ZK29/08"
ASV917,Fungi,1.00,Ascomycota,1.00,Ascomycota_class_incertae_sedis,0.89,Ascomycota_order_incertae_sedis,0.89,Ascomycota_family_incertae_sedis,0.89,Chalara,0.88,,,+,Genus,Chalara,"k:Fungi,p:Ascomycota,c:Ascomycota_class_incertae_sedis,o:Ascomycota_order_incertae_sedis,f:Ascomycota_family_incertae_sedis,g:Chalara"
ASV94,Fungi,1.00,Ascomycota,1.00,Dothideomycetes,0.99,Botryosphaeriales,0.91,Botryosphaeriaceae,0.91,Microdiplodia,0.91,Microdiplodia_sp._A18,0.86,+,Species,Microdiplodia_sp._A18,"k:Fungi,p:Ascomycota,c:Dothideomycetes,o:Botryosphaeriales,f:Botryosphaeriaceae,g:Microdiplodia,s:Microdiplodia_sp._A18"
ASV932,Fungi,1.00,Ascomycota,1.00,Pezizomycetes,0.84,Pezizales,0.84,,,Trichobolus,0.84,Trichobolus_sp._zukalii-CA01,0.84,+,Species,Trichobolus_sp._zukalii-CA01,"k:Fungi,p:Ascomycota,c:Pezizomycetes,o:Pezizales,g:Trichobolus,s:Trichobolus_sp._zukalii-CA01"
