ASV_ID,Rank,Proposed_taxon,Confidence
ASV102,Phylum,Ascomycota,0.72
ASV102,Class,Saccharomycetes,0.55
ASV102,Order,Saccharomycetales,0.55
ASV108,Order,Sordariales,0.68
ASV108,Family,Chaetomiaceae,0.31
ASV11,Family,Lasiosphaeriaceae,0.71
ASV110,Genus,Diatrype,0.74
ASV110,Species,Diatrype_stigma,0.68
ASV100,Species,Cystobasidium_laryngis,0.7
ASV115,Phylum,Basidiomycota,0.6
ASV115,Class,Agaricomycetes,0.59
ASV115,Order,Agaricales,0.22
ASV115,Family,Hydnangiaceae,0.07
ASV115,Genus,Laccaria,0.07
ASV115,Species,Laccaria_montana,0.07
ASV111,Phylum,Ascomycota,0.5
ASV111,Class,Saccharomycetes,0.16
ASV111,Order,Saccharomycetales,0.16
ASV111,Family,Trichomonascaceae,0.07
ASV111,Genus,Zygoascus,0.05
ASV111,Species,Zygoascus_meyerae,0.04
ASV120,Class,Sordariomycetes,0.64
ASV120,Order,Sordariales,0.64
ASV120,Family,Lasiosphaeriaceae,0.64
ASV120,Genus,Podospora,0.62
ASV120,Species,Podospora_glutinans,0.61
ASV123,Class,Ascomycota_class_incertae_sedis,0.67
ASV123,Order,Ascomycota_order_incertae_sedis,0.67
ASV123,Family,Ascomycota_family_incertae_sedis,0.67
ASV123,Genus,Preussia,0.67
ASV123,Species,Preussia_africana,0.27
ASV127,Phylum,Basidiomycota,0.65
ASV127,Class,Agaricomycetes,0.63
ASV127,Order,Agaricales,0.34
ASV127,Family,Hydnangiaceae,0.12
ASV127,Genus,Laccaria,0.12
ASV127,Species,Laccaria_montana,0.12
ASV12,Species,Coprinopsis_sclerotiorum,0.33
ASV125,Phylum,Ascomycota,0.69
ASV125,Class,Leotiomycetes,0.53
ASV125,Order,Helotiales,0.53
ASV128,Species,Pseudogymnoascus_pannorum,0.77
ASV130,Phylum,Basidiomycota,0.61
ASV130,Class,Agaricomycetes,0.56
ASV130,Order,Agaricales,0.3
ASV130,Family,Hydnangiaceae,0.08
ASV130,Genus,Laccaria,0.08
ASV130,Species,Laccaria_montana,0.08
ASV129,Genus,Geotrichum,0.73
ASV129,Species,Geotrichum_candidum,0.73
ASV13,Class,Ascomycota_class_incertae_sedis,0.5
ASV13,Order,Ascomycota_order_incertae_sedis,0.5
ASV13,Family,Ascomycota_family_incertae_sedis,0.5
ASV13,Genus,Preussia,0.5
ASV13,Species,Preussia_africana,0.29
ASV135,Species,Cytospora_schulzeri,0.45
ASV137,Phylum,Basidiomycota,0.69
ASV137,Class,Agaricomycetes,0.63
ASV137,Order,Agaricales,0.25
ASV137,Family,Amanitaceae,0.1
ASV137,Genus,Amanita,0.1
ASV137,Species,Amanita_flavoconia,0.05
ASV138,Genus,Cercophora,0.28
ASV138,Species,Cercophora_sulphurella,0.25
ASV139,Species,Melanogaster_broomeanus,0.56
ASV131,Phylum,Basidiomycota,0.53
ASV131,Class,Agaricomycetes,0.45
ASV131,Order,Boletales,0.21
ASV131,Family,Boletaceae,0.19
ASV131,Genus,Tylopilus,0.19
ASV131,Species,Tylopilus_cf._balloui,0.19
ASV133,Genus,Trichobolus,0.61
ASV133,Species,Trichobolus_zukalii,0.39
ASV141,Family,Nectriaceae,0.4
ASV141,Genus,Cosmospora,0.16
ASV141,Species,Cosmospora_aff._viliuscula_PC-2011,0.11
ASV142,Phylum,Basidiomycota,0.73
ASV142,Class,Agaricomycetes,0.71
ASV142,Order,Agaricales,0.27
ASV142,Family,Hydnangiaceae,0.08
ASV142,Genus,Laccaria,0.08
ASV142,Species,Laccaria_montana,0.08
ASV143,Class,Leotiomycetes,0.72
ASV143,Order,Helotiales,0.71
ASV143,Family,Hyaloscyphaceae,0.4
ASV143,Genus,Catenulifera,0.32
ASV143,Species,Catenulifera_brevicollaris,0.32
ASV144,Species,Cladosporium_oxysporum,0.54
ASV145,Phylum,Basidiomycota,0.66
ASV145,Class,Agaricomycetes,0.65
ASV145,Order,Boletales,0.25
ASV145,Family,Boletaceae,0.2
ASV145,Genus,Tylopilus,0.2
ASV145,Species,Tylopilus_cf._balloui,0.2
ASV150,Class,Sordariomycetes,0.73
ASV150,Order,Hypocreales,0.73
ASV150,Family,Nectriaceae,0.73
ASV150,Genus,Fusarium,0.66
ASV150,Species,Fusarium_solani,0.58
ASV151,Family,Sordariaceae,0.73
ASV151,Genus,Sordaria,0.73
ASV151,Species,Sordaria_araneosa,0.73
ASV154,Phylum,Basidiomycota,0.4
ASV154,Class,Agaricomycetes,0.33
ASV154,Order,Agaricales,0.27
ASV154,Family,Hydnangiaceae,0.1
ASV154,Genus,Laccaria,0.1
ASV154,Species,Laccaria_montana,0.07
ASV147,Genus,Sphaerobolus,0.79
ASV147,Species,Sphaerobolus_iowensis,0.72
ASV156,Genus,Leucosporidiella,0.52
ASV156,Species,Leucosporidiella_creatinivora,0.48
ASV159,Phylum,Basidiomycota,0.41
ASV159,Class,Agaricomycetes,0.19
ASV159,Order,Agaricales,0.11
ASV159,Family,Hygrophoraceae,0.04
ASV159,Genus,Hygrocybe,0.04
ASV159,Species,Hygrocybe_sp._CA04,0.02
ASV16,Species,Doratomyces_nanus,0.31
ASV17,Family,Sordariaceae,0.72
ASV17,Genus,Sordaria,0.72
ASV17,Species,Sordaria_araneosa,0.72
ASV170,Species,Nectria_nigrescens,0.64
ASV174,Class,Ascomycota_class_incertae_sedis,0.55
ASV174,Order,Ascomycota_order_incertae_sedis,0.55
ASV174,Family,Ascomycota_family_incertae_sedis,0.55
ASV174,Genus,Preussia,0.54
ASV174,Species,Preussia_sp.,0.36
ASV166,Class,Leotiomycetes,0.69
ASV166,Order,Helotiales,0.61
ASV166,Family,Hyaloscyphaceae,0.26
ASV166,Genus,Lachnellula,0.11
ASV166,Species,Lachnellula_tricolor,0.03
ASV168,Phylum,Entomophthoromycota,0.31
ASV168,Class,Entomophthoromycetes,0.31
ASV168,Order,Entomophthorales,0.31
ASV168,Family,Entomophthoraceae,0.27
ASV168,Genus,Pandora,0.26
ASV168,Species,Pandora_neoaphidis,0.15
ASV178,Family,Leptosphaeriaceae,0.64
ASV179,Genus,Trichobolus,0.79
ASV179,Species,Trichobolus_zukalii,0.55
ASV180,Phylum,Ascomycota,0.59
ASV180,Class,Saccharomycetes,0.29
ASV180,Order,Saccharomycetales,0.29
ASV183,Phylum,Ascomycota,0.52
ASV183,Class,Saccharomycetes,0.18
ASV183,Order,Saccharomycetales,0.18
ASV183,Family,Saccharomycetaceae,0.05
ASV183,Genus,Candida,0.04
ASV183,Species,Candida_digboiensis,0.03
ASV18,Genus,Cutaneotrichosporon,0.62
ASV18,Species,Cutaneotrichosporon_moniliiforme,0.42
ASV189,Class,Ascomycota_class_incertae_sedis,0.51
ASV189,Order,Ascomycota_order_incertae_sedis,0.51
ASV189,Family,Ascomycota_family_incertae_sedis,0.51
ASV189,Genus,Preussia,0.51
ASV189,Species,Preussia_sp.,0.24
ASV192,Species,Melanogaster_broomeanus,0.56
ASV186,Order,Capnodiales,0.48
ASV194,Genus,Neonectria,0.75
ASV194,Species,Neonectria_coccinea,0.26
ASV197,Species,Fusarium_sp._SB7-4,0.25
ASV198,Family,Phaeotremellaceae,0.57
ASV198,Genus,Phaeotremella,0.57
ASV198,Species,Phaeotremella_pseudofoliacea,0.36
ASV202,Species,Penicillium_sp._YNLF-11,0.67
ASV206,Phylum,Ascomycota,0.43
ASV206,Class,Saccharomycetes,0.12
ASV206,Order,Saccharomycetales,0.12
ASV206,Family,Trichomonascaceae,0.03
ASV206,Genus,Sugiyamaella,0.03
ASV206,Species,Sugiyamaella_qingdaonensis,0.02
ASV208,Genus,Cryptococcus,0.77
ASV208,Species,Cryptococcus_victoriae,0.6
ASV210,Class,Eurotiomycetes,0.78
ASV210,Order,Chaetothyriales,0.68
ASV210,Family,Chaetothyriaceae,0.45
ASV210,Genus,Cyphellophora,0.27
ASV210,Species,Cyphellophora_reptans,0.12
ASV212,Genus,Cutaneotrichosporon,0.56
ASV212,Species,Cutaneotrichosporon_moniliiforme,0.45
ASV200,Family,Bionectriaceae,0.51
ASV200,Genus,Acremonium,0.51
ASV200,Species,Acremonium_sp.,0.51
ASV214,Family,Stachybotryaceae,0.57
ASV214,Genus,Alfaria,0.57
ASV214,Species,Alfaria_junci,0.57
ASV215,Genus,Phoma,0.5
ASV215,Species,Phoma_multirostrata,0.45
ASV217,Phylum,Basidiomycota,0.63
ASV217,Class,Agaricomycetes,0.54
ASV217,Order,Agaricales,0.21
ASV217,Family,Inocybaceae,0.05
ASV217,Genus,Inocybe,0.05
ASV217,Species,Inocybe_acuta,0.01
ASV218,Order,Pleosporales,0.79
ASV218,Family,Pleosporales_incertae_sedis,0.41
ASV218,Genus,Didymella,0.36
ASV218,Species,Didymella_vitalbina,0.36
ASV221,Order,Tremellales,0.72
ASV221,Family,Tremellaceae,0.66
ASV221,Genus,Cryptococcus,0.63
ASV221,Species,Cryptococcus_sp.,0.63
ASV231,Order,Rhytismatales,0.56
ASV231,Family,Rhytismataceae,0.56
ASV231,Genus,Phacidiopycnis,0.53
ASV231,Species,Phacidiopycnis_sp._stklk6,0.36
ASV234,Order,Mycosphaerellales,0.6
ASV234,Family,Teratosphaeriaceae,0.35
ASV234,Genus,Teratosphaeria,0.23
ASV234,Species,Teratosphaeria_alistairii,0.07
ASV219,Family,Cordycipitaceae,0.32
ASV219,Genus,Cordyceps,0.18
ASV219,Species,Cordyceps_gunnii,0.18
ASV236,Species,Galactomyces_sp._BPY-54,0.57
ASV238,Genus,Scopulariopsis,0.49
ASV238,Species,Scopulariopsis_brevicaulis,0.48
ASV23,Species,Peyronellaea_calorpreferens,0.72
ASV239,Order,Filobasidiales,0.79
ASV239,Family,Filobasidiaceae,0.79
ASV239,Genus,Goffeauzyma,0.79
ASV239,Species,Goffeauzyma_gilvescens,0.79
ASV24,Class,Dothideomycetes,0.67
ASV24,Order,Pleosporales,0.67
ASV24,Family,Nigrogranaceae,0.63
ASV24,Genus,Nigrograna,0.63
ASV241,Phylum,Ascomycota,0.3
ASV241,Class,Saccharomycetes,0.13
ASV241,Order,Saccharomycetales,0.13
ASV241,Family,Saccharomycetaceae,0.05
ASV241,Genus,Candida,0.03
ASV241,Species,Candida_intermedia,0.02
ASV255,Species,Preussia_minima,0.53
ASV257,Species,Valsa_sp._G97,0.57
ASV259,Phylum,Basidiomycota,0.58
ASV259,Class,Agaricomycetes,0.52
ASV259,Order,Agaricales,0.25
ASV259,Family,Inocybaceae,0.05
ASV259,Genus,Inocybe,0.04
ASV259,Species,Inocybe_sphaerospora,0.01
ASV243,Species,Coprinellus_impatiens,0.49
ASV263,Class,Ascomycota_class_incertae_sedis,0.69
ASV263,Order,Ascomycota_order_incertae_sedis,0.69
ASV263,Family,Ascomycota_family_incertae_sedis,0.69
ASV263,Genus,Preussia,0.69
ASV263,Species,Preussia_africana,0.48
ASV265,Species,Armillaria_ostoyae,0.63
ASV267,Class,Leotiomycetes,0.17
ASV267,Order,Helotiales,0.17
ASV267,Family,Orbiliaceae,0.15
ASV267,Genus,Orbilia,0.14
ASV267,Species,Orbilia_aprilis,0.07
ASV269,Species,Lalaria_carpini,0.5
ASV273,Phylum,Ascomycota,0.64
ASV273,Class,Saccharomycetes,0.47
ASV273,Order,Saccharomycetales,0.47
ASV276,Phylum,Basidiomycota,0.4
ASV276,Class,Agaricomycetes,0.23
ASV276,Order,Agaricales,0.07
ASV276,Family,Entolomataceae,0.03
ASV276,Genus,Entoloma,0.02
ASV276,Species,Entoloma_flavidum,0.01
ASV277,Family,Dipodascaceae,0.79
ASV277,Genus,Galactomyces,0.61
ASV277,Species,Galactomyces_candidus,0.38
ASV279,Phylum,Basidiomycota,0.52
ASV279,Class,Agaricomycetes,0.47
ASV279,Order,Agaricales,0.31
ASV279,Family,Inocybaceae,0.05
ASV279,Genus,Inocybe,0.05
ASV279,Species,Inocybe_aff._perlata_TENN_062740,0.01
ASV28,Species,Conocybe_deliquescens,0.23
ASV272,Family,Tremellaceae,0.78
ASV272,Genus,Cryptococcus,0.71
ASV272,Species,Cryptococcus_victoriae,0.57
ASV284,Phylum,Basidiomycota,0.56
ASV284,Class,Agaricomycetes,0.53
ASV284,Order,Boletales,0.24
ASV284,Family,Boletaceae,0.23
ASV284,Genus,Tylopilus,0.23
ASV284,Species,Tylopilus_cf._balloui,0.23
ASV285,Genus,Coniochaeta,0.67
ASV285,Species,Coniochaeta_luteoviridis,0.31
ASV288,Species,Lachnellula_sp._hyalina-CA02,0.39
ASV293,Family,Lentitheciaceae,0.67
ASV293,Genus,Keissleriella,0.67
ASV293,Species,Keissleriella_sp._CA01,0.33
ASV296,Class,Dothideomycetes,0.75
ASV296,Order,Pleosporales,0.75
ASV296,Genus,Letendraea,0.71
ASV296,Species,Letendraea_sp.,0.71
ASV289,Species,Rhodotorula_sp._HB_1211,0.7
ASV302,Phylum,Basidiomycota,0.53
ASV302,Class,Agaricomycetes,0.4
ASV302,Order,Agaricales,0.12
ASV302,Family,Amanitaceae,0.05
ASV302,Genus,Amanita,0.05
ASV302,Species,Amanita_caesareoides,0.02
ASV300,Genus,Atradidymella,0.53
ASV300,Species,Atradidymella_muscivora,0.53
ASV307,Species,Lopadostoma_sp.,0.75
ASV308,Species,Hypholoma_fasciculare,0.55
ASV312,Family,Bionectriaceae,0.77
ASV312,Genus,Acremonium,0.77
ASV312,Species,Acremonium_sp.,0.75
ASV314,Genus,Diatrypella,0.79
ASV314,Species,Diatrypella_pulvinata,0.65
ASV316,Phylum,Ascomycota,0.63
ASV316,Class,Saccharomycetes,0.12
ASV316,Order,Saccharomycetales,0.12
ASV316,Family,Dipodascaceae,0.05
ASV316,Genus,Dipodascus,0.02
ASV316,Species,Dipodascus_tetrasporeus,0.02
ASV304,Order,Sordariales,0.25
ASV304,Family,Lasiosphaeriaceae,0.14
ASV304,Genus,Cercophora,0.08
ASV304,Species,Cercophora_sulphurella,0.04
ASV319,Class,Lecanoromycetes,0.43
ASV319,Order,Lecanorales,0.37
ASV319,Family,Collemataceae,0.36
ASV319,Genus,Leptogium,0.36
ASV319,Species,Leptogium_coralloideum,0.19
ASV310,Phylum,Basidiomycota,0.6
ASV310,Class,Agaricomycetes,0.48
ASV310,Order,Agaricales,0.25
ASV310,Family,Amanitaceae,0.12
ASV310,Genus,Amanita,0.12
ASV310,Species,Amanita_citrina,0.04
ASV327,Phylum,Ascomycota,0.49
ASV327,Class,Dothideomycetes,0.24
ASV327,Order,Pleosporales,0.2
ASV327,Genus,Zeloasperisporium,0.1
ASV327,Species,Zeloasperisporium_hyphopodioides,0.1
ASV330,Genus,Emmonsia,0.76
ASV330,Species,Emmonsia_parva,0.31
ASV331,Species,Preussia_sp._3305,0.63
ASV336,Genus,Cutaneotrichosporon,0.52
ASV336,Species,Cutaneotrichosporon_moniliiforme,0.36
ASV337,Class,Ascomycota_class_incertae_sedis,0.47
ASV337,Order,Ascomycota_order_incertae_sedis,0.47
ASV337,Family,Ascomycota_family_incertae_sedis,0.47
ASV337,Genus,Preussia,0.47
ASV337,Species,Preussia_africana,0.46
ASV329,Family,Teratosphaeriaceae,0.48
ASV329,Genus,Xenophacidiella,0.2
ASV329,Species,Xenophacidiella_pseudocatenata,0.2
ASV339,Species,Podospora_multipilosa,0.44
ASV341,Order,Diaporthales,0.64
ASV341,Family,Togniniaceae,0.64
ASV341,Genus,Togninia,0.64
ASV341,Species,Togninia_sp._CBS_122685,0.32
ASV345,Family,Teichosporaceae,0.77
ASV345,Genus,Teichospora,0.77
ASV345,Species,Teichospora_sp.,0.77
ASV346,Phylum,Basidiomycota,0.79
ASV346,Class,Agaricomycetes,0.76
ASV346,Order,Boletales,0.41
ASV346,Family,Boletaceae,0.4
ASV346,Genus,Tylopilus,0.4
ASV346,Species,Tylopilus_cf._balloui,0.4
ASV349,Species,Pilidium_acerinum,0.78
ASV351,Class,Sordariomycetes,0.58
ASV351,Order,Sordariales,0.58
ASV351,Family,Lasiosphaeriaceae,0.58
ASV351,Genus,Podospora,0.56
ASV351,Species,Podospora_glutinans,0.53
ASV35,Order,Sordariales,0.56
ASV35,Family,Lasiosphaeriaceae,0.56
ASV354,Phylum,Entomophthoromycota,0.27
ASV354,Class,Entomophthoromycetes,0.27
ASV354,Order,Entomophthorales,0.27
ASV354,Family,Entomophthoraceae,0.25
ASV354,Genus,Pandora,0.25
ASV354,Species,Pandora_neoaphidis,0.16
ASV348,Phylum,Ascomycota,0.59
ASV348,Class,Eurotiomycetes,0.49
ASV348,Order,Eurotiales,0.49
ASV348,Family,Trichocomaceae,0.49
ASV348,Genus,Penicillium,0.49
ASV348,Species,Penicillium_aurantiogriseum,0.19
ASV356,Species,Cystobasidium_laryngis,0.6
ASV360,Family,Mycosphaerellaceae,0.4
ASV360,Genus,Mycosphaerella,0.12
ASV360,Species,Mycosphaerella_pini,0.07
ASV371,Order,Microascales,0.69
ASV371,Genus,Sphaeronaemella,0.69
ASV371,Species,Sphaeronaemella_fragariae,0.69
ASV372,Class,Sordariomycetes,0.73
ASV372,Order,Coniochaetales,0.73
ASV372,Family,Coniochaetaceae,0.73
ASV372,Genus,Coniochaeta,0.73
ASV373,Genus,Phoma,0.49
ASV373,Species,Phoma_eupyrena,0.22
ASV361,Class,Dothideomycetes,0.5
ASV361,Order,Pleosporales,0.5
ASV361,Family,Leptosphaeriaceae,0.27
ASV363,Order,Mycosphaerellales,0.59
ASV363,Family,Teratosphaeriaceae,0.33
ASV363,Genus,Teratosphaeria,0.23
ASV363,Species,Teratosphaeria_wingfieldii,0.07
ASV377,Phylum,Ascomycota,0.69
ASV377,Class,Sordariomycetes,0.2
ASV377,Order,Hypocreales,0.07
ASV377,Family,Ophiocordycipitaceae,0.03
ASV377,Genus,Ophiocordyceps,0.03
ASV377,Species,Ophiocordyceps_heteropoda,0.03
ASV376,Genus,Penicillium,0.68
ASV376,Species,Penicillium_buchwaldii,0.43
ASV381,Species,Melanogaster_broomeanus,0.64
ASV383,Phylum,Ascomycota,0.38
ASV383,Class,Pezizomycetes,0.13
ASV383,Order,Pezizales,0.13
ASV383,Family,Morchellaceae,0.1
ASV383,Genus,Morchella,0.1
ASV383,Species,Morchella_sp.,0.09
ASV385,Species,Devriesia_strelitziicola,0.49
ASV387,Species,Rhizosphaera_pseudotsugae,0.61
ASV392,Genus,Cortinarius,0.74
ASV392,Species,Cortinarius_bivelosimilis,0.37
ASV399,Species,Coprinopsis_laanii,0.37
ASV40,Species,Cystobasidium_slooffiae,0.62
ASV400,Order,Pleosporales,0.75
ASV400,Family,Phaeosphaeriaceae,0.72
ASV400,Genus,Phaeosphaeria,0.42
ASV400,Species,Phaeosphaeria_pontiformis,0.29
ASV405,Phylum,Ascomycota,0.65
ASV405,Class,Sordariomycetes,0.17
ASV405,Order,Hypocreales,0.11
ASV405,Family,Ophiocordycipitaceae,0.05
ASV405,Genus,Ophiocordyceps,0.05
ASV405,Species,Ophiocordyceps_heteropoda,0.05
ASV404,Species,Dioszegia_crocea,0.61
ASV397,Class,Leotiomycetes,0.62
ASV397,Order,Helotiales,0.62
ASV397,Genus,Acephala,0.52
ASV397,Species,Acephala_applanata,0.27
ASV407,Class,Sordariomycetes,0.74
ASV407,Order,Hypocreales,0.41
ASV407,Family,Nectriaceae,0.13
ASV407,Genus,Fusarium,0.1
ASV407,Species,Fusarium_solani,0.04
ASV401,Order,Mycosphaerellales,0.63
ASV401,Family,Teratosphaeriaceae,0.38
ASV401,Genus,Teratosphaeria,0.28
ASV401,Species,Teratosphaeria_alistairii,0.15
ASV41,Species,Cystobasidium_minutum,0.37
ASV410,Species,Ramularia_vizellae,0.33
ASV414,Order,Mycosphaerellales,0.75
ASV414,Family,Mycosphaerellaceae,0.75
ASV414,Genus,Ramularia,0.75
ASV414,Species,Ramularia_vizellae,0.75
ASV416,Class,Tremellomycetes,0.49
ASV416,Order,Tremellales,0.49
ASV416,Genus,Bullera,0.44
ASV416,Species,Bullera_miyagiana,0.42
ASV413,Family,Stachybotryaceae,0.63
ASV413,Genus,Alfaria,0.63
ASV413,Species,Alfaria_junci,0.63
ASV423,Order,Sordariales,0.57
ASV423,Family,Lasiosphaeriaceae,0.46
ASV424,Order,Capnodiales,0.66
ASV426,Order,Tremellales,0.77
ASV426,Family,Tremellaceae,0.76
ASV426,Genus,Papiliotrema,0.68
ASV426,Species,Papiliotrema_flavescens,0.68
ASV419,Class,Agaricomycetes,0.38
ASV419,Order,Agaricales,0.16
ASV419,Family,Amanitaceae,0.06
ASV419,Genus,Amanita,0.06
ASV419,Species,Amanita_concentrica,0.02
ASV428,Genus,Mycosphaerella,0.34
ASV428,Species,Mycosphaerella_elongata,0.29
ASV429,Species,Preussia_africana,0.44
ASV433,Order,Hypocreales,0.43
ASV433,Family,Nectriaceae,0.17
ASV433,Genus,Fusarium,0.15
ASV433,Species,Fusarium_solani,0.07
ASV434,Class,Dothideomycetes,0.64
ASV434,Order,Pleosporales,0.62
ASV434,Family,Corynesporascaceae,0.32
ASV434,Genus,Corynespora,0.32
ASV434,Species,Corynespora_cassiicola,0.32
ASV438,Phylum,Glomeromycota,0.46
ASV438,Class,Glomeromycetes,0.46
ASV438,Order,Diversisporales,0.21
ASV438,Family,Acaulosporaceae,0.1
ASV438,Genus,Acaulospora,0.1
ASV435,Family,Melanommataceae,0.59
ASV435,Genus,Melanomma,0.59
ASV435,Species,Melanomma_fuscidulum,0.59
ASV44,Family,Lasiosphaeriaceae,0.45
ASV44,Genus,Podospora,0.23
ASV44,Species,Podospora_pyriformis,0.18
ASV440,Species,Dothiora_sp._CA03,0.56
ASV441,Class,Sordariomycetes,0.69
ASV441,Order,Hypocreales,0.36
ASV441,Family,Ophiocordycipitaceae,0.18
ASV441,Genus,Ophiocordyceps,0.14
ASV441,Species,Ophiocordyceps_rubiginosiperitheciata,0.06
ASV444,Class,Dothideomycetes,0.78
ASV444,Order,Mycosphaerellales,0.69
ASV444,Family,Mycosphaerellaceae,0.38
ASV444,Genus,Passalora,0.12
ASV444,Species,Passalora_fulva,0.08
ASV447,Phylum,Ascomycota,0.77
ASV447,Class,Sordariomycetes,0.22
ASV447,Order,Hypocreales,0.08
ASV447,Family,Clavicipitaceae,0.03
ASV447,Genus,Epichloe,0.03
ASV447,Species,Epichloe_typhina,0.03
ASV449,Species,Cytospora_sp.,0.77
ASV450,Genus,Cercospora,0.66
ASV450,Species,Cercospora_sp._N_JZG-2013,0.64
ASV451,Phylum,Basidiomycota,0.42
ASV451,Class,Agaricomycetes,0.36
ASV451,Order,Agaricales,0.22
ASV451,Family,Amanitaceae,0.06
ASV451,Genus,Amanita,0.06
ASV451,Species,Amanita_cf._virginiana,0.05
ASV455,Species,Exobasidium_gracile,0.61
ASV457,Class,Cystobasidiomycetes,0.47
ASV457,Order,Erythrobasidiales,0.31
ASV457,Genus,Erythrobasidium,0.17
ASV457,Species,Erythrobasidium_yunnanense,0.17
ASV460,Phylum,Basidiomycota,0.56
ASV460,Class,Agaricomycetes,0.52
ASV460,Order,Polyporales,0.2
ASV460,Family,Polyporaceae,0.11
ASV460,Genus,Trametes,0.04
ASV460,Species,Trametes_hirsuta,0.03
ASV462,Class,Leotiomycetes,0.4
ASV462,Order,Helotiales,0.34
ASV462,Family,Orbiliaceae,0.3
ASV462,Genus,Orbilia,0.14
ASV462,Species,Orbilia_aprilis,0.07
ASV464,Order,Geastrales,0.79
ASV464,Genus,Sphaerobolus,0.79
ASV464,Species,Sphaerobolus_iowensis,0.72
ASV467,Phylum,Glomeromycota,0.34
ASV467,Class,Glomeromycetes,0.34
ASV467,Order,Diversisporales,0.2
ASV467,Family,Diversisporaceae,0.1
ASV467,Genus,Redeckera,0.05
ASV467,Species,Redeckera_megalocarpa,0.04
ASV468,Family,Tremellaceae,0.79
ASV468,Genus,Cryptococcus,0.75
ASV468,Species,Cryptococcus_victoriae,0.59
ASV47,Species,Cladosporium_perangustum,0.63
ASV472,Family,Phaeosphaeriaceae,0.5
ASV472,Genus,Stagonospora,0.47
ASV472,Species,Stagonospora_sp._SRC1lsM3a,0.35
ASV476,Class,Microbotryomycetes,0.56
ASV476,Order,Sporidiobolales,0.56
ASV476,Family,Sporidiobolaceae,0.56
ASV476,Genus,Rhodotorula,0.56
ASV476,Species,Rhodotorula_sp.,0.51
ASV477,Genus,Phoma,0.51
ASV477,Species,Phoma_sp._MA_4621,0.45
ASV479,Order,Mycosphaerellales,0.75
ASV479,Family,Teratosphaeriaceae,0.58
ASV479,Genus,Teratosphaeria,0.34
ASV479,Species,Teratosphaeria_alcornii,0.08
ASV471,Class,Dothideomycetes,0.52
ASV471,Order,Pleosporales,0.49
ASV471,Genus,Phoma,0.49
ASV471,Species,Phoma_herbarum,0.49
ASV48,Species,Ramularia_vizellae,0.74
ASV490,Class,Leotiomycetes,0.63
ASV490,Order,Helotiales,0.63
ASV492,Genus,Betamyces,0.33
ASV492,Species,Betamyces_americaemeridionalis,0.33
ASV485,Class,Lichinomycetes,0.64
ASV485,Order,Lichinales,0.64
ASV485,Family,Lichinaceae,0.64
ASV485,Genus,Phylliscum,0.64
ASV485,Species,Phylliscum_demangeonii,0.64
ASV494,Phylum,Basidiomycota,0.48
ASV494,Class,Agaricomycetes,0.39
ASV494,Order,Agaricales,0.28
ASV494,Family,Hydnangiaceae,0.08
ASV494,Genus,Laccaria,0.08
ASV494,Species,Laccaria_montana,0.08
ASV495,Species,Penicillium_citreonigrum,0.67
ASV488,Class,Tremellomycetes,0.78
ASV488,Order,Tremellales,0.77
ASV488,Genus,Dioszegia,0.75
ASV488,Species,Dioszegia_crocea,0.4
ASV498,Class,Exobasidiomycetes,0.59
ASV498,Order,Exobasidiales,0.58
ASV498,Family,Brachybasidiaceae,0.51
ASV498,Genus,Meira,0.51
ASV498,Species,Meira_nashicola,0.24
ASV499,Genus,Sarcinomyces,0.27
ASV499,Species,Sarcinomyces_sp._MA_4906,0.18
ASV503,Class,Tremellomycetes,0.71
ASV503,Order,Tremellales,0.71
ASV503,Genus,Derxomyces,0.57
ASV503,Species,Derxomyces_linzhiensis,0.49
ASV507,Genus,Pilidiella,0.79
ASV507,Species,Pilidiella_granati,0.48
ASV506,Genus,Zymoseptoria,0.71
ASV506,Species,Zymoseptoria_verkleyi,0.71
ASV51,Class,Leotiomycetes,0.6
ASV51,Order,Thelebolales,0.6
ASV51,Family,Thelebolaceae,0.6
ASV501,Class,Eurotiomycetes,0.64
ASV501,Order,Chaetothyriales,0.52
ASV511,Family,Diaporthaceae,0.75
ASV511,Genus,Diaporthe,0.62
ASV511,Species,Diaporthe_impulsa,0.2
ASV512,Order,Polyporales,0.43
ASV512,Family,Meruliaceae,0.43
ASV512,Genus,Bjerkandera,0.43
ASV512,Species,Bjerkandera_adusta,0.42
ASV513,Family,Agaricostilbaceae,0.77
ASV513,Genus,Bensingtonia,0.77
ASV513,Species,Bensingtonia_changbaiensis,0.77
ASV52,Family,Bionectriaceae,0.54
ASV52,Genus,Bionectria,0.39
ASV52,Species,Bionectria_sp.,0.23
ASV521,Family,Tremellales_incertae_sedis,0.57
ASV521,Genus,Hannaella,0.57
ASV521,Species,Hannaella_coprosmaensis,0.33
ASV522,Genus,Eutypa,0.61
ASV522,Species,Eutypa_leioplaca,0.43
ASV523,Phylum,Ascomycota,0.74
ASV523,Class,Eurotiomycetes,0.17
ASV523,Order,Chaetothyriales,0.07
ASV524,Class,Leotiomycetes,0.51
ASV524,Order,Rhytismatales,0.51
ASV524,Family,Rhytismataceae,0.51
ASV524,Genus,Phacidiopycnis,0.51
ASV524,Species,Phacidiopycnis_sp._ZK17-08,0.3
ASV518,Class,Microbotryomycetes,0.49
ASV518,Order,Microbotryomycetes_incertae_sedis,0.24
ASV518,Family,Chrysozymaceae,0.24
ASV518,Genus,Fellozyma,0.19
ASV518,Species,Fellozyma_inositophila,0.19
ASV527,Class,Ascomycota_class_incertae_sedis,0.56
ASV527,Order,Ascomycota_order_incertae_sedis,0.56
ASV527,Family,Ascomycota_family_incertae_sedis,0.56
ASV527,Genus,Phialophora,0.56
ASV527,Species,Phialophora_sp._MLB-Phi,0.56
ASV528,Class,Leotiomycetes,0.54
ASV528,Order,Helotiales,0.27
ASV528,Family,Helotiaceae,0.1
ASV528,Genus,Microglossum,0.07
ASV528,Species,Microglossum_viride,0.05
ASV529,Species,Mucor_hiemalis_f._hiemalis,0.56
ASV531,Phylum,Basidiomycota,0.76
ASV531,Class,Tremellomycetes,0.54
ASV531,Order,Tremellales,0.54
ASV531,Genus,Dioszegia,0.3
ASV531,Species,Dioszegia_takashimae,0.16
ASV533,Class,Agaricostilbomycetes,0.57
ASV533,Order,Agaricostilbales,0.57
ASV533,Family,Chionosphaeraceae,0.56
ASV533,Genus,Stilbum,0.25
ASV533,Species,Stilbum_vulgare,0.25
ASV534,Phylum,Basidiomycota,0.78
ASV534,Class,Agaricomycetes,0.55
ASV534,Order,Agaricales,0.38
ASV534,Family,Psathyrellaceae,0.13
ASV534,Genus,Candolleomyces,0.05
ASV534,Species,Candolleomyces_candolleanus,0.05
ASV535,Genus,Coniochaeta,0.55
ASV535,Species,Coniochaeta_luteoviridis,0.2
ASV536,Class,Cystobasidiomycetes,0.54
ASV536,Order,Erythrobasidiales,0.49
ASV536,Genus,Erythrobasidium,0.32
ASV536,Species,Erythrobasidium_yunnanense,0.22
ASV53,Species,Doratomyces_nanus,0.75
ASV538,Species,Ramularia_proteae,0.28
ASV539,Phylum,Ascomycota,0.48
ASV539,Class,Saccharomycetes,0.25
ASV539,Order,Saccharomycetales,0.25
ASV539,Family,Saccharomycetaceae,0.1
ASV539,Genus,Candida,0.07
ASV539,Species,Candida_tropicalis,0.02
ASV532,Class,Eurotiomycetes,0.71
ASV532,Order,Chaetothyriales,0.61
ASV532,Family,Chaetothyriaceae,0.5
ASV532,Genus,Aphanophora,0.34
ASV532,Species,Aphanophora_eugeniae,0.34
ASV540,Phylum,Ascomycota,0.47
ASV540,Class,Pezizomycetes,0.12
ASV540,Order,Pezizales,0.12
ASV540,Family,Pezizaceae,0.11
ASV540,Genus,Terfezia,0.05
ASV540,Species,Terfezia_alsheikhii,0.05
ASV541,Phylum,Ascomycota,0.51
ASV543,Class,Microbotryomycetes,0.5
ASV543,Order,Sporidiobolales,0.49
ASV543,Family,Sporidiobolaceae,0.36
ASV543,Genus,Rhodotorula,0.36
ASV543,Species,Rhodotorula_lamellibrachiae,0.29
ASV544,Class,Tremellomycetes,0.74
ASV544,Order,Tremellales,0.71
ASV544,Family,Phaeotremellaceae,0.51
ASV544,Genus,Phaeotremella,0.51
ASV544,Species,Phaeotremella_pseudofoliacea,0.3
ASV545,Class,Cystobasidiomycetes,0.73
ASV545,Order,Erythrobasidiales,0.69
ASV545,Genus,Bannoa,0.61
ASV545,Species,Bannoa_sp.,0.57
ASV547,Class,Lichinomycetes,0.69
ASV547,Order,Lichinales,0.69
ASV547,Family,Lichinaceae,0.69
ASV547,Genus,Phylliscum,0.69
ASV547,Species,Phylliscum_demangeonii,0.69
ASV548,Family,Tremellaceae,0.72
ASV548,Genus,Cryptococcus,0.72
ASV548,Species,Cryptococcus_dimennae,0.36
ASV542,Phylum,Basidiomycota,0.46
ASV542,Class,Agaricomycetes,0.33
ASV542,Order,Agaricales,0.16
ASV542,Family,Cortinariaceae,0.03
ASV542,Genus,Cortinarius,0.02
ASV542,Species,Cortinarius_polaris,0.01
ASV553,Genus,Hypocrea,0.66
ASV553,Species,Hypocrea_pachybasioides,0.46
ASV554,Order,Sordariales,0.79
ASV554,Family,Lasiosphaeriaceae,0.63
ASV554,Genus,Schizothecium,0.25
ASV554,Species,Schizothecium_carpinicola,0.24
ASV557,Species,Fusarium_poae,0.45
ASV560,Class,Pucciniomycetes,0.78
ASV560,Order,Septobasidiales,0.76
ASV560,Family,Septobasidiaceae,0.76
ASV560,Genus,Septobasidium,0.42
ASV560,Species,Septobasidium_sp.,0.25
ASV56,Species,Cystobasidium_slooffiae,0.55
ASV561,Class,Pezizomycetes,0.6
ASV561,Order,Pezizales,0.6
ASV561,Family,Morchellaceae,0.17
ASV561,Genus,Morchella,0.17
ASV561,Species,Morchella_sp.,0.11
ASV563,Genus,Botryotinia,0.78
ASV563,Species,Botryotinia_fuckeliana,0.78
ASV564,Class,Dothideomycetes,0.75
ASV564,Order,Capnodiales,0.75
ASV564,Genus,Pseudoramichloridium,0.75
ASV564,Species,Pseudoramichloridium_henryi,0.75
ASV565,Phylum,Basidiomycota,0.65
ASV565,Class,Tremellomycetes,0.65
ASV565,Order,Tremellales,0.65
ASV565,Family,Tremellaceae,0.65
ASV565,Genus,Cryptococcus,0.65
ASV565,Species,Cryptococcus_sp._UI-10,0.65
ASV569,Class,Leotiomycetes,0.62
ASV569,Order,Leotiomycetes_order_Incertae_sedis,0.42
ASV569,Family,Leotiomycetes_family_incertae_sedis,0.42
ASV569,Genus,Dendrostilbella,0.42
ASV569,Species,Dendrostilbella_mycophila,0.42
ASV570,Class,Agaricomycetes,0.62
ASV570,Order,Agaricales,0.16
ASV570,Family,Tricholomataceae,0.05
ASV570,Genus,Catathelasma,0.01
ASV570,Species,Catathelasma_ventricosum,0.01
ASV57,Family,Nectriaceae,0.66
ASV57,Genus,Dialonectria,0.44
ASV57,Species,Dialonectria_episphaeria,0.44
ASV573,Phylum,Glomeromycota,0.34
ASV573,Class,Glomeromycetes,0.34
ASV573,Order,Diversisporales,0.2
ASV573,Family,Acaulosporaceae,0.15
ASV573,Genus,Acaulospora,0.15
ASV573,Species,Acaulospora_sp.,0.04
ASV572,Order,Tremellales,0.57
ASV572,Family,Tremellaceae,0.57
ASV572,Genus,Cryptococcus,0.57
ASV572,Species,Cryptococcus_wieringae,0.57
ASV574,Family,Teratosphaeriaceae,0.67
ASV574,Genus,Teratosphaeria,0.57
ASV574,Species,Teratosphaeria_ohnowa,0.29
ASV575,Species,Lentinellus_flabelliformis,0.61
ASV576,Species,Phaeococcomyces_sp.,0.78
ASV577,Class,Leotiomycetes,0.61
ASV568,Order,Capnodiales,0.62
ASV579,Genus,Cryptovalsa,0.45
ASV579,Species,Cryptovalsa_ampelina,0.45
ASV58,Phylum,Mucoromycota,0.62
ASV58,Class,Mucoromycetes,0.62
ASV58,Order,Mucorales,0.62
ASV58,Family,Pilobolaceae,0.52
ASV58,Genus,Pilobolus,0.49
ASV58,Species,Pilobolus_heterosporus,0.2
ASV571,Class,Leotiomycetes,0.39
ASV571,Order,Helotiales,0.18
ASV571,Genus,Cadophora,0.08
ASV571,Species,Cadophora_sp.,0.08
ASV581,Species,Penicillium_waksmanii,0.44
ASV589,Genus,Xerocomus,0.6
ASV589,Species,Xerocomus_badius,0.6
ASV584,Species,Paraconiothyrium_sp._HS-03,0.49
ASV591,Family,Agaricaceae,0.56
ASV591,Genus,Lycoperdon,0.56
ASV591,Species,Lycoperdon_pyriforme,0.43
ASV593,Phylum,Basidiomycota,0.46
ASV593,Class,Agaricomycetes,0.41
ASV593,Order,Agaricales,0.32
ASV593,Family,Inocybaceae,0.13
ASV593,Genus,Mallocybe,0.11
ASV593,Species,Mallocybe_pseudodulcamara,0.11
ASV588,Phylum,Ascomycota,0.53
ASV588,Class,Saccharomycetes,0.19
ASV588,Order,Saccharomycetales,0.19
ASV588,Family,Dipodascaceae,0.14
ASV588,Genus,Dipodascus,0.14
ASV588,Species,Dipodascus_tetrasporeus,0.13
ASV594,Class,Leotiomycetes,0.62
ASV594,Order,Helotiales,0.62
ASV599,Species,Dendryphion_europaeum,0.51
ASV600,Family,Phaeotremellaceae,0.74
ASV600,Genus,Phaeotremella,0.74
ASV600,Species,Phaeotremella_pseudofoliacea,0.65
ASV601,Order,Hypocreales,0.44
ASV601,Family,Nectriaceae,0.1
ASV601,Genus,Fusarium,0.07
ASV601,Species,Fusarium_solani,0.03
ASV604,Class,Eurotiomycetes,0.31
ASV604,Order,Eurotiales,0.11
ASV604,Family,Trichocomaceae,0.11
ASV604,Genus,Aspergillus,0.09
ASV604,Species,Aspergillus_sclerotiorum,0.02
ASV605,Class,Pucciniomycetes,0.72
ASV605,Order,Pucciniales,0.72
ASV605,Family,Uropyxidaceae,0.72
ASV605,Genus,Ochropsora,0.72
ASV605,Species,Ochropsora_ariae,0.72
ASV606,Species,Armillaria_sp.,0.27
ASV607,Genus,Cryptococcus,0.5
ASV607,Species,Cryptococcus_sp._Vega039,0.46
ASV611,Genus,Cryptovalsa,0.55
ASV611,Species,Cryptovalsa_ampelina,0.55
ASV610,Class,Cystobasidiomycetes,0.64
ASV610,Order,Erythrobasidiales,0.61
ASV610,Genus,Bannoa,0.53
ASV610,Species,Bannoa_sp.,0.47
ASV614,Class,Sordariomycetes,0.75
ASV614,Order,Ophiostomatales,0.75
ASV614,Family,Ophiostomataceae,0.75
ASV614,Genus,Grosmannia,0.75
ASV614,Species,Grosmannia_piceiperda,0.75
ASV615,Species,Piskurozyma_taiwanensis,0.55
ASV616,Phylum,Basidiomycota,0.78
ASV616,Class,Agaricomycetes,0.46
ASV616,Order,Agaricales,0.12
ASV616,Family,Amanitaceae,0.03
ASV616,Genus,Amanita,0.03
ASV616,Species,Amanita_silvicola,0.01
ASV619,Phylum,Ascomycota,0.72
ASV619,Class,Sordariomycetes,0.22
ASV619,Order,Hypocreales,0.1
ASV619,Family,Bionectriaceae,0.03
ASV619,Genus,Bionectria,0.03
ASV619,Species,Bionectria_cf._ochroleuca_CBS_113336,0.03
ASV618,Genus,Cortinarius,0.75
ASV618,Species,Cortinarius_cupreorufus,0.29
ASV617,Class,Leotiomycetes,0.55
ASV617,Order,Thelebolales,0.52
ASV617,Family,Thelebolaceae,0.52
ASV62,Phylum,Basidiomycota,0.52
ASV62,Class,Agaricomycetes,0.47
ASV62,Order,Agaricales,0.22
ASV62,Family,Inocybaceae,0.1
ASV62,Genus,Inocybe,0.1
ASV62,Species,Inocybe_sphaerospora,0.03
ASV620,Order,Capnodiales,0.59
ASV624,Species,Armillaria_ostoyae,0.41
ASV629,Family,Lasiosphaeriaceae,0.76
ASV629,Genus,Podospora,0.39
ASV629,Species,Podospora_multipilosa,0.12
ASV63,Species,Coprinopsis_stercorea,0.71
ASV632,Phylum,Basidiomycota,0.7
ASV632,Class,Agaricomycetes,0.63
ASV632,Order,Agaricales,0.18
ASV632,Family,Inocybaceae,0.05
ASV632,Genus,Inocybe,0.04
ASV632,Species,Inocybe_sphaerospora,0.04
ASV633,Family,Tremellaceae,0.71
ASV633,Genus,Cryptococcus,0.71
ASV633,Species,Cryptococcus_sp.,0.37
ASV635,Family,Massarinaceae,0.68
ASV635,Genus,Saccharicola,0.68
ASV635,Species,Saccharicola_sp.,0.56
ASV637,Family,Leptosphaeriaceae,0.5
ASV637,Genus,Leptosphaeria,0.46
ASV637,Species,Leptosphaeria_sp._X9,0.36
ASV642,Phylum,Basidiomycota,0.72
ASV642,Class,Agaricomycetes,0.6
ASV642,Order,Agaricales,0.28
ASV642,Family,Amanitaceae,0.08
ASV642,Genus,Amanita,0.08
ASV642,Species,Amanita_cf._princeps,0.02
ASV643,Class,Eurotiomycetes,0.77
ASV643,Order,Chaetothyriales,0.73
ASV643,Family,Chaetothyriaceae,0.46
ASV643,Genus,Ceramothyrium,0.24
ASV643,Species,Ceramothyrium_carniolicum,0.22
ASV646,Phylum,Ascomycota,0.45
ASV646,Class,Saccharomycetes,0.26
ASV646,Order,Saccharomycetales,0.26
ASV646,Family,Saccharomycetaceae,0.11
ASV646,Genus,Candida,0.05
ASV646,Species,Candida_sp._UWOPS_03-446.4,0.01
ASV64,Species,Penicillium_sp._GZU-BCEC408-2,0.42
ASV65,Species,Coprinellus_sp._micaceus-IN02,0.5
ASV649,Phylum,Ascomycota,0.75
ASV650,Order,Chaetosphaeriales,0.65
ASV650,Family,Chaetosphaeriaceae,0.65
ASV655,Class,Sordariomycetes,0.54
ASV655,Order,Chaetosphaeriales,0.54
ASV655,Family,Chaetosphaeriaceae,0.54
ASV655,Genus,Chaetosphaeria,0.53
ASV655,Species,Chaetosphaeria_myriocarpa,0.53
ASV657,Class,Sordariomycetes,0.56
ASV657,Order,Ophiostomatales,0.56
ASV657,Family,Ophiostomataceae,0.56
ASV657,Genus,Grosmannia,0.56
ASV657,Species,Grosmannia_piceiperda,0.56
ASV658,Genus,Lecythophora,0.49
ASV658,Species,Lecythophora_sp._UBCtra1453C,0.49
ASV651,Species,Myrothecium_roridum,0.62
ASV654,Class,Sordariomycetes,0.64
ASV654,Order,Hypocreales,0.61
ASV654,Family,Bionectriaceae,0.22
ASV654,Genus,Stromatonectria,0.11
ASV654,Species,Stromatonectria_caraganae,0.11
ASV662,Class,Eurotiomycetes,0.5
ASV662,Order,Eurotiales,0.28
ASV662,Genus,Phialosimplex,0.17
ASV662,Species,Phialosimplex_chlamydosporus,0.16
ASV666,Family,Leptosphaeriaceae,0.38
ASV668,Species,Epicoccum_nigrum,0.49
ASV669,Class,Ascomycota_class_incertae_sedis,0.79
ASV669,Order,Ascomycota_order_incertae_sedis,0.79
ASV669,Family,Ascomycota_family_incertae_sedis,0.79
ASV669,Genus,Phialophora,0.79
ASV669,Species,Phialophora_livistonae,0.78
ASV674,Phylum,Ascomycota,0.42
ASV674,Class,Leotiomycetes,0.14
ASV674,Order,Helotiales,0.14
ASV674,Family,Orbiliaceae,0.13
ASV674,Genus,Orbilia,0.09
ASV674,Species,Orbilia_aprilis,0.06
ASV667,Phylum,Ascomycota,0.72
ASV667,Class,Lecanoromycetes,0.18
ASV667,Order,Lecanorales,0.15
ASV667,Family,Ramalinaceae,0.11
ASV667,Genus,Ramalina,0.11
ASV667,Species,Ramalina_calicaris,0.11
ASV679,Class,Eurotiomycetes,0.67
ASV679,Order,Chaetothyriales,0.62
ASV679,Family,Herpotrichiellaceae,0.3
ASV679,Genus,Veronaea,0.12
ASV679,Species,Veronaea_japonica,0.09
ASV680,Family,Teichosporaceae,0.79
ASV680,Genus,Teichospora,0.79
ASV680,Species,Teichospora_sp._CA01,0.79
ASV682,Species,Cortinarius_desertorum,0.13
ASV683,Class,Ascomycota_class_incertae_sedis,0.5
ASV683,Order,Ascomycota_order_incertae_sedis,0.5
ASV683,Family,Ascomycota_family_incertae_sedis,0.5
ASV683,Genus,Septonema,0.5
ASV683,Species,Septonema_sp._CA01,0.44
ASV684,Class,Agaricostilbomycetes,0.7
ASV684,Order,Agaricostilbales,0.7
ASV684,Family,Kondoaceae,0.7
ASV684,Genus,Kondoa,0.7
ASV684,Species,Kondoa_chamaenerii,0.4
ASV688,Class,Eurotiomycetes,0.4
ASV688,Order,Eurotiales,0.29
ASV688,Family,Trichocomaceae,0.28
ASV688,Genus,Aspergillus,0.28
ASV688,Species,Aspergillus_nidulans,0.28
ASV689,Class,Dothideomycetes,0.78
ASV689,Order,Pleosporales,0.78
ASV689,Family,Phaeosphaeriaceae,0.72
ASV689,Genus,Parastagonospora,0.4
ASV689,Species,Parastagonospora_nodorum,0.36
ASV69,Genus,Ascochyta,0.6
ASV69,Species,Ascochyta_pinodes,0.6
ASV691,Genus,Neonectria,0.77
ASV691,Species,Neonectria_fuckeliana,0.57
ASV694,Class,Ascomycota_class_incertae_sedis,0.57
ASV694,Order,Ascomycota_order_incertae_sedis,0.57
ASV694,Family,Ascomycota_family_incertae_sedis,0.57
ASV694,Genus,Mariannaea,0.57
ASV694,Species,Mariannaea_camptospora,0.55
ASV698,Class,Tremellomycetes,0.51
ASV698,Order,Tremellales,0.51
ASV698,Genus,Bullera,0.49
ASV698,Species,Bullera_miyagiana,0.48
ASV690,Genus,Hypocrea,0.62
ASV690,Species,Hypocrea_subeffusa,0.58
ASV699,Order,Xylariales,0.6
ASV699,Family,Amphisphaeriaceae,0.6
ASV699,Genus,Truncatella,0.59
ASV699,Species,Truncatella_helichrysi,0.59
ASV7,Species,Penicillium_brevistipitatum,0.77
ASV701,Class,Lecanoromycetes,0.33
ASV701,Order,Acarosporales,0.08
ASV701,Family,Acarosporaceae,0.08
ASV701,Genus,Acarospora,0.07
ASV700,Species,Valsaria_ceratoniae,0.54
ASV702,Class,Lecanoromycetes,0.3
ASV702,Order,Umbilicariales,0.12
ASV702,Family,Umbilicariaceae,0.12
ASV702,Genus,Xylopsora,0.08
ASV702,Species,Xylopsora_friesii,0.05
ASV705,Phylum,Basidiomycota,0.61
ASV705,Class,Agaricomycetes,0.58
ASV705,Order,Boletales,0.4
ASV705,Family,Boletaceae,0.4
ASV705,Genus,Tylopilus,0.4
ASV705,Species,Tylopilus_cf._balloui,0.4
ASV703,Order,Russulales,0.6
ASV703,Family,Peniophoraceae,0.54
ASV703,Genus,Metulodontia,0.54
ASV703,Species,Metulodontia_nivea,0.54
ASV706,Class,Microbotryomycetes,0.44
ASV706,Order,Sporidiobolales,0.44
ASV706,Family,Sporidiobolaceae,0.34
ASV706,Genus,Rhodotorula,0.34
ASV706,Species,Rhodotorula_lamellibrachiae,0.26
ASV71,Species,Vishniacozyma_heimaeyensis,0.62
ASV711,Order,Mycosphaerellales,0.61
ASV711,Family,Teratosphaeriaceae,0.37
ASV711,Genus,Teratosphaeria,0.27
ASV711,Species,Teratosphaeria_encephalarti,0.08
ASV712,Species,Ballistosporomyces_sasicola,0.38
ASV714,Class,Sordariomycetes,0.74
ASV714,Order,Hypocreales,0.45
ASV714,Family,Ophiocordycipitaceae,0.37
ASV714,Genus,Ophiocordyceps,0.37
ASV714,Species,Ophiocordyceps_sinensis,0.37
ASV709,Species,Xenasma_sp._CA01,0.79
ASV716,Class,Tremellomycetes,0.57
ASV716,Order,Trichosporonales,0.36
ASV716,Family,Trichosporonaceae,0.36
ASV716,Genus,Vanrija,0.19
ASV716,Species,Vanrija_humicola,0.17
ASV717,Order,Mycosphaerellales,0.7
ASV717,Family,Teratosphaeriaceae,0.66
ASV717,Genus,Teratosphaeria,0.16
ASV717,Species,Teratosphaeria_fibrillosa,0.06
ASV718,Phylum,Glomeromycota,0.37
ASV718,Class,Glomeromycetes,0.36
ASV718,Order,Glomerales,0.21
ASV718,Family,Glomeraceae,0.21
ASV718,Genus,Glomus,0.18
ASV721,Order,Helotiales,0.79
ASV725,Class,Eurotiomycetes,0.16
ASV725,Order,Onygenales,0.07
ASV725,Family,Arthrodermataceae,0.04
ASV725,Genus,Arthroderma,0.02
ASV725,Species,Arthroderma_melis,0.02
ASV726,Family,Nectriaceae,0.64
ASV726,Genus,Volutella,0.32
ASV726,Species,Volutella_sp.,0.32
ASV728,Phylum,Ascomycota,0.63
ASV729,Species,Acremonium_cyanophagus,0.52
ASV720,Genus,Diplodia,0.77
ASV720,Species,Diplodia_sp._PDD_95985,0.72
ASV731,Class,Agaricomycetes,0.58
ASV731,Order,Agaricales,0.31
ASV731,Family,Inocybaceae,0.12
ASV731,Genus,Inocybe,0.11
ASV731,Species,Inocybe_sp._AU35,0.04
ASV733,Class,Dothideomycetes,0.69
ASV733,Order,Pleosporales,0.69
ASV733,Family,Phaeosphaeriaceae,0.41
ASV733,Genus,Paraphoma,0.41
ASV733,Species,Paraphoma_chrysanthemicola,0.41
ASV734,Family,Tremellaceae,0.66
ASV734,Genus,Bulleribasidium,0.66
ASV734,Species,Bulleribasidium_oberjochense,0.66
ASV738,Class,Sordariomycetes,0.62
ASV738,Order,Hypocreales,0.38
ASV738,Family,Cordycipitaceae,0.1
ASV738,Genus,Elaphocordyceps,0.05
ASV738,Species,Elaphocordyceps_sp._20124256c,0.04
ASV739,Family,Cordycipitaceae,0.22
ASV739,Genus,Beauveria,0.18
ASV739,Species,Beauveria_bassiana,0.17
ASV740,Class,Lecanoromycetes,0.31
ASV740,Order,Lecanorales,0.12
ASV740,Family,Parmeliaceae,0.03
ASV740,Genus,Melanelia,0.02
ASV740,Species,Melanelia_sorediella,0.02
ASV741,Order,Pleosporales,0.79
ASV742,Species,Crucibulum_laeve,0.55
ASV743,Order,Umbilicariales,0.66
ASV743,Family,Umbilicariaceae,0.66
ASV743,Genus,Umbilicaria,0.66
ASV743,Species,Umbilicaria_cinereorufescens,0.54
ASV747,Family,Helotiales_incertae_sedis,0.52
ASV747,Genus,Neofabraea,0.52
ASV747,Species,Neofabraea_alba,0.47
ASV748,Class,Agaricostilbomycetes,0.62
ASV748,Order,Agaricostilbales,0.62
ASV748,Family,Agaricostilbaceae,0.49
ASV748,Genus,Bensingtonia,0.49
ASV748,Species,Bensingtonia_changbaiensis,0.33
ASV749,Order,Trechisporales,0.56
ASV753,Class,Cystobasidiomycetes,0.32
ASV753,Order,Cystobasidiales,0.19
ASV753,Family,Cystobasidiaceae,0.19
ASV753,Genus,Cystobasidium,0.19
ASV753,Species,Cystobasidium_slooffiae,0.16
ASV754,Class,Dothideomycetes,0.73
ASV754,Order,Capnodiales,0.64
ASV754,Family,Davidiellaceae,0.55
ASV754,Genus,Devriesia,0.55
ASV754,Species,Devriesia_strelitziicola,0.55
ASV755,Class,Dothideomycetes,0.69
ASV755,Order,Mycosphaerellales,0.52
ASV755,Family,Mycosphaerellaceae,0.26
ASV755,Genus,Phaeothecoidea,0.09
ASV755,Species,Phaeothecoidea_eucalypti,0.09
ASV759,Phylum,Ascomycota,0.74
ASV759,Class,Saccharomycetes,0.47
ASV759,Order,Saccharomycetales,0.47
ASV759,Family,Saccharomycetaceae,0.23
ASV759,Genus,Candida,0.21
ASV759,Species,Candida_morakotiae,0.07
ASV760,Species,Penicillium_concentricum,0.35
ASV763,Family,Phaeotremellaceae,0.66
ASV763,Genus,Phaeotremella,0.66
ASV763,Species,Phaeotremella_pseudofoliacea,0.47
ASV766,Family,Massarinaceae,0.68
ASV766,Genus,Saccharicola,0.68
ASV766,Species,Saccharicola_sp.,0.53
ASV768,Genus,Candolleomyces,0.78
ASV768,Species,Candolleomyces_candolleanus,0.78
ASV77,Species,Fusarium_sp._SB7-4,0.37
ASV764,Class,Tremellomycetes,0.7
ASV764,Order,Tremellales,0.7
ASV764,Genus,Derxomyces,0.44
ASV764,Species,Derxomyces_linzhiensis,0.34
ASV771,Order,Lecanorales,0.47
ASV771,Family,Parmeliaceae,0.17
ASV771,Genus,Cetraria,0.04
ASV771,Species,Cetraria_sepincola,0.03
ASV772,Order,Umbilicariales,0.79
ASV772,Family,Umbilicariaceae,0.79
ASV772,Genus,Umbilicaria,0.79
ASV772,Species,Umbilicaria_cinereorufescens,0.73
ASV774,Phylum,Basidiomycota,0.77
ASV774,Class,Exobasidiomycetes,0.48
ASV774,Order,Exobasidiales,0.46
ASV774,Family,Brachybasidiaceae,0.38
ASV774,Genus,Meira,0.38
ASV774,Species,Meira_nashicola,0.18
ASV775,Class,Mixiomycetes,0.6
ASV775,Order,Mixiales,0.6
ASV775,Family,Mixiaceae,0.6
ASV775,Genus,Mixia,0.6
ASV775,Species,Mixia_osmundae,0.6
ASV780,Class,Sordariomycetes,0.54
ASV780,Order,Hypocreales,0.54
ASV780,Family,Cordycipitaceae,0.54
ASV780,Genus,Simplicillium,0.54
ASV780,Species,Simplicillium_chinense,0.54
ASV782,Species,Paralepista_flaccida,0.64
ASV783,Family,Niessliaceae,0.78
ASV783,Genus,Niesslia,0.78
ASV783,Species,Niesslia_sp._CA02,0.78
ASV777,Phylum,Basidiomycota,0.5
ASV777,Class,Agaricomycetes,0.41
ASV777,Order,Agaricales,0.14
ASV777,Family,Inocybaceae,0.07
ASV777,Genus,Inocybe,0.07
ASV777,Species,Inocybe_lanuginosa,0.06
ASV784,Family,Xylariaceae,0.62
ASV784,Genus,Nemania,0.23
ASV784,Species,Nemania_serpens,0.19
ASV787,Species,Umbelopsis_angularis,0.71
ASV779,Species,Lachnellula_sp._hyalina-CA02,0.42
ASV788,Family,Phaeotremellaceae,0.49
ASV788,Genus,Phaeotremella,0.49
ASV788,Species,Phaeotremella_pseudofoliacea,0.28
ASV789,Genus,Pseudocercospora,0.22
ASV789,Species,Pseudocercospora_sp._CPC_15116,0.07
ASV793,Class,Ascomycota_class_incertae_sedis,0.74
ASV793,Order,Ascomycota_order_incertae_sedis,0.74
ASV793,Family,Ascomycota_family_incertae_sedis,0.74
ASV793,Genus,Phialophora,0.74
ASV793,Species,Phialophora_sp._WRCF-AB8,0.74
ASV794,Phylum,Basidiomycota,0.54
ASV794,Class,Agaricomycetes,0.45
ASV794,Order,Agaricales,0.2
ASV794,Family,Typhulaceae,0.04
ASV794,Genus,Typhula,0.04
ASV794,Species,Typhula_sp.,0.02
ASV796,Phylum,Ascomycota,0.57
ASV797,Phylum,Basidiomycota,0.62
ASV797,Class,Agaricomycetes,0.26
ASV797,Order,Agaricales,0.14
ASV797,Family,Inocybaceae,0.03
ASV797,Genus,Inocybe,0.03
ASV797,Species,Inocybe_sp._CA10,0.01
ASV798,Species,Sarea_sp._A2-1-2-A1,0.54
ASV80,Phylum,Basidiomycota,0.53
ASV80,Class,Agaricomycetes,0.43
ASV80,Order,Agaricales,0.33
ASV80,Family,Hydnangiaceae,0.12
ASV80,Genus,Laccaria,0.12
ASV80,Species,Laccaria_montana,0.11
ASV799,Family,Leptosphaeriaceae,0.58
ASV799,Genus,Leptosphaeria,0.54
ASV799,Species,Leptosphaeria_proteicola,0.42
ASV8,Genus,Antarctomyces,0.67
ASV8,Species,Antarctomyces_psychrotrophicus,0.67
ASV800,Species,Dioszegia_crocea,0.57
ASV795,Family,Flammocladiellaceae,0.6
ASV795,Genus,Flammocladiella,0.6
ASV795,Species,Flammocladiella_decora,0.6
ASV801,Phylum,Basidiomycota,0.36
ASV801,Class,Agaricomycetes,0.27
ASV801,Order,Agaricales,0.13
ASV801,Family,Amanitaceae,0.07
ASV801,Genus,Amanita,0.07
ASV801,Species,Amanita_cf._virginiana,0.04
ASV804,Family,Bionectriaceae,0.51
ASV804,Genus,Gliomastix,0.51
ASV804,Species,Gliomastix_cerealis,0.51
ASV806,Class,Lecanoromycetes,0.38
ASV806,Order,Umbilicariales,0.18
ASV806,Family,Umbilicariaceae,0.18
ASV806,Genus,Umbilicaria,0.17
ASV806,Species,Umbilicaria_haplocarpa,0.08
ASV802,Class,Dothideomycetes,0.41
ASV802,Order,Pleosporales,0.38
ASV812,Class,Ascomycota_class_incertae_sedis,0.55
ASV812,Order,Ascomycota_order_incertae_sedis,0.55
ASV812,Family,Pseudeurotiaceae,0.55
ASV814,Class,Agaricomycetes,0.5
ASV814,Order,Agaricales,0.21
ASV814,Family,Hygrophoraceae,0.07
ASV814,Genus,Gliophorus,0.04
ASV814,Species,Gliophorus_aff._psittacinus,0.02
ASV808,Species,Capronia_sp._94005a,0.47
ASV821,Family,Phaeosphaeriaceae,0.44
ASV821,Genus,Phaeosphaeria,0.25
ASV821,Species,Phaeosphaeria_sp._3351,0.12
ASV824,Order,Tubeufiales,0.79
ASV824,Family,Tubeufiaceae,0.79
ASV824,Genus,Monodictys,0.79
ASV824,Species,Monodictys_sp._MA_4647,0.79
ASV826,Phylum,Basidiomycota,0.39
ASV826,Class,Agaricomycetes,0.34
ASV826,Order,Agaricales,0.27
ASV826,Family,Amanitaceae,0.06
ASV826,Genus,Limacella,0.03
ASV826,Species,Limacella_ochraceoluta,0.02
ASV825,Class,Leotiomycetes,0.7
ASV825,Order,Helotiales,0.67
ASV827,Phylum,Basidiomycota,0.64
ASV827,Class,Exobasidiomycetes,0.51
ASV827,Order,Exobasidiales,0.49
ASV827,Family,Brachybasidiaceae,0.46
ASV827,Genus,Meira,0.46
ASV827,Species,Meira_nashicola,0.25
ASV828,Order,Sordariales,0.43
ASV828,Family,Lasiosphaeriaceae,0.21
ASV828,Genus,Cercophora,0.07
ASV828,Species,Cercophora_sulphurella,0.05
ASV831,Class,Saccharomycetes,0.27
ASV831,Order,Saccharomycetales,0.27
ASV831,Family,Saccharomycetaceae,0.12
ASV831,Genus,Kazachstania,0.03
ASV831,Species,Kazachstania_aquatica,0.02
ASV834,Phylum,Basidiomycota,0.55
ASV834,Class,Microbotryomycetes,0.33
ASV834,Order,Microbotryomycetes_incertae_sedis,0.16
ASV834,Family,Chrysozymaceae,0.16
ASV834,Genus,Fellozyma,0.12
ASV834,Species,Fellozyma_inositophila,0.12
ASV835,Genus,Tephrocybe,0.72
ASV835,Species,Tephrocybe_sp._CA03,0.72
ASV838,Species,Dothiora_sp._CA01,0.61
ASV839,Class,Sordariomycetes,0.79
ASV839,Order,Sordariales,0.2
ASV839,Family,Chaetomiaceae,0.1
ASV84,Genus,Cercophora,0.52
ASV84,Species,Cercophora_areolata,0.48
ASV840,Species,Cytospora_mougeotii,0.47
ASV841,Class,Ascomycota_class_incertae_sedis,0.72
ASV841,Order,Ascomycota_order_incertae_sedis,0.72
ASV841,Family,Ascomycota_family_incertae_sedis,0.72
ASV841,Genus,Phialophora,0.72
ASV841,Species,Phialophora_sp._MLB-Phi,0.72
ASV843,Genus,Stachybotrys,0.79
ASV843,Species,Stachybotrys_cf._elegans_HGUP_0208,0.38
ASV844,Order,Helotiales,0.79
ASV848,Order,Mycosphaerellales,0.67
ASV848,Family,Mycosphaerellaceae,0.61
ASV848,Genus,Mycosphaerella,0.6
ASV848,Species,Mycosphaerella_sp._AM-2006c,0.52
ASV850,Phylum,Ascomycota,0.61
ASV850,Class,Taphrinomycetes,0.49
ASV850,Order,Taphrinales,0.49
ASV850,Family,Taphrinaceae,0.47
ASV850,Genus,Taphrina,0.45
ASV850,Species,Taphrina_sp.,0.25
ASV854,Class,Leotiomycetes,0.33
ASV854,Order,Helotiales,0.16
ASV857,Family,Helotiaceae,0.37
ASV857,Genus,Articulospora,0.34
ASV857,Species,Articulospora_sp.,0.34
ASV859,Class,Sordariomycetes,0.62
ASV859,Order,Xylariales,0.24
ASV859,Family,Hyponectriaceae,0.13
ASV859,Genus,Pseudomassaria,0.13
ASV859,Species,Pseudomassaria_fallax,0.13
ASV858,Class,Dothideomycetes,0.52
ASV858,Order,Pleosporales,0.52
ASV858,Family,Pleosporaceae,0.48
ASV858,Genus,Pyrenochaeta,0.48
ASV858,Species,Pyrenochaeta_sp.,0.41
ASV86,Phylum,Basidiomycota,0.63
ASV86,Class,Agaricomycetes,0.55
ASV86,Order,Agaricales,0.25
ASV86,Family,Amanitaceae,0.14
ASV86,Genus,Amanita,0.14
ASV86,Species,Amanita_citrina,0.03
ASV862,Phylum,Ascomycota,0.66
ASV862,Class,Pezizomycetes,0.16
ASV862,Order,Pezizales,0.16
ASV862,Family,Pezizaceae,0.08
ASV862,Genus,Terfezia,0.02
ASV862,Species,Terfezia_aff._olbiensis_TLO-3,0.02
ASV864,Species,Fusarium_sp._SB7-4,0.46
ASV865,Species,Penicillium_crustosum,0.31
ASV867,Phylum,Basidiomycota,0.37
ASV867,Class,Agaricomycetes,0.33
ASV867,Order,Agaricales,0.21
ASV867,Family,Inocybaceae,0.06
ASV867,Genus,Inocybe,0.04
ASV867,Species,Inocybe_sphaerospora,0.02
ASV860,Order,Hypocreales,0.5
ASV860,Family,Bionectriaceae,0.34
ASV860,Genus,Acremonium,0.34
ASV860,Species,Acremonium_antarcticum,0.33
ASV868,Phylum,Ascomycota,0.76
ASV868,Class,Saccharomycetes,0.49
ASV868,Order,Saccharomycetales,0.49
ASV861,Phylum,Basidiomycota,0.76
ASV861,Class,Agaricomycetes,0.68
ASV861,Order,Polyporales,0.17
ASV861,Family,Polyporaceae,0.13
ASV861,Genus,Pyrofomes,0.05
ASV861,Species,Pyrofomes_demidoffii,0.05
ASV869,Family,Hyaloscyphaceae,0.6
ASV869,Genus,Calycina,0.52
ASV869,Species,Calycina_herbarum,0.29
ASV87,Species,Galactomyces_candidus,0.78
ASV870,Phylum,Basidiomycota,0.77
ASV870,Class,Agaricomycetes,0.64
ASV870,Order,Agaricales,0.32
ASV870,Family,Hygrophoraceae,0.07
ASV870,Genus,Dictyonema,0.04
ASV870,Species,Dictyonema_sp._Nelsen_3754,0.02
ASV872,Family,Helotiaceae,0.51
ASV872,Genus,Bisporella,0.5
ASV872,Species,Bisporella_sulfurina,0.5
ASV871,Family,Dermateaceae,0.47
ASV871,Genus,Diplonaevia,0.46
ASV871,Species,Diplonaevia_bresadolae,0.46
ASV874,Species,Coprinopsis_sp.,0.78
ASV876,Phylum,Basidiomycota,0.34
ASV876,Class,Agaricomycetes,0.25
ASV876,Order,Agaricales,0.23
ASV876,Family,Amanitaceae,0.17
ASV876,Genus,Amanita,0.17
ASV876,Species,Amanita_cf._baccata,0.06
ASV877,Species,Melanoleuca_sp._IN01,0.33
ASV879,Species,Exobasidium_inconspicuum,0.5
ASV878,Phylum,Ascomycota,0.57
ASV873,Class,Dothideomycetes,0.52
ASV873,Order,Pleosporales,0.48
ASV875,Phylum,Ascomycota,0.5
ASV875,Class,Eurotiomycetes,0.13
ASV875,Order,Eurotiales,0.11
ASV875,Family,Trichocomaceae,0.11
ASV875,Genus,Aspergillus,0.09
ASV875,Species,Aspergillus_nidulans,0.09
ASV884,Species,Cystobasidium_laryngis,0.73
ASV885,Class,Dothideomycetes,0.47
ASV885,Order,Tubeufiales,0.46
ASV885,Family,Tubeufiaceae,0.46
ASV885,Genus,Monodictys,0.46
ASV885,Species,Monodictys_sp._MA_4647,0.46
ASV889,Species,Cortinarius_venetus,0.69
ASV890,Genus,Nectria,0.35
ASV890,Species,Nectria_sp._DSFN_1014,0.2
ASV892,Class,Cystobasidiomycetes,0.42
ASV892,Order,Erythrobasidiales,0.31
ASV892,Genus,Bannoa,0.15
ASV892,Species,Bannoa_hahajimensis,0.09
ASV893,Genus,Coprinopsis,0.68
ASV893,Species,Coprinopsis_cinerea,0.68
ASV888,Phylum,Basidiomycota,0.45
ASV888,Class,Agaricomycetes,0.37
ASV888,Order,Agaricales,0.21
ASV888,Family,Inocybaceae,0.03
ASV888,Genus,Inocybe,0.03
ASV888,Species,Inocybe_sphaerospora,0.03
ASV898,Class,Dothideomycetes,0.67
ASV898,Order,Microthyriales,0.66
ASV898,Family,Leptopeltidaceae,0.66
ASV898,Genus,Dothiopeltis,0.66
ASV898,Species,Dothiopeltis_n._sp.,0.66
ASV899,Order,Mycosphaerellales,0.54
ASV899,Family,Mycosphaerellaceae,0.54
ASV899,Genus,Pseudocercosporella,0.54
ASV899,Species,Pseudocercosporella_fraxini,0.54
ASV9,Family,Lasiosphaeriaceae,0.43
ASV9,Genus,Cercophora,0.22
ASV9,Species,Cercophora_areolata,0.1
ASV900,Class,Lecanoromycetes,0.32
ASV900,Order,Umbilicariales,0.15
ASV900,Family,Umbilicariaceae,0.15
ASV900,Genus,Umbilicaria,0.15
ASV900,Species,Umbilicaria_haplocarpa,0.11
ASV902,Class,Microbotryomycetes,0.34
ASV902,Genus,Sampaiozyma,0.1
ASV902,Species,Sampaiozyma_ingeniosa,0.1
ASV906,Order,Sordariomycetes_incertae_sedis,0.23
ASV906,Family,Thyridiaceae,0.23
ASV906,Genus,Thyridium,0.23
ASV908,Class,Pezizomycetes,0.63
ASV908,Order,Pezizales,0.63
ASV908,Family,Morchellaceae,0.25
ASV908,Genus,Morchella,0.24
ASV908,Species,Morchella_sp.,0.14
ASV909,Species,Coprinopsis_stercorea,0.76
ASV903,Genus,Helminthosporium,0.63
ASV903,Species,Helminthosporium_sp.,0.63
ASV910,Family,Melanommataceae,0.28
ASV910,Genus,Melanomma,0.28
ASV910,Species,Melanomma_fuscidulum,0.25
ASV917,Species,Chalara_sp.,0.78
ASV92,Phylum,Basidiomycota,0.66
ASV92,Class,Agaricomycetes,0.51
ASV92,Order,Agaricales,0.33
ASV92,Family,Hygrophoraceae,0.05
ASV92,Genus,Dictyonema,0.03
ASV92,Species,Dictyonema_schenckianum,0.02
ASV914,Species,Hebeloma_laterinum,0.63
ASV923,Class,Ascomycota_class_incertae_sedis,0.74
ASV923,Order,Ascomycota_order_incertae_sedis,0.74
ASV923,Family,Ascomycota_family_incertae_sedis,0.74
ASV923,Genus,Pseudomicrodochium,0.74
ASV923,Species,Pseudomicrodochium_sp.,0.74
ASV924,Genus,Cutaneotrichosporon,0.68
ASV924,Species,Cutaneotrichosporon_moniliiforme,0.5
ASV925,Phylum,Basidiomycota,0.57
ASV925,Class,Agaricomycetes,0.46
ASV925,Order,Agaricales,0.33
ASV925,Family,Amanitaceae,0.18
ASV925,Genus,Amanita,0.18
ASV925,Species,Amanita_cf._virginiana,0.09
ASV918,Class,Cystobasidiomycetes,0.49
ASV918,Order,Cystobasidiales,0.37
ASV918,Family,Cystobasidiaceae,0.26
ASV918,Genus,Cystobasidium,0.26
ASV918,Species,Cystobasidium_slooffiae,0.19
ASV926,Class,Pucciniomycetes,0.61
ASV926,Order,Pucciniales,0.61
ASV926,Family,Uropyxidaceae,0.61
ASV926,Genus,Ochropsora,0.61
ASV926,Species,Ochropsora_ariae,0.61
ASV927,Species,Coprinellus_impatiens,0.49
ASV930,Class,Eurotiomycetes,0.78
ASV930,Order,Chaetothyriales,0.78
ASV930,Genus,Strelitziana,0.75
ASV930,Species,Strelitziana_albiziae,0.72
ASV93,Species,Penicillium_brevistipitatum,0.5
ASV933,Phylum,Ascomycota,0.59
ASV933,Class,Leotiomycetes,0.23
ASV933,Order,Helotiales,0.22
ASV933,Family,Orbiliaceae,0.08
ASV933,Genus,Orbilia,0.06
ASV933,Species,Orbilia_aprilis,0.04
ASV935,Class,Sordariomycetes,0.65
ASV936,Phylum,Basidiomycota,0.38
ASV936,Class,Agaricomycetes,0.28
ASV936,Order,Agaricales,0.23
ASV936,Family,Entolomataceae,0.06
ASV936,Genus,Entoloma,0.06
ASV929,Genus,Diplodia,0.75
ASV929,Species,Diplodia_sp._PDD_95985,0.71
ASV937,Class,Ascomycota_class_incertae_sedis,0.61
ASV937,Order,Ascomycota_order_incertae_sedis,0.61
ASV937,Family,Ascomycota_family_incertae_sedis,0.61
ASV937,Genus,Kirstenboschia,0.61
ASV937,Species,Kirstenboschia_diospyri,0.61
ASV938,Phylum,Ascomycota,0.65
ASV938,Class,Lecanoromycetes,0.21
ASV938,Order,Lecanorales,0.15
ASV938,Family,Collemataceae,0.1
ASV938,Genus,Leptogium,0.1
ASV938,Species,Leptogium_coralloideum,0.09
ASV942,Species,Leccinellum_pseudoscabrum,0.75
ASV945,Phylum,Basidiomycota,0.64
ASV945,Class,Agaricomycetes,0.56
ASV945,Order,Agaricales,0.27
ASV945,Family,Inocybaceae,0.14
ASV945,Genus,Inocybe,0.13
ASV945,Species,Inocybe_inodora,0.02
ASV946,Class,Dothideomycetes,0.45
ASV946,Order,Pleosporales,0.44
ASV948,Class,Leotiomycetes,0.7
ASV948,Order,Thelebolales,0.69
ASV948,Family,Thelebolaceae,0.69
ASV951,Phylum,Ascomycota,0.41
ASV951,Class,Leotiomycetes,0.06
ASV951,Order,Helotiales,0.06
ASV951,Family,Hyaloscyphaceae,0.03
ASV951,Genus,Calycina,0.03
ASV951,Species,Calycina_citrina,0.03
ASV950,Genus,Udeniozyma,0.35
ASV950,Species,Udeniozyma_ferulica,0.35
ASV96,Family,Bionectriaceae,0.74
ASV96,Genus,Acremonium,0.71
ASV96,Species,Acremonium_sp.,0.71
ASV943,Species,Taphrina_americana,0.3
ASV97,Class,Eurotiomycetes,0.31
ASV97,Order,Eurotiales,0.11
ASV97,Family,Trichocomaceae,0.09
ASV97,Genus,Penicillium,0.05
ASV97,Species,Penicillium_charlesii,0.01
ASV947,Species,Lycoperdon_subumbrinum,0.55
ASV98,Genus,Cutaneotrichosporon,0.61
ASV98,Species,Cutaneotrichosporon_moniliiforme,0.51
ASV99,Class,Pezizomycetes,0.63
ASV99,Order,Pezizales,0.63
ASV99,Family,Morchellaceae,0.24
ASV99,Genus,Morchella,0.24
ASV99,Species,Morchella_sp.,0.15
