Query ID,Tree,Tax Rank,Phylum,Class,Order,Family,Subfamily,Tribe,Genus,Species,Confidence,Supporting Recs
ASV1053, Tree,GENUS,Tracheophyta,Magnoliopsida,Rosales,Rosaceae,Rosoideae,,Rubus,,100.0,100
ASV1123, Tree,GENUS,Tracheophyta,Magnoliopsida,Rosales,Rosaceae,Rosoideae,,Rubus,,100.0,100
ASV1137, Tree,GENUS,Tracheophyta,Magnoliopsida,Rosales,Rosaceae,Rosoideae,,Rubus,,100.0,100
ASV1104, Tree,CLASS,Tracheophyta,Magnoliopsida,,,,,,,100.0,95
ASV1033, Tree,CLASS,Tracheophyta,Magnoliopsida,,,,,,,100.0,94
ASV1089, Tree,CLASS,Tracheophyta,Magnoliopsida,,,,,,,100.0,94
ASV1157, Tree,CLASS,Tracheophyta,Magnoliopsida,,,,,,,100.0,94
ASV117, Tree,CLASS,Tracheophyta,Magnoliopsida,,,,,,,100.0,88
ASV130, Tree,CLASS,Tracheophyta,Magnoliopsida,,,,,,,100.0,88
ASV1087, Tree,SUBFAMILY,Tracheophyta,Magnoliopsida,Brassicales,Brassicaceae,Brassicoideae,,,,100.0,85
ASV1160, Tree,CLASS,Tracheophyta,Magnoliopsida,,,,,,,100.0,73
ASV1057, Tree,GENUS,Tracheophyta,Magnoliopsida,Rosales,Rosaceae,Rosoideae,,Rubus,,100.0,35
ASV155, Tree,GENUS,Tracheophyta,Magnoliopsida,Rosales,Rosaceae,Rosoideae,,Rubus,,100.0,35
ASV1058, Tree,GENUS,Tracheophyta,Magnoliopsida,Rosales,Rosaceae,Rosoideae,,Rubus,,100.0,26
ASV1153, Tree,GENUS,Tracheophyta,Magnoliopsida,Rosales,Rosaceae,Rosoideae,,Rubus,,100.0,12
ASV1114, Tree,SUBFAMILY,Tracheophyta,Magnoliopsida,Rosales,Rosaceae,Rosoideae,,,,100.0,10
ASV1090, Tree,GENUS,Tracheophyta,Magnoliopsida,Fagales,Betulaceae,Coryloideae,,Corylus,,100.0,8
ASV1190, Tree,GENUS,Tracheophyta,Magnoliopsida,Fagales,Betulaceae,Coryloideae,,Corylus,,100.0,8
ASV1014, Tree,GENUS,Tracheophyta,Magnoliopsida,Rosales,Rosaceae,Rosoideae,,Rubus,,100.0,6
ASV1032, Tree,SUBFAMILY,Tracheophyta,Magnoliopsida,Apiales,Apiaceae,Apioideae,,,,100.0,5
ASV123, Tree,GENUS,Tracheophyta,Magnoliopsida,Rosales,Rosaceae,Rosoideae,,Aremonia,,100.0,1
ASV1337, Tree,GENUS,Tracheophyta,Magnoliopsida,Rosales,Rosaceae,Rosoideae,,Rubus,,99.99,26
ASV125, Tree,GENUS,Tracheophyta,Magnoliopsida,Rosales,Rosaceae,Rosoideae,,Rubus,,99.97,92
ASV1094, Tree,GENUS,Tracheophyta,Magnoliopsida,Fagales,Betulaceae,Coryloideae,,Corylus,,99.95,8
ASV127, Tree,GENUS,Tracheophyta,Magnoliopsida,Rosales,Rosaceae,Rosoideae,,Rubus,,99.9,90
ASV1064, Tree,GENUS,Tracheophyta,Magnoliopsida,Rosales,Rosaceae,Rosoideae,,Rubus,,99.87,27
ASV131, Tree,GENUS,Tracheophyta,Magnoliopsida,Rosales,Rosaceae,Rosoideae,,Rubus,,99.7,94
ASV1257, Tree,CLASS,Tracheophyta,Magnoliopsida,,,,,,,99.61,95
ASV14, Tree,GENUS,Tracheophyta,Magnoliopsida,Rosales,Rosaceae,Rosoideae,,Rubus,,99.6,98
ASV1017, Tree,GENUS,Tracheophyta,Magnoliopsida,Rosales,Rosaceae,Rosoideae,,Rubus,,99.59,96
ASV13, Tree,GENUS,Tracheophyta,Magnoliopsida,Rosales,Rosaceae,Rosoideae,,Rubus,,99.58,98
ASV157, Tree,GENUS,Tracheophyta,Magnoliopsida,Ranunculales,Ranunculaceae,Ranunculoideae,,Clematis,,99.49,70
ASV1312, Tree,GENUS,Tracheophyta,Magnoliopsida,Rosales,Rosaceae,Rosoideae,,Rubus,,99.46,35
ASV1060, Tree,GENUS,Tracheophyta,Magnoliopsida,Rosales,Rosaceae,Rosoideae,,Rubus,,99.45,37
ASV1336, Tree,GENUS,Tracheophyta,Magnoliopsida,Rosales,Rosaceae,Rosoideae,,Rubus,,99.44,35
ASV1, Tree,GENUS,Tracheophyta,Magnoliopsida,Rosales,Rosaceae,Rosoideae,,Rubus,,99.33,98
ASV1100, Tree,GENUS,Tracheophyta,Magnoliopsida,Rosales,Rosaceae,Rosoideae,,Rubus,,99.32,98
ASV1035, Tree,CLASS,Tracheophyta,Magnoliopsida,,,,,,,99.31,95
ASV152, Tree,GENUS,Tracheophyta,Magnoliopsida,Rosales,Rosaceae,Rosoideae,,Rubus,,99.3,97
ASV1072, Tree,GENUS,Tracheophyta,Magnoliopsida,Rosales,Rosaceae,Rosoideae,,Rubus,,99.29,93
ASV121, Tree,CLASS,Tracheophyta,Magnoliopsida,,,,,,,99.24,95
ASV1125, Tree,CLASS,Tracheophyta,Magnoliopsida,,,,,,,99.21,94
ASV1086, Tree,GENUS,Tracheophyta,Magnoliopsida,Rosales,Rosaceae,Rosoideae,,Rubus,,99.06,69
ASV11, Tree,GENUS,Tracheophyta,Magnoliopsida,Malpighiales,Violaceae,Violoideae,,Viola,,98.72,96
ASV100, Tree,GENUS,Tracheophyta,Magnoliopsida,Rosales,Rosaceae,Rosoideae,,Rubus,,98.55,79
ASV105, Tree,GENUS,Tracheophyta,Magnoliopsida,Rosales,Rosaceae,Rosoideae,,Rubus,,98.54,78
ASV146, Tree,SUBFAMILY,Tracheophyta,Magnoliopsida,Fabales,Fabaceae,Papilionoideae,,,,98.35,52
ASV1040, Tree,GENUS,Tracheophyta,Magnoliopsida,Boraginales,Boraginaceae,,,Omphalodes,,98.2,6
ASV1031, Tree,FAMILY,Tracheophyta,Magnoliopsida,Malpighiales,Violaceae,,,,,97.62,12
ASV120, Tree,GENUS,Tracheophyta,Magnoliopsida,Asterales,Asteraceae,Asteroideae,,Solidago,,96.17,96
ASV1102, Tree,GENUS,Tracheophyta,Magnoliopsida,Rosales,Rosaceae,Amygdaloideae,,Sorbus,,95.71,50
ASV1154, Tree,SUBFAMILY,Tracheophyta,Magnoliopsida,Rosales,Rosaceae,Rosoideae,,,,95.07,73
ASV1374, Tree,GENUS,Tracheophyta,Magnoliopsida,Lamiales,Lamiaceae,Lamioideae,,Lamium,,93.33,11
ASV12, Tree,SUBFAMILY,Tracheophyta,Magnoliopsida,Brassicales,Brassicaceae,Brassicoideae,,,,91.13,56
ASV1028, Tree,GENUS,Tracheophyta,Magnoliopsida,Rosales,Rosaceae,Rosoideae,,Rubus,,90.32,85
ASV1261, Tree,FAMILY,Tracheophyta,Magnoliopsida,Fagales,Fagaceae,,,,,90.05,19
ASV1215, Tree,SUBFAMILY,Tracheophyta,Magnoliopsida,Rosales,Rosaceae,Rosoideae,,,,88.82,80
ASV1116, Tree,SUBFAMILY,Tracheophyta,Magnoliopsida,Boraginales,Boraginaceae,Cynoglossoideae,,,,85.68,14
ASV1061, Tree,FAMILY,Tracheophyta,Magnoliopsida,Asterales,Asteraceae,,,,,84.45,84
ASV1206, Tree,SUBFAMILY,Tracheophyta,Magnoliopsida,Fagales,Betulaceae,Coryloideae,,,,79.71,60
ASV1066, Tree,FAMILY,Tracheophyta,Magnoliopsida,Boraginales,Boraginaceae,,,,,78.97,65
ASV1159, Tree,SUBFAMILY,Tracheophyta,Magnoliopsida,Asterales,Asteraceae,Asteroideae,,,,78.43,38
ASV1041, Tree,SUBFAMILY,Tracheophyta,Magnoliopsida,Asterales,Asteraceae,Asteroideae,,,,75.57,22
ASV1103, Tree,SUBFAMILY,Tracheophyta,Magnoliopsida,Brassicales,Brassicaceae,Brassicoideae,,,,75.24,20
ASV1068, Tree,ORDER,Tracheophyta,Magnoliopsida,Rosales,,,,,,74.14,74
ASV1209, Tree,SUBFAMILY,Tracheophyta,Magnoliopsida,Boraginales,Boraginaceae,Boraginoideae,,,,71.5,3
ASV101, Tree,,,,,,,,,,,0
ASV102, Tree,,,,,,,,,,,0
ASV1026, Tree,,,,,,,,,,,0
ASV1029, Tree,,,,,,,,,,,0
ASV1037, Tree,,,,,,,,,,,0
ASV104, Tree,,,,,,,,,,,0
ASV107, Tree,,,,,,,,,,,0
ASV109, Tree,,,,,,,,,,,0
ASV114, Tree,,,,,,,,,,,0
ASV1146, Tree,,,,,,,,,,,0
ASV115, Tree,,,,,,,,,,,0
ASV1178, Tree,,,,,,,,,,,0
ASV1233, Tree,,,,,,,,,,,0
ASV1234, Tree,,,,,,,,,,,0
ASV1235, Tree,,,,,,,,,,,0
ASV1237, Tree,,,,,,,,,,,0
ASV1238, Tree,,,,,,,,,,,0
ASV124, Tree,,,,,,,,,,,0
ASV1240, Tree,,,,,,,,,,,0
ASV1241, Tree,,,,,,,,,,,0
ASV1242, Tree,,,,,,,,,,,0
ASV1245, Tree,,,,,,,,,,,0
ASV1252, Tree,,,,,,,,,,,0
ASV1256, Tree,,,,,,,,,,,0
ASV128, Tree,,,,,,,,,,,0
ASV129, Tree,,,,,,,,,,,0
ASV132, Tree,,,,,,,,,,,0
ASV133, Tree,,,,,,,,,,,0
ASV135, Tree,,,,,,,,,,,0
ASV137, Tree,,,,,,,,,,,0
ASV140, Tree,,,,,,,,,,,0
ASV143, Tree,,,,,,,,,,,0
ASV151, Tree,,,,,,,,,,,0
ASV154, Tree,,,,,,,,,,,0
ASV177, Tree,GENUS,Tracheophyta,Magnoliopsida,Malpighiales,Salicaceae,,,Salix,,100.0,100
ASV314, Tree,GENUS,Tracheophyta,Magnoliopsida,Rosales,Rosaceae,Rosoideae,,Rubus,,100.0,100
ASV325, Tree,GENUS,Tracheophyta,Magnoliopsida,Rosales,Rosaceae,Rosoideae,,Rubus,,100.0,100
ASV270, Tree,CLASS,Tracheophyta,Magnoliopsida,,,,,,,100.0,96
ASV338, Tree,CLASS,Tracheophyta,Magnoliopsida,,,,,,,100.0,94
ASV276, Tree,CLASS,Tracheophyta,Magnoliopsida,,,,,,,100.0,93
ASV159, Tree,CLASS,Tracheophyta,Magnoliopsida,,,,,,,100.0,89
ASV171, Tree,CLASS,Tracheophyta,Magnoliopsida,,,,,,,100.0,89
ASV330, Tree,CLASS,Tracheophyta,Magnoliopsida,,,,,,,100.0,89
ASV165, Tree,SUBFAMILY,Tracheophyta,Magnoliopsida,Brassicales,Brassicaceae,Brassicoideae,,,,100.0,88
ASV198, Tree,CLASS,Tracheophyta,Magnoliopsida,,,,,,,100.0,88
ASV306, Tree,GENUS,Tracheophyta,Magnoliopsida,Rosales,Rosaceae,Rosoideae,,Rubus,,100.0,85
ASV161, Tree,GENUS,Tracheophyta,Magnoliopsida,Rosales,Rosaceae,Rosoideae,,Rubus,,100.0,73
ASV195, Tree,GENUS,Tracheophyta,Magnoliopsida,Rosales,Rosaceae,Rosoideae,,Rubus,,100.0,55
ASV229, Tree,GENUS,Tracheophyta,Magnoliopsida,Rosales,Rosaceae,Rosoideae,,Rubus,,100.0,55
ASV183, Tree,GENUS,Tracheophyta,Magnoliopsida,Rosales,Rosaceae,Rosoideae,,Fragaria,,100.0,43
ASV19, Tree,GENUS,Tracheophyta,Magnoliopsida,Rosales,Rosaceae,Rosoideae,,Fragaria,,100.0,43
ASV334, Tree,GENUS,Tracheophyta,Magnoliopsida,Rosales,Rosaceae,Rosoideae,,Fragaria,,100.0,40
ASV335, Tree,GENUS,Tracheophyta,Magnoliopsida,Rosales,Rosaceae,Rosoideae,,Rubus,,100.0,36
ASV339, Tree,GENUS,Tracheophyta,Magnoliopsida,Rosales,Rosaceae,Rosoideae,,Rubus,,100.0,12
ASV236, Tree,SUBFAMILY,Tracheophyta,Magnoliopsida,Rosales,Rosaceae,Rosoideae,,,,100.0,4
ASV257, Tree,SUBFAMILY,Tracheophyta,Magnoliopsida,Rosales,Rosaceae,Rosoideae,,,,100.0,3
ASV320, Tree,GENUS,Tracheophyta,Magnoliopsida,Rosales,Rosaceae,Rosoideae,,Rubus,,99.99,26
ASV312, Tree,GENUS,Tracheophyta,Magnoliopsida,Rosales,Rosaceae,Rosoideae,,Rubus,,99.9,92
ASV216, Tree,GENUS,Tracheophyta,Magnoliopsida,Rosales,Rosaceae,Rosoideae,,Rubus,,99.88,26
ASV319, Tree,GENUS,Tracheophyta,Magnoliopsida,Rosales,Rosaceae,Rosoideae,,Rubus,,99.85,46
ASV302, Tree,GENUS,Tracheophyta,Magnoliopsida,Rosales,Rosaceae,Rosoideae,,Rubus,,99.84,87
ASV318, Tree,GENUS,Tracheophyta,Magnoliopsida,Rosales,Rosaceae,Rosoideae,,Rubus,,99.84,87
ASV224, Tree,CLASS,Tracheophyta,Magnoliopsida,,,,,,,99.83,83
ASV244, Tree,CLASS,Tracheophyta,Magnoliopsida,,,,,,,99.83,83
ASV329, Tree,GENUS,Tracheophyta,Magnoliopsida,Ranunculales,Ranunculaceae,Ranunculoideae,,Clematis,,99.77,60
ASV328, Tree,GENUS,Tracheophyta,Magnoliopsida,Rosales,Rosaceae,Rosoideae,,Rubus,,99.72,93
ASV235, Tree,GENUS,Tracheophyta,Magnoliopsida,Rosales,Rosaceae,Rosoideae,,Rubus,,99.63,89
ASV3, Tree,GENUS,Tracheophyta,Magnoliopsida,Rosales,Rosaceae,Rosoideae,,Rubus,,99.6,96
ASV25, Tree,GENUS,Tracheophyta,Magnoliopsida,Rosales,Rosaceae,Rosoideae,,Rubus,,99.59,97
ASV189, Tree,GENUS,Tracheophyta,Magnoliopsida,Rosales,Rosaceae,Rosoideae,,Rubus,,99.59,96
ASV26, Tree,GENUS,Tracheophyta,Magnoliopsida,Rosales,Rosaceae,Rosoideae,,Rubus,,99.58,98
ASV202, Tree,GENUS,Tracheophyta,Magnoliopsida,Rosales,Rosaceae,Rosoideae,,Rubus,,99.58,97
ASV233, Tree,GENUS,Tracheophyta,Magnoliopsida,Rosales,Rosaceae,Rosoideae,,Rubus,,99.58,97
ASV20, Tree,GENUS,Tracheophyta,Magnoliopsida,Rosales,Rosaceae,Rosoideae,,Rubus,,99.57,97
ASV170, Tree,GENUS,Tracheophyta,Magnoliopsida,Rosales,Rosaceae,Rosoideae,,Rubus,,99.57,96
ASV268, Tree,GENUS,Tracheophyta,Magnoliopsida,Rosales,Rosaceae,Rosoideae,,Rubus,,99.57,96
ASV27, Tree,GENUS,Tracheophyta,Magnoliopsida,Rosales,Rosaceae,Rosoideae,,Rubus,,99.57,96
ASV223, Tree,GENUS,Tracheophyta,Magnoliopsida,Fagales,Betulaceae,Coryloideae,,Corylus,,99.56,6
ASV160, Tree,GENUS,Tracheophyta,Magnoliopsida,Rosales,Rosaceae,Amygdaloideae,,Sorbus,,99.49,85
ASV24, Tree,GENUS,Tracheophyta,Magnoliopsida,Ranunculales,Ranunculaceae,Ranunculoideae,,Clematis,,99.48,69
ASV275, Tree,GENUS,Tracheophyta,Magnoliopsida,Rosales,Rosaceae,Rosoideae,,Rubus,,99.35,83
ASV31, Tree,GENUS,Tracheophyta,Magnoliopsida,Rosales,Rosaceae,Rosoideae,,Rosa,,99.33,99
ASV18, Tree,GENUS,Tracheophyta,Magnoliopsida,Rosales,Rosaceae,Rosoideae,,Rubus,,99.32,98
ASV2, Tree,GENUS,Tracheophyta,Magnoliopsida,Rosales,Rosaceae,Rosoideae,,Rubus,,99.31,98
ASV16, Tree,GENUS,Tracheophyta,Magnoliopsida,Rosales,Rosaceae,Rosoideae,,Rubus,,99.29,97
ASV254, Tree,CLASS,Tracheophyta,Magnoliopsida,,,,,,,99.22,95
ASV218, Tree,CLASS,Tracheophyta,Magnoliopsida,,,,,,,99.21,95
ASV309, Tree,GENUS,Tracheophyta,Magnoliopsida,Rosales,Rosaceae,Amygdaloideae,,Sorbus,,99.11,84
ASV34, Tree,GENUS,Tracheophyta,Magnoliopsida,Rosales,Rosaceae,Rosoideae,,Rubus,,99.02,98
ASV162, Tree,GENUS,Tracheophyta,Magnoliopsida,Rosales,Rosaceae,Rosoideae,,Rubus,,98.67,88
ASV21, Tree,GENUS,Tracheophyta,Magnoliopsida,Rosales,Rosaceae,Rosoideae,,Rubus,,98.51,79
ASV248, Tree,SPECIES,Tracheophyta,Magnoliopsida,Lamiales,Plantaginaceae,Digitalidoideae,,Veronica,Veronica officinalis,94.52,17
ASV188, Tree,SUBFAMILY,Tracheophyta,Magnoliopsida,Ranunculales,Ranunculaceae,Ranunculoideae,,,,87.39,25
ASV299, Tree,SUBFAMILY,Tracheophyta,Magnoliopsida,Rosales,Rosaceae,Amygdaloideae,,,,76.49,64
ASV28, Tree,SUBFAMILY,Tracheophyta,Magnoliopsida,Asterales,Asteraceae,Asteroideae,,,,70.1,16
ASV158, Tree,,,,,,,,,,,0
ASV167, Tree,,,,,,,,,,,0
ASV174, Tree,,,,,,,,,,,0
ASV179, Tree,,,,,,,,,,,0
ASV180, Tree,,,,,,,,,,,0
ASV182, Tree,,,,,,,,,,,0
ASV197, Tree,,,,,,,,,,,0
ASV200, Tree,,,,,,,,,,,0
ASV201, Tree,,,,,,,,,,,0
ASV203, Tree,,,,,,,,,,,0
ASV204, Tree,,,,,,,,,,,0
ASV206, Tree,,,,,,,,,,,0
ASV207, Tree,,,,,,,,,,,0
ASV211, Tree,,,,,,,,,,,0
ASV219, Tree,,,,,,,,,,,0
ASV226, Tree,,,,,,,,,,,0
ASV231, Tree,,,,,,,,,,,0
ASV243, Tree,,,,,,,,,,,0
ASV247, Tree,,,,,,,,,,,0
ASV251, Tree,,,,,,,,,,,0
ASV265, Tree,,,,,,,,,,,0
ASV267, Tree,,,,,,,,,,,0
ASV269, Tree,,,,,,,,,,,0
ASV281, Tree,,,,,,,,,,,0
ASV282, Tree,,,,,,,,,,,0
ASV284, Tree,,,,,,,,,,,0
ASV286, Tree,,,,,,,,,,,0
ASV289, Tree,,,,,,,,,,,0
ASV29, Tree,,,,,,,,,,,0
ASV290, Tree,,,,,,,,,,,0
ASV303, Tree,,,,,,,,,,,0
ASV305, Tree,,,,,,,,,,,0
ASV315, Tree,,,,,,,,,,,0
ASV316, Tree,,,,,,,,,,,0
ASV317, Tree,,,,,,,,,,,0
ASV32, Tree,,,,,,,,,,,0
ASV322, Tree,,,,,,,,,,,0
ASV323, Tree,,,,,,,,,,,0
ASV327, Tree,,,,,,,,,,,0
ASV412, Tree,GENUS,Tracheophyta,Magnoliopsida,Rosales,Rosaceae,Rosoideae,,Rubus,,100.0,100
ASV532, Tree,GENUS,Tracheophyta,Magnoliopsida,Rosales,Rosaceae,Rosoideae,,Rubus,,100.0,100
ASV373, Tree,CLASS,Tracheophyta,Magnoliopsida,,,,,,,100.0,94
ASV478, Tree,CLASS,Tracheophyta,Magnoliopsida,,,,,,,100.0,94
ASV394, Tree,CLASS,Tracheophyta,Magnoliopsida,,,,,,,100.0,92
ASV359, Tree,CLASS,Tracheophyta,Magnoliopsida,,,,,,,100.0,91
ASV396, Tree,CLASS,Tracheophyta,Magnoliopsida,,,,,,,100.0,89
ASV512, Tree,SUBFAMILY,Tracheophyta,Magnoliopsida,Brassicales,Brassicaceae,Brassicoideae,,,,100.0,85
ASV401, Tree,GENUS,Tracheophyta,Magnoliopsida,Rosales,Rosaceae,Rosoideae,,Rubus,,100.0,72
ASV497, Tree,GENUS,Tracheophyta,Magnoliopsida,Rosales,Rosaceae,Rosoideae,,Rubus,,100.0,55
ASV369, Tree,GENUS,Tracheophyta,Magnoliopsida,Rosales,Rosaceae,Rosoideae,,Rubus,,100.0,54
ASV49, Tree,GENUS,Tracheophyta,Magnoliopsida,Rosales,Rosaceae,Rosoideae,,Fragaria,,100.0,44
ASV467, Tree,GENUS,Tracheophyta,Magnoliopsida,Rosales,Rosaceae,Rosoideae,,Rubus,,100.0,36
ASV416, Tree,GENUS,Tracheophyta,Magnoliopsida,Rosales,Rosaceae,Rosoideae,,Rubus,,100.0,20
ASV381, Tree,SPECIES,Tracheophyta,Magnoliopsida,Fabales,Fabaceae,,,Genista,Genista tinctoria,100.0,12
ASV383, Tree,GENUS,Tracheophyta,Magnoliopsida,Rosales,Rosaceae,Rosoideae,,Rubus,,100.0,10
ASV531, Tree,GENUS,Tracheophyta,Magnoliopsida,Rosales,Rosaceae,Rosoideae,,Rubus,,100.0,10
ASV347, Tree,GENUS,Tracheophyta,Magnoliopsida,Apiales,Araliaceae,,,Hedera,,100.0,6
ASV382, Tree,SUBFAMILY,Tracheophyta,Magnoliopsida,Apiales,Apiaceae,Saniculoideae,,,,100.0,6
ASV40, Tree,SUBFAMILY,Tracheophyta,Magnoliopsida,Rosales,Rosaceae,Rosoideae,,,,100.0,4
ASV483, Tree,SPECIES,Tracheophyta,Magnoliopsida,Lamiales,Oleaceae,,,Fraxinus,Fraxinus ornus,100.0,3
ASV444, Tree,SUBFAMILY,Tracheophyta,Magnoliopsida,Rosales,Rosaceae,Rosoideae,,,,100.0,2
ASV479, Tree,GENUS,Tracheophyta,Magnoliopsida,Rosales,Rosaceae,Rosoideae,,Fragaria,,100.0,2
ASV426, Tree,GENUS,Tracheophyta,Magnoliopsida,Rosales,Rosaceae,Rosoideae,,Fragaria,,99.99,46
ASV400, Tree,GENUS,Tracheophyta,Magnoliopsida,Malpighiales,Salicaceae,,,Salix,,99.98,99
ASV530, Tree,GENUS,Tracheophyta,Magnoliopsida,Rosales,Rosaceae,Rosoideae,,Rubus,,99.91,89
ASV343, Tree,GENUS,Tracheophyta,Magnoliopsida,Rosales,Rosaceae,Rosoideae,,Rubus,,99.73,93
ASV363, Tree,GENUS,Tracheophyta,Magnoliopsida,Rosales,Rosaceae,Rosoideae,,Rubus,,99.71,96
ASV514, Tree,GENUS,Tracheophyta,Magnoliopsida,Rosales,Rosaceae,Rosoideae,,Rubus,,99.71,96
ASV498, Tree,GENUS,Tracheophyta,Magnoliopsida,Rosales,Rosaceae,Rosoideae,,Rubus,,99.64,94
ASV410, Tree,GENUS,Tracheophyta,Magnoliopsida,Rosales,Rosaceae,Rosoideae,,Rubus,,99.62,85
ASV508, Tree,GENUS,Tracheophyta,Magnoliopsida,Rosales,Rosaceae,Rosoideae,,Rubus,,99.6,97
ASV39, Tree,GENUS,Tracheophyta,Magnoliopsida,Rosales,Rosaceae,Rosoideae,,Rubus,,99.6,96
ASV52, Tree,GENUS,Tracheophyta,Magnoliopsida,Rosales,Rosaceae,Rosoideae,,Rubus,,99.6,96
ASV342, Tree,GENUS,Tracheophyta,Magnoliopsida,Rosales,Rosaceae,Rosoideae,,Rubus,,99.59,96
ASV419, Tree,GENUS,Tracheophyta,Magnoliopsida,Rosales,Rosaceae,Rosoideae,,Rubus,,99.59,96
ASV35, Tree,GENUS,Tracheophyta,Magnoliopsida,Rosales,Rosaceae,Rosoideae,,Rubus,,99.58,97
ASV4, Tree,GENUS,Tracheophyta,Magnoliopsida,Rosales,Rosaceae,Rosoideae,,Rubus,,99.58,97
ASV41, Tree,GENUS,Tracheophyta,Magnoliopsida,Rosales,Rosaceae,Rosoideae,,Rubus,,99.48,35
ASV397, Tree,GENUS,Tracheophyta,Magnoliopsida,Rosales,Rosaceae,Rosoideae,,Rubus,,99.31,98
ASV5, Tree,GENUS,Tracheophyta,Magnoliopsida,Rosales,Rosaceae,Rosoideae,,Rubus,,99.3,98
ASV510, Tree,CLASS,Tracheophyta,Magnoliopsida,,,,,,,99.23,95
ASV505, Tree,GENUS,Tracheophyta,Magnoliopsida,Rosales,Rosaceae,Amygdaloideae,,Sorbus,,98.7,85
ASV406, Tree,GENUS,Tracheophyta,Magnoliopsida,Rosales,Rosaceae,Rosoideae,,Rubus,,97.66,50
ASV464, Tree,GENUS,Tracheophyta,Magnoliopsida,Asterales,Asteraceae,Asteroideae,,Solidago,,96.85,95
ASV451, Tree,GENUS,Tracheophyta,Magnoliopsida,Rosales,Rosaceae,Amygdaloideae,,Sorbus,,96.35,72
ASV482, Tree,GENUS,Tracheophyta,Magnoliopsida,Lamiales,Oleaceae,,,Fraxinus,,96.0,47
ASV428, Tree,SPECIES,Tracheophyta,Magnoliopsida,Crossosomatales,Staphyleaceae,,,Staphylea,Staphylea pinnata,93.42,3
ASV513, Tree,GENUS,Tracheophyta,Magnoliopsida,Apiales,Araliaceae,,,Hedera,,92.89,17
ASV511, Tree,SPECIES,Tracheophyta,Magnoliopsida,Lamiales,Plantaginaceae,Digitalidoideae,,Veronica,Veronica montana,92.79,10
ASV368, Tree,SUBFAMILY,Tracheophyta,Magnoliopsida,Brassicales,Brassicaceae,Brassicoideae,,,,91.64,57
ASV354, Tree,SUBFAMILY,Tracheophyta,Magnoliopsida,Brassicales,Brassicaceae,Brassicoideae,,,,91.51,56
ASV527, Tree,SUBFAMILY,Tracheophyta,Magnoliopsida,Ranunculales,Ranunculaceae,Ranunculoideae,,,,91.28,49
ASV450, Tree,SUBFAMILY,Tracheophyta,Magnoliopsida,Brassicales,Brassicaceae,Brassicoideae,,,,90.23,55
ASV348, Tree,ORDER,Tracheophyta,Magnoliopsida,Lamiales,,,,,,87.33,65
ASV447, Tree,SUBFAMILY,Tracheophyta,Magnoliopsida,Brassicales,Brassicaceae,Brassicoideae,,,,87.28,52
ASV463, Tree,GENUS,Tracheophyta,Magnoliopsida,Lamiales,Lamiaceae,Ajugoideae,,Teucrium,,86.07,17
ASV395, Tree,GENUS,Tracheophyta,Magnoliopsida,Lamiales,Lamiaceae,Lamioideae,,Lamium,,84.44,13
ASV350, Tree,,,,,,,,,,,0
ASV351, Tree,,,,,,,,,,,0
ASV352, Tree,,,,,,,,,,,0
ASV353, Tree,,,,,,,,,,,0
ASV357, Tree,,,,,,,,,,,0
ASV358, Tree,,,,,,,,,,,0
ASV364, Tree,,,,,,,,,,,0
ASV366, Tree,,,,,,,,,,,0
ASV367, Tree,,,,,,,,,,,0
ASV372, Tree,,,,,,,,,,,0
ASV376, Tree,,,,,,,,,,,0
ASV377, Tree,,,,,,,,,,,0
ASV378, Tree,,,,,,,,,,,0
ASV38, Tree,,,,,,,,,,,0
ASV384, Tree,,,,,,,,,,,0
ASV391, Tree,,,,,,,,,,,0
ASV392, Tree,,,,,,,,,,,0
ASV393, Tree,,,,,,,,,,,0
ASV404, Tree,,,,,,,,,,,0
ASV408, Tree,,,,,,,,,,,0
ASV415, Tree,,,,,,,,,,,0
ASV42, Tree,,,,,,,,,,,0
ASV423, Tree,,,,,,,,,,,0
ASV43, Tree,,,,,,,,,,,0
ASV434, Tree,,,,,,,,,,,0
ASV44, Tree,,,,,,,,,,,0
ASV441, Tree,,,,,,,,,,,0
ASV445, Tree,,,,,,,,,,,0
ASV45, Tree,,,,,,,,,,,0
ASV47, Tree,,,,,,,,,,,0
ASV472, Tree,,,,,,,,,,,0
ASV473, Tree,,,,,,,,,,,0
ASV48, Tree,,,,,,,,,,,0
ASV480, Tree,,,,,,,,,,,0
ASV491, Tree,,,,,,,,,,,0
ASV496, Tree,,,,,,,,,,,0
ASV50, Tree,,,,,,,,,,,0
ASV504, Tree,,,,,,,,,,,0
ASV519, Tree,,,,,,,,,,,0
ASV53, Tree,,,,,,,,,,,0
ASV533, Tree,,,,,,,,,,,0
ASV537, Tree,,,,,,,,,,,0
ASV759, Tree,GENUS,Tracheophyta,Magnoliopsida,Rosales,Rosaceae,Rosoideae,,Rubus,,100.0,100
ASV602, Tree,CLASS,Tracheophyta,Magnoliopsida,,,,,,,100.0,95
ASV691, Tree,CLASS,Tracheophyta,Magnoliopsida,,,,,,,100.0,95
ASV575, Tree,CLASS,Tracheophyta,Magnoliopsida,,,,,,,100.0,94
ASV658, Tree,CLASS,Tracheophyta,Magnoliopsida,,,,,,,100.0,94
ASV674, Tree,CLASS,Tracheophyta,Magnoliopsida,,,,,,,100.0,94
ASV539, Tree,CLASS,Tracheophyta,Magnoliopsida,,,,,,,100.0,93
ASV626, Tree,CLASS,Tracheophyta,Magnoliopsida,,,,,,,100.0,93
ASV687, Tree,CLASS,Tracheophyta,Magnoliopsida,,,,,,,100.0,93
ASV689, Tree,CLASS,Tracheophyta,Magnoliopsida,,,,,,,100.0,93
ASV693, Tree,CLASS,Tracheophyta,Magnoliopsida,,,,,,,100.0,93
ASV705, Tree,CLASS,Tracheophyta,Magnoliopsida,,,,,,,100.0,93
ASV649, Tree,GENUS,Tracheophyta,Magnoliopsida,Rosales,Rosaceae,Rosoideae,,Rubus,,100.0,92
ASV735, Tree,CLASS,Tracheophyta,Magnoliopsida,,,,,,,100.0,91
ASV597, Tree,CLASS,Tracheophyta,Magnoliopsida,,,,,,,100.0,89
ASV6, Tree,CLASS,Tracheophyta,Magnoliopsida,,,,,,,100.0,89
ASV630, Tree,CLASS,Tracheophyta,Magnoliopsida,,,,,,,100.0,89
ASV764, Tree,CLASS,Tracheophyta,Magnoliopsida,,,,,,,100.0,81
ASV662, Tree,GENUS,Tracheophyta,Magnoliopsida,Ranunculales,Ranunculaceae,Ranunculoideae,,Clematis,,100.0,61
ASV639, Tree,GENUS,Tracheophyta,Magnoliopsida,Rosales,Rosaceae,Rosoideae,,Rubus,,100.0,54
ASV583, Tree,GENUS,Tracheophyta,Magnoliopsida,Rosales,Rosaceae,Rosoideae,,Fragaria,,100.0,43
ASV714, Tree,GENUS,Tracheophyta,Magnoliopsida,Rosales,Rosaceae,Rosoideae,,Rubus,,100.0,40
ASV634, Tree,GENUS,Tracheophyta,Magnoliopsida,Rosales,Rosaceae,Rosoideae,,Rubus,,100.0,36
ASV697, Tree,GENUS,Tracheophyta,Magnoliopsida,Rosales,Rosaceae,Rosoideae,,Fragaria,,100.0,36
ASV757, Tree,GENUS,Tracheophyta,Magnoliopsida,Rosales,Rosaceae,Rosoideae,,Fragaria,,100.0,36
ASV785, Tree,GENUS,Tracheophyta,Magnoliopsida,Rosales,Rosaceae,Rosoideae,,Rubus,,100.0,35
ASV716, Tree,SUBFAMILY,Tracheophyta,Magnoliopsida,Rosales,Rosaceae,Rosoideae,,,,100.0,3
ASV742, Tree,GENUS,Tracheophyta,Magnoliopsida,Rosales,Rosaceae,Rosoideae,,Fragaria,,100.0,3
ASV773, Tree,GENUS,Tracheophyta,Magnoliopsida,Rosales,Rosaceae,Rosoideae,,Aremonia,,100.0,1
ASV544, Tree,GENUS,Tracheophyta,Magnoliopsida,Rosales,Rosaceae,Rosoideae,,Rubus,,99.94,93
ASV778, Tree,CLASS,Tracheophyta,Magnoliopsida,,,,,,,99.92,84
ASV551, Tree,GENUS,Tracheophyta,Magnoliopsida,Rosales,Rosaceae,Rosoideae,,Rubus,,99.91,93
ASV543, Tree,GENUS,Tracheophyta,Magnoliopsida,Rosales,Rosaceae,Rosoideae,,Rubus,,99.89,93
ASV739, Tree,GENUS,Tracheophyta,Magnoliopsida,Fagales,Fagaceae,Quercoideae,,Quercus,,99.88,72
ASV574, Tree,GENUS,Tracheophyta,Magnoliopsida,Rosales,Rosaceae,Rosoideae,,Rubus,,99.83,90
ASV670, Tree,GENUS,Tracheophyta,Magnoliopsida,Rosales,Rosaceae,Rosoideae,,Rubus,,99.74,94
ASV767, Tree,GENUS,Tracheophyta,Magnoliopsida,Rosales,Rosaceae,Rosoideae,,Rubus,,99.67,95
ASV736, Tree,GENUS,Tracheophyta,Magnoliopsida,Rosales,Rosaceae,Rosoideae,,Rubus,,99.63,44
ASV609, Tree,GENUS,Tracheophyta,Magnoliopsida,Rosales,Rosaceae,Rosoideae,,Rubus,,99.62,92
ASV753, Tree,FAMILY,Tracheophyta,Magnoliopsida,Rosales,Rosaceae,,,,,99.61,23
ASV679, Tree,GENUS,Tracheophyta,Magnoliopsida,Rosales,Rosaceae,Rosoideae,,Rubus,,99.59,96
ASV65, Tree,GENUS,Tracheophyta,Magnoliopsida,Rosales,Rosaceae,Rosoideae,,Rubus,,99.58,98
ASV596, Tree,GENUS,Tracheophyta,Magnoliopsida,Rosales,Rosaceae,Rosoideae,,Rubus,,99.57,93
ASV713, Tree,GENUS,Tracheophyta,Magnoliopsida,Rosales,Rosaceae,Rosoideae,,Rubus,,99.52,92
ASV547, Tree,GENUS,Tracheophyta,Magnoliopsida,Rosales,Rosaceae,Rosoideae,,Rosa,,99.47,97
ASV734, Tree,GENUS,Tracheophyta,Magnoliopsida,Rosales,Rosaceae,Rosoideae,,Rubus,,99.46,35
ASV627, Tree,GENUS,Tracheophyta,Magnoliopsida,Rosales,Rosaceae,Rosoideae,,Rubus,,99.34,98
ASV671, Tree,CLASS,Tracheophyta,Magnoliopsida,,,,,,,99.3,95
ASV60, Tree,CLASS,Tracheophyta,Magnoliopsida,,,,,,,99.24,95
ASV756, Tree,GENUS,Tracheophyta,Magnoliopsida,Rosales,Rosaceae,Rosoideae,,Rubus,,99.22,86
ASV677, Tree,SUBFAMILY,Tracheophyta,Magnoliopsida,Lamiales,Plantaginaceae,Digitalidoideae,,,,98.89,50
ASV538, Tree,CLASS,Tracheophyta,Magnoliopsida,,,,,,,98.72,94
ASV7, Tree,GENUS,Tracheophyta,Magnoliopsida,Rosales,Rosaceae,Rosoideae,,Rubus,,98.7,86
ASV73, Tree,GENUS,Tracheophyta,Magnoliopsida,Rosales,Rosaceae,Rosoideae,,Rubus,,98.66,87
ASV71, Tree,GENUS,Tracheophyta,Magnoliopsida,Rosales,Rosaceae,Rosoideae,,Rubus,,98.54,79
ASV647, Tree,GENUS,Tracheophyta,Magnoliopsida,Rosales,Rosaceae,Rosoideae,,Rubus,,98.48,69
ASV766, Tree,GENUS,Tracheophyta,Magnoliopsida,Rosales,Rosaceae,Amygdaloideae,,Prunus,,98.28,83
ASV720, Tree,GENUS,Tracheophyta,Magnoliopsida,Boraginales,Boraginaceae,,,Omphalodes,,98.12,6
ASV788, Tree,GENUS,Tracheophyta,Magnoliopsida,Rosales,Rosaceae,Amygdaloideae,,Sorbus,,96.65,66
ASV643, Tree,GENUS,Tracheophyta,Magnoliopsida,Rosales,Rosaceae,Amygdaloideae,,Sorbus,,96.58,52
ASV625, Tree,SPECIES,Tracheophyta,Magnoliopsida,Malpighiales,Euphorbiaceae,,,Mercurialis,Mercurialis perennis,95.89,9
ASV765, Tree,SUBFAMILY,Tracheophyta,Magnoliopsida,Brassicales,Brassicaceae,Brassicoideae,,,,94.64,51
ASV624, Tree,SUBFAMILY,Tracheophyta,Magnoliopsida,Brassicales,Brassicaceae,Brassicoideae,,,,92.85,55
ASV664, Tree,SUBFAMILY,Tracheophyta,Magnoliopsida,Rosales,Rosaceae,Amygdaloideae,,,,91.75,16
ASV786, Tree,GENUS,Tracheophyta,Magnoliopsida,Lamiales,Oleaceae,,,Fraxinus,,91.14,50
ASV702, Tree,SPECIES,Tracheophyta,Magnoliopsida,Lamiales,Oleaceae,,,Fraxinus,Fraxinus excelsior,91.03,24
ASV644, Tree,SUBFAMILY,Tracheophyta,Magnoliopsida,Asterales,Campanulaceae,Campanuloideae,,,,86.15,8
ASV732, Tree,GENUS,Tracheophyta,Magnoliopsida,Ranunculales,Ranunculaceae,Ranunculoideae,,Aconitum,,86.04,26
ASV690, Tree,SUBFAMILY,Tracheophyta,Magnoliopsida,Ranunculales,Ranunculaceae,Ranunculoideae,,,,85.51,25
ASV755, Tree,ORDER,Tracheophyta,Magnoliopsida,Saxifragales,,,,,,83.49,58
ASV743, Tree,GENUS,Tracheophyta,Magnoliopsida,Lamiales,Lamiaceae,Lamioideae,,Lamium,,83.29,10
ASV781, Tree,FAMILY,Tracheophyta,Magnoliopsida,Rosales,Rosaceae,,,,,82.0,41
ASV595, Tree,SUBFAMILY,Tracheophyta,Magnoliopsida,Ranunculales,Ranunculaceae,Ranunculoideae,,,,81.26,23
ASV54, Tree,,,,,,,,,,,0
ASV540, Tree,,,,,,,,,,,0
ASV541, Tree,,,,,,,,,,,0
ASV542, Tree,,,,,,,,,,,0
ASV55, Tree,,,,,,,,,,,0
ASV56, Tree,,,,,,,,,,,0
ASV560, Tree,,,,,,,,,,,0
ASV561, Tree,,,,,,,,,,,0
ASV57, Tree,,,,,,,,,,,0
ASV58, Tree,,,,,,,,,,,0
ASV582, Tree,,,,,,,,,,,0
ASV601, Tree,,,,,,,,,,,0
ASV67, Tree,,,,,,,,,,,0
ASV675, Tree,,,,,,,,,,,0
ASV70, Tree,,,,,,,,,,,0
ASV725, Tree,,,,,,,,,,,0
ASV726, Tree,,,,,,,,,,,0
ASV727, Tree,,,,,,,,,,,0
ASV74, Tree,,,,,,,,,,,0
ASV741, Tree,,,,,,,,,,,0
ASV762, Tree,,,,,,,,,,,0
ASV77, Tree,,,,,,,,,,,0
ASV78, Tree,,,,,,,,,,,0
ASV780, Tree,,,,,,,,,,,0
ASV782, Tree,,,,,,,,,,,0
ASV784, Tree,,,,,,,,,,,0
ASV790, Tree,,,,,,,,,,,0
ASV836, Tree,GENUS,Tracheophyta,Magnoliopsida,Rosales,Rosaceae,Rosoideae,,Rubus,,100.0,100
ASV867, Tree,GENUS,Tracheophyta,Magnoliopsida,Rosales,Rosaceae,Rosoideae,,Rubus,,100.0,100
ASV938, Tree,GENUS,Tracheophyta,Magnoliopsida,Rosales,Rosaceae,Rosoideae,,Rubus,,100.0,100
ASV969, Tree,GENUS,Tracheophyta,Magnoliopsida,Rosales,Rosaceae,Rosoideae,,Rubus,,100.0,100
ASV990, Tree,GENUS,Tracheophyta,Magnoliopsida,Rosales,Rosaceae,Rosoideae,,Rubus,,100.0,100
ASV846, Tree,GENUS,Tracheophyta,Magnoliopsida,Rosales,Rosaceae,Rosoideae,,Rubus,,100.0,99
ASV845, Tree,GENUS,Tracheophyta,Magnoliopsida,Rosales,Rosaceae,Rosoideae,,Rubus,,100.0,97
ASV908, Tree,GENUS,Tracheophyta,Magnoliopsida,Rosales,Rosaceae,Rosoideae,,Rubus,,100.0,97
ASV874, Tree,CLASS,Tracheophyta,Magnoliopsida,,,,,,,100.0,95
ASV801, Tree,CLASS,Tracheophyta,Magnoliopsida,,,,,,,100.0,94
ASV881, Tree,CLASS,Tracheophyta,Magnoliopsida,,,,,,,100.0,94
ASV89, Tree,CLASS,Tracheophyta,Magnoliopsida,,,,,,,100.0,94
ASV976, Tree,CLASS,Tracheophyta,Magnoliopsida,,,,,,,100.0,94
ASV796, Tree,CLASS,Tracheophyta,Magnoliopsida,,,,,,,100.0,93
ASV802, Tree,CLASS,Tracheophyta,Magnoliopsida,,,,,,,100.0,93
ASV859, Tree,CLASS,Tracheophyta,Magnoliopsida,,,,,,,100.0,93
ASV810, Tree,CLASS,Tracheophyta,Magnoliopsida,,,,,,,100.0,91
ASV914, Tree,CLASS,Tracheophyta,Magnoliopsida,,,,,,,100.0,91
ASV840, Tree,CLASS,Tracheophyta,Magnoliopsida,,,,,,,100.0,90
ASV8, Tree,CLASS,Tracheophyta,Magnoliopsida,,,,,,,100.0,89
ASV897, Tree,CLASS,Tracheophyta,Magnoliopsida,,,,,,,100.0,87
ASV842, Tree,GENUS,Tracheophyta,Magnoliopsida,Rosales,Rosaceae,Rosoideae,,Rubus,,100.0,82
ASV921, Tree,GENUS,Tracheophyta,Magnoliopsida,Rosales,Rosaceae,Rosoideae,,Rubus,,100.0,73
ASV876, Tree,GENUS,Tracheophyta,Magnoliopsida,Rosales,Rosaceae,Rosoideae,,Rubus,,100.0,56
ASV915, Tree,FAMILY,Tracheophyta,Magnoliopsida,Apiales,Araliaceae,,,,,100.0,35
ASV973, Tree,FAMILY,Tracheophyta,Magnoliopsida,Rosales,Rosaceae,,,,,100.0,22
ASV943, Tree,GENUS,Tracheophyta,Magnoliopsida,Rosales,Rosaceae,Rosoideae,,Fragaria,,100.0,16
ASV962, Tree,GENUS,Tracheophyta,Magnoliopsida,Rosales,Rosaceae,Rosoideae,,Rubus,,100.0,7
ASV886, Tree,SUBFAMILY,Tracheophyta,Magnoliopsida,Rosales,Rosaceae,Rosoideae,,,,100.0,4
ASV903, Tree,SUBFAMILY,Tracheophyta,Magnoliopsida,Rosales,Rosaceae,Rosoideae,,,,100.0,3
ASV955, Tree,SUBFAMILY,Tracheophyta,Magnoliopsida,Rosales,Rosaceae,Rosoideae,,,,100.0,3
ASV99, Tree,GENUS,Tracheophyta,Magnoliopsida,Rosales,Rosaceae,Rosoideae,,Rubus,,99.66,95
ASV919, Tree,GENUS,Tracheophyta,Magnoliopsida,Ranunculales,Ranunculaceae,Ranunculoideae,,Clematis,,99.41,62
ASV880, Tree,GENUS,Tracheophyta,Magnoliopsida,Rosales,Rosaceae,Rosoideae,,Rubus,,99.4,94
ASV975, Tree,CLASS,Tracheophyta,Magnoliopsida,,,,,,,99.3,95
ASV83, Tree,GENUS,Tracheophyta,Magnoliopsida,Rosales,Rosaceae,Rosoideae,,Rubus,,99.29,97
ASV820, Tree,GENUS,Tracheophyta,Magnoliopsida,Fagales,Fagaceae,Quercoideae,,Quercus,,99.24,76
ASV961, Tree,CLASS,Tracheophyta,Magnoliopsida,,,,,,,99.22,95
ASV923, Tree,CLASS,Tracheophyta,Magnoliopsida,,,,,,,99.17,94
ASV93, Tree,GENUS,Tracheophyta,Magnoliopsida,Malpighiales,Violaceae,Violoideae,,Viola,,99.11,94
ASV88, Tree,GENUS,Tracheophyta,Magnoliopsida,Rosales,Rosaceae,Rosoideae,,Rubus,,98.54,78
ASV922, Tree,GENUS,Tracheophyta,Magnoliopsida,Fagales,Betulaceae,Coryloideae,,Corylus,,98.3,57
ASV981, Tree,GENUS,Tracheophyta,Magnoliopsida,Fagales,Fagaceae,Quercoideae,,Quercus,,98.25,88
ASV905, Tree,GENUS,Tracheophyta,Magnoliopsida,Boraginales,Boraginaceae,,,Omphalodes,,98.25,6
ASV856, Tree,GENUS,Tracheophyta,Magnoliopsida,Rosales,Rosaceae,Amygdaloideae,,Crataegus,,98.12,21
ASV879, Tree,GENUS,Tracheophyta,Magnoliopsida,Rosales,Rosaceae,Amygdaloideae,,Sorbus,,97.46,44
ASV871, Tree,GENUS,Tracheophyta,Magnoliopsida,Rosales,Rosaceae,Amygdaloideae,,Prunus,,96.81,78
ASV995, Tree,CLASS,Tracheophyta,Magnoliopsida,,,,,,,96.75,89
ASV993, Tree,GENUS,Tracheophyta,Magnoliopsida,Malpighiales,Violaceae,Violoideae,,Viola,,96.53,68
ASV902, Tree,GENUS,Tracheophyta,Magnoliopsida,Rosales,Rosaceae,Amygdaloideae,,Sorbus,,96.31,72
ASV813, Tree,ORDER,Tracheophyta,Magnoliopsida,Lamiales,,,,,,91.78,43
ASV942, Tree,FAMILY,Tracheophyta,Magnoliopsida,Boraginales,Boraginaceae,,,,,91.36,47
ASV935, Tree,CLASS,Tracheophyta,Magnoliopsida,,,,,,,91.19,74
ASV909, Tree,GENUS,Tracheophyta,Magnoliopsida,Apiales,Araliaceae,,,Hedera,,90.71,9
ASV865, Tree,SUBFAMILY,Tracheophyta,Magnoliopsida,Rosales,Rosaceae,Rosoideae,,,,89.38,62
ASV951, Tree,ORDER,Tracheophyta,Magnoliopsida,Asterales,,,,,,87.9,85
ASV795, Tree,SUBFAMILY,Tracheophyta,Magnoliopsida,Apiales,Apiaceae,Apioideae,,,,87.66,20
ASV862, Tree,FAMILY,Tracheophyta,Magnoliopsida,Boraginales,Boraginaceae,,,,,86.97,74
ASV873, Tree,GENUS,Tracheophyta,Magnoliopsida,Apiales,Araliaceae,,,Hedera,,86.68,5
ASV966, Tree,GENUS,Tracheophyta,Magnoliopsida,Boraginales,Boraginaceae,,,Pulmonaria,,85.71,31
ASV972, Tree,SUBFAMILY,Tracheophyta,Magnoliopsida,Brassicales,Brassicaceae,Brassicoideae,,,,84.15,48
ASV977, Tree,GENUS,Tracheophyta,Magnoliopsida,Rosales,Ulmaceae,,,Ulmus,,82.13,50
ASV999, Tree,FAMILY,Tracheophyta,Magnoliopsida,Asterales,Asteraceae,,,,,80.49,81
ASV806, Tree,FAMILY,Tracheophyta,Magnoliopsida,Boraginales,Boraginaceae,,,,,72.74,53
ASV854, Tree,FAMILY,Tracheophyta,Magnoliopsida,Rosales,Ulmaceae,,,,,70.18,61
ASV792, Tree,,,,,,,,,,,0
ASV793, Tree,,,,,,,,,,,0
ASV81, Tree,,,,,,,,,,,0
ASV816, Tree,,,,,,,,,,,0
ASV817, Tree,,,,,,,,,,,0
ASV818, Tree,,,,,,,,,,,0
ASV84, Tree,,,,,,,,,,,0
ASV843, Tree,,,,,,,,,,,0
ASV844, Tree,,,,,,,,,,,0
ASV85, Tree,,,,,,,,,,,0
ASV855, Tree,,,,,,,,,,,0
ASV87, Tree,,,,,,,,,,,0
ASV90, Tree,,,,,,,,,,,0
ASV91, Tree,,,,,,,,,,,0
ASV925, Tree,,,,,,,,,,,0
ASV94, Tree,,,,,,,,,,,0
ASV95, Tree,,,,,,,,,,,0
ASV968, Tree,,,,,,,,,,,0
ASV97, Tree,,,,,,,,,,,0
ASV971, Tree,,,,,,,,,,,0
